  0	0	12478
  1	12478	10108
  2	22586	8949
  3	31535	5844
  4	37379	5396
  5	42775	3989
  6	46764	3712
  7	50476	3943
  8	54419	2213
  9	56632	251
  a	56883	33926
  b	90809	30263
  c	121072	55869
  d	176941	34461
  e	211402	19190
  f	230592	26164
  g	256756	36222
  h	292978	15781
  i	308759	46196
  j	354955	13955
  k	368910	21641
  l	390551	19325
  m	409876	39315
  n	449191	25324
  o	474515	22529
  p	497044	32099
  q	529143	3018
  r	532161	28846
  s	561007	74705
  t	635712	23023
  u	658735	36895
  v	695630	15733
  w	711363	9924
  x	721287	1064
  y	722351	5358
  z	727709	9613
 00	737322	214
 01	737536	1606
 02	739142	1523
 03	740665	1371
 04	742036	1012
 05	743048	1234
 06	744282	1842
 07	746124	1517
 08	747641	1075
 09	748716	1084
 1 	749800	284
 10	750084	1472
 11	751556	1186
 12	752742	1386
 13	754128	1047
 14	755175	1633
 15	756808	540
 16	757348	604
 17	757952	447
 18	758399	1112
 19	759511	397
 2 	759908	404
 20	760312	1072
 21	761384	2302
 22	763686	522
 23	764208	728
 24	764936	621
 25	765557	2199
 26	767756	435
 27	768191	281
 28	768472	249
 29	768721	136
 3 	768857	887
 30	769744	662
 31	770406	384
 32	770790	1033
 33	771823	260
 34	772083	1399
 35	773482	419
 36	773901	445
 37	774346	158
 38	774504	77
 39	774581	120
 4 	774701	764
 40	775465	585
 41	776050	469
 42	776519	659
 43	777178	641
 44	777819	141
 45	777960	932
 46	778892	470
 47	779362	255
 48	779617	403
 49	780020	77
 5 	780097	310
 50	780407	192
 51	780599	675
 52	781274	878
 53	782152	714
 54	782866	33
 55	782899	337
 56	783236	195
 57	783431	428
 58	783859	63
 59	783922	164
 6 	784086	760
 60	784846	106
 61	784952	163
 62	785115	695
 63	785810	474
 64	786284	423
 65	786707	607
 66	787314	53
 67	787367	215
 68	787582	190
 69	787772	26
 7 	787798	494
 70	788292	44
 71	788336	459
 72	788795	1086
 73	789881	98
 74	789979	157
 75	790136	379
 76	790515	81
 77	790596	495
 78	791091	616
 79	791707	34
 8 	791741	223
 80	791964	277
 81	792241	193
 82	792434	690
 83	793124	147
 84	793271	128
 85	793399	113
 86	793512	10
 87	793522	9
 88	793531	423
 9 	793954	165
 90	794119	17
 91	794136	11
 92	794147	10
 93	794157	11
 94	794168	12
 95	794180	10
 96	794190	14
 99	794204	1
 a 	794205	419
 aa	794624	158
 ab	794782	1648
 ac	796430	418
 ad	796848	1015
 ae	797863	108
 af	797971	1470
 ag	799441	1369
 ah	800810	546
 ai	801356	503
 aj	801859	32
 ak	801891	329
 al	802220	6844
 am	809064	1055
 an	810119	4823
 ao	814942	708
 ap	815650	419
 aq	816069	1965
 ar	818034	6756
 as	824790	899
 at	825689	3417
 au	829106	10542
 av	839648	782
 aw	840430	190
 ax	840620	21
 ay	840641	338
 az	840979	1631
 b 	842610	860
 ba	843470	11229
 bb	854699	356
 bc	855055	1115
 bd	856170	276
 be	856446	4156
 bf	860602	1073
 bg	861675	590
 bh	862265	369
 bi	862634	1808
 bj	864442	304
 bk	864746	127
 bl	864873	694
 bm	865567	46
 bn	865613	222
 bo	865835	2884
 bp	868719	1
 bq	868720	10
 br	868730	9323
 bs	878053	368
 bt	878421	853
 bu	879274	1815
 bv	881089	117
 bw	881206	1255
 by	882461	2358
 bz	884819	490
 c 	885309	360
 ca	885669	14860
 cb	900529	77
 cc	900606	2
 cd	900608	118
 ce	900726	2491
 cf	903217	52
 cg	903269	254
 ch	903523	22131
 ci	925654	5324
 cj	930978	176
 ck	931154	5
 cl	931159	2682
 cm	933841	1353
 cn	935194	16240
 co	951434	12117
 cp	963551	287
 cq	963838	957
 cr	964795	1567
 cs	966362	199
 ct	966561	1099
 cu	967660	677
 cv	968337	1187
 cw	969524	22
 cx	969546	1
 cy	969547	245
 cz	969792	2806
 d 	972598	6310
 da	978908	1679
 db	980587	265
 dc	980852	59
 dd	980911	1
 de	980912	21809
 df	1002721	33
 dg	1002754	1
 dh	1002755	86
 di	1002841	745
 dj	1003586	597
 dk	1004183	551
 dl	1004734	151
 dm	1004885	22
 dn	1004907	895
 do	1005802	2500
 dq	1008302	7
 dr	1008309	180
 ds	1008489	7
 dt	1008496	9
 du	1008505	1190
 dw	1009695	3
 dy	1009698	256
 dz	1009954	377
 e 	1010331	1010
 ea	1011341	645
 eb	1011986	23
 ec	1012009	700
 ed	1012709	85
 ee	1012794	222
 eg	1013016	261
 eh	1013277	54
 ek	1013331	20
 el	1013351	704
 em	1014055	881
 en	1014936	4787
 eo	1019723	2
 ep	1019725	49
 eq	1019774	40
 er	1019814	131
 es	1019945	9923
 et	1029868	362
 eu	1030230	12
 ev	1030242	15
 ew	1030257	4
 ex	1030261	368
 ey	1030629	12
 f 	1030641	229
 fa	1030870	566
 fc	1031436	7
 fd	1031443	7
 fe	1031450	5833
 fg	1037283	1
 fi	1037284	1055
 fj	1038339	844
 fk	1039183	14
 fl	1039197	923
 fm	1040120	111
 fo	1040231	273
 fp	1040504	2
 fr	1040506	16369
 fs	1056875	146
 fu	1057021	1002
 fy	1058023	19
 g 	1058042	453
 ga	1058495	2353
 gb	1060848	5949
 gd	1066797	2018
 ge	1068815	16662
 gf	1085477	21
 gg	1085498	13
 gh	1085511	311
 gi	1085822	973
 gj	1086795	649
 gk	1087444	9
 gl	1087453	198
 gm	1087651	180
 gn	1087831	163
 go	1087994	1358
 gp	1089352	114
 gq	1089466	28
 gr	1089494	6344
 gs	1095838	754
 gt	1096592	343
 gu	1096935	5427
 gw	1102362	78
 gx	1102440	151
 gy	1102591	175
 gz	1102766	312
 h 	1103078	363
 ha	1103441	4153
 hb	1107594	1110
 hd	1108704	1740
 he	1110444	2438
 hh	1112882	88
 hi	1112970	1483
 hj	1114453	23
 hk	1114476	353
 hl	1114829	893
 hm	1115722	31
 hn	1115753	1458
 ho	1117211	3118
 hp	1120329	92
 hr	1120421	1544
 hs	1121965	6
 ht	1121971	114
 hu	1122085	3792
 hv	1125877	1
 hw	1125878	26
 hy	1125904	54
 i 	1125958	441
 ia	1126399	820
 ib	1127219	230
 ic	1127449	107
 id	1127556	10494
 ie	1138050	566
 if	1138616	81
 ig	1138697	1878
 ih	1140575	3
 ij	1140578	1
 ik	1140579	1
 il	1140580	3420
 im	1144000	94
 in	1144094	17291
 io	1161385	553
 ip	1161938	112
 iq	1162050	173
 ir	1162223	3745
 is	1165968	4487
 it	1170455	11892
 iv	1182347	5296
 iw	1187643	35
 iz	1187678	148
 j 	1187826	248
 ja	1188074	8970
 jb	1197044	1736
 jd	1198780	4
 je	1198784	767
 jg	1199551	13
 jh	1199564	242
 ji	1199806	5460
 jk	1205266	157
 jl	1205423	254
 jm	1205677	157
 jn	1205834	45
 jo	1205879	463
 jp	1206342	2190
 jr	1208532	6
 js	1208538	868
 jt	1209406	1036
 ju	1210442	341
 jw	1210783	3
 jx	1210786	1191
 k 	1211977	221
 ka	1212198	3259
 kb	1215457	109
 kc	1215566	36
 kd	1215602	290
 ke	1215892	2321
 kf	1218213	16
 kg	1218229	202
 kh	1218431	1487
 ki	1219918	6718
 kk	1226636	57
 kl	1226693	620
 km	1227313	119
 kn	1227432	123
 ko	1227555	1629
 kp	1229184	205
 kr	1229389	5911
 ks	1235300	399
 kt	1235699	168
 ku	1235867	536
 kv	1236403	24
 kw	1236427	246
 ky	1236673	1031
 kz	1237704	492
 l 	1238196	383
 la	1238579	8598
 lb	1247177	202
 lc	1247379	575
 ld	1247954	17
 le	1247971	2765
 lg	1250736	338
 lh	1251074	18
 li	1251092	2031
 lj	1253123	12
 lk	1253135	124
 ll	1253259	1824
 lm	1255083	15
 ln	1255098	359
 lo	1255457	5063
 lp	1260520	114
 lr	1260634	48
 ls	1260682	77
 lt	1260759	182
 lu	1260941	2062
 lv	1263003	317
 lx	1263320	4
 ly	1263324	119
 m 	1263443	684
 ma	1264127	11568
 mb	1275695	130
 mc	1275825	113
 md	1275938	1254
 me	1277192	18971
 mf	1296163	10
 mg	1296173	1724
 mh	1297897	758
 mi	1298655	4962
 mj	1303617	5
 mk	1303622	303
 ml	1303925	212
 mm	1304137	758
 mn	1304895	1028
 mo	1305923	4538
 mp	1310461	726
 mq	1311187	30
 mr	1311217	99
 ms	1311316	581
 mt	1311897	480
 mu	1312377	865
 mv	1313242	576
 mw	1313818	108
 mx	1313926	16880
 my	1330806	1704
 mz	1332510	132
 n 	1332642	287
 na	1332929	5636
 nb	1338565	1109
 nc	1339674	912
 nd	1340586	141
 ne	1340727	8463
 nf	1349190	1
 ng	1349191	1133
 nh	1350324	472
 ni	1350796	3951
 nj	1354747	597
 nk	1355344	16
 nl	1355360	2377
 nm	1357737	572
 no	1358309	7934
 np	1366243	93
 nq	1366336	5
 nr	1366341	21
 ns	1366362	1808
 nt	1368170	1789
 nu	1369959	2025
 nv	1371984	138
 nw	1372122	713
 nx	1372835	114
 ny	1372949	1290
 nz	1374239	743
 o 	1374982	319
 oa	1375301	1250
 ob	1376551	8904
 oc	1385455	2358
 od	1387813	746
 oe	1388559	79
 of	1388638	5041
 og	1393679	116
 oh	1393795	880
 oi	1394675	29
 ok	1394704	724
 ol	1395428	508
 om	1395936	120
 on	1396056	688
 op	1396744	145
 or	1396889	666
 os	1397555	328
 ot	1397883	315
 ou	1398198	157
 ov	1398355	126
 ow	1398481	32
 oy	1398513	45
 p 	1398558	120
 p1	1398678	12
 p2	1398690	8
 p3	1398698	19
 p4	1398717	15
 p5	1398732	11
 p6	1398743	10
 p7	1398753	9
 pa	1398762	7756
 pb	1406518	814
 pc	1407332	23
 pd	1407355	1021
 pe	1408376	5189
 pf	1413565	2295
 pg	1415860	59
 ph	1415919	5088
 pi	1421007	2058
 pk	1423065	592
 pl	1423657	4409
 pm	1428066	14
 pn	1428080	127
 po	1428207	6510
 pr	1434717	5327
 ps	1440044	512
 pt	1440556	1114
 pu	1441670	2658
 pv	1444328	310
 pw	1444638	35
 py	1444673	231
 q 	1444904	38
 qa	1444942	311
 qb	1445253	3
 qc	1445256	549
 qe	1445805	6
 qh	1445811	279
 qi	1446090	291
 ql	1446381	1055
 qo	1447436	65
 qq	1447501	20
 qr	1447521	25
 qt	1447546	3
 qu	1447549	2293
 qy	1449842	13
 r 	1449855	91
 ra	1449946	879
 rb	1450825	25
 rc	1450850	1
 rd	1450851	59
 re	1450910	8536
 rf	1459446	3
 rg	1459449	14
 rh	1459463	4425
 ri	1463888	2146
 rj	1466034	451
 rk	1466485	8
 rl	1466493	4
 rm	1466497	50
 rn	1466547	198
 ro	1466745	8453
 rp	1475198	2250
 rr	1477448	36
 rs	1477484	1008
 rt	1478492	1
 ru	1478493	5364
 rv	1483857	4
 rw	1483861	51
 ry	1483912	53
 s 	1483965	534
 sa	1484499	9353
 sb	1493852	263
 sc	1494115	2980
 sd	1497095	834
 se	1497929	2923
 sf	1500852	34
 sg	1500886	267
 sh	1501153	16913
 si	1518066	3069
 sj	1521135	318
 sk	1521453	1599
 sl	1523052	2742
 sm	1525794	733
 sn	1526527	1371
 so	1527898	4853
 sp	1532751	8378
 sr	1541129	809
 ss	1541938	101
 st	1542039	25077
 su	1567116	2158
 sv	1569274	2556
 sw	1571830	3412
 sx	1575242	312
 sy	1575554	497
 sz	1576051	215
 t 	1576266	118
 ta	1576384	3265
 tb	1579649	29
 tc	1579678	202
 td	1579880	74
 te	1579954	5680
 tf	1585634	1
 tg	1585635	89
 th	1585724	2748
 ti	1588472	5042
 tj	1593514	337
 tk	1593851	194
 tl	1594045	361
 tm	1594406	330
 tn	1594736	1728
 to	1596464	1621
 tr	1598085	5265
 ts	1603350	246
 tt	1603596	34
 tu	1603630	4848
 tv	1608478	135
 tw	1608613	89
 tx	1608702	1287
 ty	1609989	69
 tz	1610058	324
 u 	1610382	131
 ua	1610513	5588
 ub	1616101	31
 uc	1616132	25
 ud	1616157	59
 ue	1616216	11
 ug	1616227	212
 ui	1616439	50
 uj	1616489	2
 uk	1616491	5643
 ul	1622134	55
 um	1622189	220
 un	1622409	28231
 up	1650640	627
 uq	1651267	6
 ur	1651273	171
 us	1651444	21978
 ut	1673422	1129
 uu	1674551	271
 uv	1674822	33
 uw	1674855	3
 uy	1674858	578
 uz	1675436	221
 v 	1675657	37
 va	1675694	4609
 vb	1680303	552
 vc	1680855	524
 vd	1681379	171
 ve	1681550	4401
 vf	1685951	1
 vg	1685952	59
 vi	1686011	4100
 vk	1690111	2
 vl	1690113	1382
 vn	1691495	1090
 vo	1692585	1627
 vr	1694212	201
 vs	1694413	323
 vt	1694736	118
 vu	1694854	63
 vy	1694917	153
 w 	1695070	259
 wa	1695329	4535
 wb	1699864	188
 wc	1700052	148
 wd	1700200	11
 we	1700211	3067
 wf	1703278	11
 wg	1703289	109
 wh	1703398	63
 wi	1703461	972
 wk	1704433	51
 wl	1704484	465
 wn	1704949	2
 wo	1704951	458
 wp	1705409	15
 wr	1705424	412
 ws	1705836	80
 wt	1705916	13
 wu	1705929	1114
 wv	1707043	247
 ww	1707290	27
 wx	1707317	19
 wy	1707336	80
 x 	1707416	256
 xa	1707672	20
 xb	1707692	1
 xc	1707693	2
 xe	1707695	7
 xg	1707702	1
 xi	1707703	687
 xj	1708390	422
 xk	1708812	77
 xo	1708889	15
 xs	1708904	3
 xv	1708907	1
 xz	1708908	258
 y 	1709166	2103
 ya	1711269	754
 ye	1712023	354
 yi	1712377	4
 ym	1712381	56
 yn	1712437	388
 yo	1712825	1375
 ys	1714200	18
 yt	1714218	74
 yu	1714292	701
 z 	1714993	335
 za	1715328	3688
 ze	1719016	969
 zg	1719985	16
 zh	1720001	2065
 zi	1722066	1466
 zj	1723532	1009
 zl	1724541	217
 zm	1724758	98
 zo	1724856	75
 zr	1724931	2
 zu	1724933	1974
 zw	1726907	69
 zz	1726976	422
00 	1727398	176
001	1727574	4
002	1727578	15
003	1727593	5
004	1727598	3
005	1727601	1
006	1727602	1
007	1727603	2
008	1727605	7
009	1727612	5
01 	1727617	1616
010	1729233	4
011	1729237	9
012	1729246	2
013	1729248	4
014	1729252	1
015	1729253	7
016	1729260	5
017	1729265	3
018	1729268	1
019	1729269	2
02 	1729271	1528
020	1730799	1
021	1730800	2
022	1730802	10
023	1730812	14
024	1730826	1
025	1730827	4
026	1730831	9
027	1730840	1
028	1730841	3
029	1730844	2
03 	1730846	1348
030	1732194	3
031	1732197	1
032	1732198	7
033	1732205	2
034	1732207	2
035	1732209	5
036	1732214	4
037	1732218	4
038	1732222	3
039	1732225	23
04 	1732248	907
040	1733155	4
041	1733159	31
042	1733190	6
043	1733196	22
044	1733218	2
045	1733220	4
046	1733224	20
047	1733244	30
048	1733274	4
049	1733278	18
05 	1733296	1095
050	1734391	24
051	1734415	14
052	1734429	14
053	1734443	20
054	1734463	9
055	1734472	24
056	1734496	2
057	1734498	25
058	1734523	6
059	1734529	28
06 	1734557	1749
060	1736306	1
061	1736307	20
062	1736327	4
063	1736331	16
064	1736347	8
065	1736355	22
066	1736377	1
067	1736378	22
068	1736400	4
069	1736404	20
07 	1736424	1476
070	1737900	11
071	1737911	21
072	1737932	3
073	1737935	24
074	1737959	1
075	1737960	2
076	1737962	2
077	1737964	3
078	1737967	3
079	1737970	1
08 	1737971	1065
080	1739036	10
081	1739046	2
082	1739048	6
083	1739054	1
084	1739055	11
085	1739066	4
086	1739070	1
087	1739071	4
088	1739075	3
089	1739078	3
09 	1739081	1077
090	1740158	7
091	1740165	4
092	1740169	1
093	1740170	1
094	1740171	6
095	1740177	1
096	1740178	7
097	1740185	8
098	1740193	3
099	1740196	8
0r 	1740204	84
10 	1740288	1439
100	1741727	2
101	1741729	9
102	1741738	10
103	1741748	5
104	1741753	6
105	1741759	5
106	1741764	5
107	1741769	3
108	1741772	6
109	1741778	5
11 	1741783	1147
110	1742930	3
111	1742933	7
112	1742940	16
113	1742956	19
114	1742975	6
115	1742981	3
116	1742984	1
117	1742985	7
118	1742992	4
119	1742996	1
12 	1742997	1392
120	1744389	2
121	1744391	1
122	1744392	7
123	1744399	5
124	1744404	1
125	1744405	1
126	1744406	6
127	1744412	1
128	1744413	3
129	1744416	1
13 	1744417	1055
130	1745472	1
131	1745473	7
132	1745480	4
133	1745484	3
134	1745487	1
135	1745488	4
136	1745492	2
137	1745494	1
138	1745495	1
139	1745496	1
14 	1745497	1624
140	1747121	6
141	1747127	1
142	1747128	3
143	1747131	1
144	1747132	1
146	1747133	2
147	1747135	1
148	1747136	1
149	1747137	1
15 	1747138	522
150	1747660	14
151	1747674	3
152	1747677	1
153	1747678	1
154	1747679	1
155	1747680	1
156	1747681	1
157	1747682	1
158	1747683	1
159	1747684	5
16 	1747689	586
160	1748275	8
161	1748283	1
162	1748284	2
163	1748286	1
164	1748287	3
165	1748290	1
166	1748291	2
167	1748293	1
168	1748294	3
169	1748297	3
17 	1748300	442
170	1748742	1
171	1748743	1
172	1748744	1
173	1748745	4
174	1748749	3
175	1748752	2
176	1748754	1
177	1748755	1
178	1748756	2
179	1748758	1
18 	1748759	1105
180	1749864	1
181	1749865	2
182	1749867	1
183	1749868	3
184	1749871	1
185	1749872	1
186	1749873	1
187	1749874	1
188	1749875	1
189	1749876	1
19 	1749877	370
190	1750247	15
191	1750262	1
192	1750263	6
193	1750269	1
194	1750270	1
195	1750271	2
196	1750273	1
197	1750274	1
198	1750275	1
199	1750276	1
20 	1750277	955
200	1751232	3
201	1751235	7
202	1751242	6
203	1751248	2
204	1751250	2
205	1751252	2
206	1751254	4
207	1751258	3
208	1751261	4
209	1751265	3
20r	1751268	84
21 	1751352	2291
210	1753643	4
211	1753647	4
212	1753651	3
213	1753654	1
214	1753655	1
218	1753656	1
22 	1753657	535
222	1754192	1
224	1754193	1
226	1754194	1
227	1754195	1
228	1754196	1
23 	1754197	747
24 	1754944	624
25 	1755568	2204
26 	1757772	451
27 	1758223	284
28 	1758507	256
29 	1758763	139
30 	1758902	649
301	1759551	1
303	1759552	1
304	1759553	2
307	1759555	11
308	1759566	2
31 	1759568	378
310	1759946	2
311	1759948	3
312	1759951	8
313	1759959	1
32 	1759960	1044
33 	1761004	265
34 	1761269	1402
35 	1762671	427
350	1763098	1
36 	1763099	451
37 	1763550	162
370	1763712	1
38 	1763713	81
39 	1763794	144
40 	1763938	573
401	1764511	2
402	1764513	4
403	1764517	2
404	1764519	1
405	1764520	2
406	1764522	1
407	1764523	1
408	1764524	5
409	1764529	4
41 	1764533	496
410	1765029	5
42 	1765034	668
43 	1765702	664
44 	1766366	144
45 	1766510	936
46 	1767446	492
47 	1767938	286
48 	1768224	408
49 	1768632	96
50 	1768728	153
501	1768881	20
502	1768901	11
503	1768912	6
504	1768918	6
505	1768924	4
506	1768928	9
507	1768937	4
508	1768941	7
509	1768948	11
51 	1768959	692
52 	1769651	893
53 	1770544	735
54 	1771279	43
55 	1771322	362
56 	1771684	198
57 	1771882	454
58 	1772336	70
59 	1772406	197
60 	1772603	67
601	1772670	3
602	1772673	4
603	1772677	4
604	1772681	8
605	1772689	11
606	1772700	2
607	1772702	2
608	1772704	4
609	1772708	10
61 	1772718	184
62 	1772902	701
63 	1773603	491
64 	1774094	434
65 	1774528	630
66 	1775158	56
67 	1775214	238
68 	1775452	197
69 	1775649	49
70 	1775698	42
701	1775740	1
702	1775741	1
703	1775742	4
704	1775746	7
705	1775753	1
706	1775754	1
71 	1775755	481
72 	1776236	1090
73 	1777326	126
74 	1777452	161
75 	1777613	383
76 	1777996	84
77 	1778080	499
78 	1778579	621
79 	1779200	36
80 	1779236	275
801	1779511	1
802	1779512	1
803	1779513	2
804	1779515	1
805	1779516	1
806	1779517	2
807	1779519	4
809	1779523	1
81 	1779524	170
810	1779694	5
811	1779699	5
812	1779704	5
813	1779709	8
815	1779717	1
816	1779718	1
817	1779719	2
82 	1779721	697
83 	1780418	151
84 	1780569	140
85 	1780709	118
86 	1780827	12
87 	1780839	14
88 	1780853	427
89 	1781280	4
90 	1781284	39
91 	1781323	16
92 	1781339	17
93 	1781356	13
94 	1781369	19
95 	1781388	13
96 	1781401	22
97 	1781423	9
98 	1781432	4
99 	1781436	10
aa 	1781446	842
aad	1782288	2
aag	1782290	16
aak	1782306	26
aal	1782332	19
aam	1782351	1056
aan	1783407	640
aar	1784047	218
aat	1784265	46
aay	1784311	11
aaz	1784322	8
ab 	1784330	2613
aba	1786943	2269
abb	1789212	6
abe	1789218	179
abh	1789397	3
abi	1789400	498
abj	1789898	1
abk	1789899	66
abl	1789965	89
abo	1790054	448
abp	1790502	5
abr	1790507	1272
abs	1791779	13
abu	1791792	224
abw	1792016	104
aby	1792120	38
abz	1792158	26
ac 	1792184	1518
aca	1793702	3079
acc	1796781	23
ace	1796804	457
ach	1797261	3366
aci	1800627	2024
ack	1802651	647
acl	1803298	2
acm	1803300	4
acn	1803304	34
aco	1803338	241
acq	1803579	20
acr	1803599	1826
acs	1805425	644
act	1806069	101
acu	1806170	157
acv	1806327	62
ad 	1806389	1960
ada	1808349	4339
add	1812688	8
ade	1812696	3001
adg	1815697	9
adh	1815706	532
adi	1816238	741
adj	1816979	11
adl	1816990	3
adm	1816993	102
ado	1817095	1300
adr	1818395	420
ads	1818815	534
adt	1819349	3
adu	1819352	1479
adv	1820831	7
adw	1820838	9
ady	1820847	42
adz	1820889	1
ae 	1820890	133
aeb	1821023	4
aef	1821027	2
aeg	1821029	3
aej	1821032	5
ael	1821037	876
aen	1821913	56
aeo	1821969	9
aer	1821978	19
aes	1821997	1
aet	1821998	1
aev	1821999	12
aey	1822011	1
af 	1822012	1388
afa	1823400	40
afe	1823440	3
aff	1823443	26
afg	1823469	320
afi	1823789	99
afj	1823888	4
afn	1823892	1
afo	1823893	30
afr	1823923	1070
afs	1824993	8
aft	1825001	54
afu	1825055	7
afy	1825062	96
ag 	1825158	687
aga	1825845	1172
agc	1827017	3
agd	1827020	82
age	1827102	183
agg	1827285	4
agh	1827289	83
agi	1827372	45
agm	1827417	23
agn	1827440	2450
ago	1829890	1946
agr	1831836	213
ags	1832049	9
agu	1832058	1052
agw	1833110	10
agy	1833120	45
ah 	1833165	2666
aha	1835831	1331
ahd	1837162	18
ahe	1837180	16
ahi	1837196	631
ahl	1837827	20
ahm	1837847	49
aho	1837896	1309
ahr	1839205	81
ahu	1839286	419
ahw	1839705	8
ahy	1839713	17
ai 	1839730	930
aia	1840660	65
aib	1840725	229
aic	1840954	190
aid	1841144	186
aie	1841330	5
aif	1841335	3
aig	1841338	176
aii	1841514	254
aij	1841768	261
aik	1842029	59
ail	1842088	1184
aim	1843272	19
ain	1843291	15867
aio	1859158	171
aip	1859329	33
air	1859362	312
ais	1859674	1334
ait	1861008	247
aiv	1861255	306
aiw	1861561	91
aiy	1861652	16
aiz	1861668	6
aj 	1861674	3872
aja	1865546	1062
ajd	1866608	55
aje	1866663	7
aji	1866670	139
ajj	1866809	23
ajl	1866832	8
ajm	1866840	7
ajn	1866847	1
ajo	1866848	1
ajr	1866849	7
ajs	1866856	18
aju	1866874	1080
ak 	1867954	1284
aka	1869238	1210
akc	1870448	4
ake	1870452	766
akh	1871218	1047
aki	1872265	1949
akk	1874214	95
akl	1874309	7
akm	1874316	4
akn	1874320	12
ako	1874332	333
akr	1874665	9
aks	1874674	67
akt	1874741	25
aku	1874766	60
akw	1874826	34
aky	1874860	4
al 	1874864	9153
ala	1884017	6044
alb	1890061	1227
alc	1891288	260
ald	1891548	149
ale	1891697	4016
alf	1895713	17
alg	1895730	1205
alh	1896935	12
ali	1896947	9025
alj	1905972	2
alk	1905974	145
all	1906119	2397
alm	1908516	214
alo	1908730	1363
alp	1910093	2890
alq	1912983	31
als	1913014	9
alt	1913023	1651
alu	1914674	1697
alv	1916371	124
alw	1916495	26
alx	1916521	4
aly	1916525	12122
alz	1928647	2502
am 	1931149	3258
ama	1934407	3945
amb	1938352	1697
amc	1940049	20
amd	1940069	5
ame	1940074	274
amf	1940348	18
ami	1940366	3926
amk	1944292	52
amm	1944344	200
amn	1944544	15
amo	1944559	292
amp	1944851	2365
amr	1947216	24
ams	1947240	1115
amt	1948355	309
amu	1948664	251
amx	1948915	8
amy	1948923	7
an 	1948930	29111
ana	1978041	10154
anb	1988195	155
anc	1988350	16898
and	2005248	31247
ane	2036495	1033
ang	2037528	9572
anh	2047100	1449
ani	2048549	13953
anj	2062502	484
ank	2062986	756
anl	2063742	177
anm	2063919	1042
ann	2064961	83
ano	2065044	430
anp	2065474	12
anq	2065486	1
anr	2065487	1
ans	2065488	2362
ant	2067850	3427
anu	2071277	372
anx	2071649	916
any	2072565	11984
anz	2084549	878
ao 	2085427	2680
aof	2088107	1
aog	2088108	16
aoh	2088124	17
aoi	2088141	13
aol	2088154	13
aom	2088167	45
aon	2088212	329
aor	2088541	7
aos	2088548	99
aot	2088647	8
aou	2088655	21
aoy	2088676	5
ap 	2088681	384
apa	2089065	3740
apc	2092805	4
ape	2092809	492
aph	2093301	29
api	2093330	254
apl	2093584	11
apo	2093595	333
app	2093928	44
apu	2093972	393
aq 	2094365	2131
aqa	2096496	59
aqm	2096555	32
aqq	2096587	11
aqs	2096598	65
aqt	2096663	16
aqu	2096679	1919
ar 	2098598	5642
ara	2104240	13370
arb	2117610	638
arc	2118248	757
ard	2119005	3036
are	2122041	727
arf	2122768	36
arg	2122804	1961
arh	2124765	237
ari	2125002	2826
arj	2127828	134
ark	2127962	2148
arl	2130110	321
arm	2130431	794
arn	2131225	786
aro	2132011	1772
arp	2133783	781
arq	2134564	290
arr	2134854	311
ars	2135165	1332
art	2136497	465
aru	2136962	468
arv	2137430	10
arw	2137440	29
arx	2137469	1
ary	2137470	2153
arz	2139623	430
as 	2140053	8965
asa	2149018	576
asc	2149594	1297
ase	2150891	76
asg	2150967	2
ash	2150969	2084
asi	2153053	713
ask	2153766	1546
asl	2155312	197
asm	2155509	221
asn	2155730	432
aso	2156162	254
asp	2156416	1
asq	2156417	4
asr	2156421	13
ass	2156434	1614
ast	2158048	12488
asu	2170536	3
asv	2170539	5
asw	2170544	7
asy	2170551	53
asz	2170604	45
at 	2170649	6527
ata	2177176	2775
atc	2179951	254
ate	2180205	23979
atf	2204184	1
atg	2204185	41
ath	2204226	130
ati	2204356	7616
atk	2211972	35
atl	2212007	117
atm	2212124	160
atn	2212284	14
ato	2212298	1597
atp	2213895	1
atr	2213896	30
ats	2213926	555
att	2214481	424
atu	2214905	217
atv	2215122	147
aty	2215269	78
au 	2215347	6172
aua	2221519	41
aub	2221560	79
auc	2221639	322
aud	2221961	452
aue	2222413	6
aug	2222419	11
aui	2222430	225
auj	2222655	121
auk	2222776	155
aul	2222931	988
aun	2223919	23
aup	2223942	5
aur	2223947	224
aus	2224171	8007
aut	2232178	5031
auv	2237209	2123
aux	2239332	26
auz	2239358	5
av 	2239363	100
ava	2239463	1479
avc	2240942	2
ave	2240944	2010
avh	2242954	22
avi	2242976	303
avl	2243279	66
avn	2243345	75
avo	2243420	84
avp	2243504	1
avr	2243505	124
avs	2243629	1495
avt	2245124	602
avu	2245726	62
avy	2245788	4
avz	2245792	3
aw 	2245795	23
awa	2245818	5957
awd	2251775	6
awe	2251781	190
awf	2251971	17
awh	2251988	22
awi	2252010	46
awk	2252056	20
awn	2252076	8
awr	2252084	17
aws	2252101	331
awt	2252432	34
aww	2252466	7
ax 	2252473	1310
axa	2253783	1251
axc	2255034	243
axe	2255277	1
axi	2255278	22
axl	2255300	1
axx	2255301	2
ay 	2255303	2617
aya	2257920	5443
ayb	2263363	4
ayd	2263367	226
aye	2263593	2180
ayf	2265773	76
ayi	2265849	28
ayj	2265877	310
ayk	2266187	156
aym	2266343	83
ayn	2266426	3
ayo	2266429	188
ayr	2266617	46
ays	2266663	1936
ayt	2268599	6
ayu	2268605	16
ayw	2268621	2
ayy	2268623	71
az 	2268694	1032
aza	2269726	1296
azd	2271022	108
aze	2271130	249
azg	2271379	10
azi	2271389	6824
azk	2278213	1
azl	2278214	1
azm	2278215	12
azn	2278227	19
azo	2278246	611
azu	2278857	991
azv	2279848	53
azz	2279901	2
ba 	2279903	3062
baa	2282965	34
bab	2282999	106
bac	2283105	553
bad	2283658	1206
bae	2284864	18
baf	2284882	4
bag	2284886	83
bah	2284969	546
bai	2285515	251
baj	2285766	233
bak	2285999	312
bal	2286311	1029
bam	2287340	461
ban	2287801	2648
bao	2290449	7
bap	2290456	23
baq	2290479	6
bar	2290485	5371
bas	2295856	1155
bat	2297011	247
bau	2297258	164
bay	2297422	2715
baz	2300137	5
bb 	2300142	374
bba	2300516	11
bbe	2300527	4
bbi	2300531	34
bbu	2300565	3
bc 	2300568	903
bcn	2301471	160
bcs	2301631	52
bd 	2301683	215
bdg	2301898	7
bdi	2301905	33
bds	2301938	21
be 	2301959	2867
bea	2304826	2
bec	2304828	551
bee	2305379	13
bei	2305392	1556
bej	2306948	53
bek	2307001	264
bel	2307265	3085
ben	2310350	516
beo	2310866	52
beq	2310918	16
ber	2310934	3349
bes	2314283	56
bet	2314339	29
beu	2314368	25
bey	2314393	25
bez	2314418	15
bf 	2314433	118
bfa	2314551	118
bfc	2314669	955
bg 	2315624	341
bgd	2315965	165
bgf	2316130	1
bgl	2316131	11
bgo	2316142	38
bgr	2316180	333
bgu	2316513	34
bh 	2316547	340
bha	2316887	3
bhr	2316890	12
bhs	2316902	28
bhu	2316930	35
bi 	2316965	529
bia	2317494	2827
bib	2320321	17
bic	2320338	570
bid	2320908	80
bie	2320988	71
bih	2321059	853
bij	2321912	4
bik	2321916	1
bil	2321917	182
bim	2322099	1
bin	2322100	181
bio	2322281	56
biq	2322337	99
bir	2322436	73
bis	2322509	221
bit	2322730	68
biu	2322798	110
biy	2322908	22
biz	2322930	15
bj 	2322945	262
bja	2323207	1
bje	2323208	43
bk 	2323251	126
bkh	2323377	66
bko	2323443	3
bl 	2323446	165
bla	2323611	9683
ble	2333294	53
bli	2333347	6573
blj	2339920	10
blm	2339930	1
blo	2339931	2
blr	2339933	314
blu	2340247	35
bly	2340282	342
blz	2340624	138
bm 	2340762	46
bmu	2340808	12
bn 	2340820	280
bna	2341100	10
bni	2341110	3
bnj	2341113	1
bno	2341114	1
bns	2341115	9
bo 	2341124	611
boa	2341735	317
bob	2342052	17
boc	2342069	31
bod	2342100	342
boe	2342442	7
bog	2342449	10
boh	2342459	2
boi	2342461	2
bok	2342463	27
bol	2342490	806
bom	2343296	49
bon	2343345	144
bop	2343489	34
boq	2343523	7
bor	2343530	416
bos	2343946	317
bot	2344263	465
bou	2344728	1728
bov	2346456	297
bow	2346753	25
boy	2346778	132
bp 	2346910	1
bpi	2346911	5
bq 	2346916	10
br 	2346926	12214
bra	2359140	7464
brb	2366604	16
brc	2366620	4
brd	2366624	1
bre	2366625	1037
bri	2367662	1464
brn	2369126	64
bro	2369190	166
bru	2369356	757
brv	2370113	4
bry	2370117	73
bs 	2370190	416
bse	2370606	13
bsk	2370619	40
bt 	2370659	837
bth	2371496	16
btn	2371512	35
bu 	2371547	269
bua	2371816	8
bub	2371824	3
buc	2371827	219
bud	2372046	176
bue	2372222	221
bug	2372443	62
buh	2372505	19
buj	2372524	13
buk	2372537	96
bul	2372633	518
bum	2373151	2
bun	2373153	100
bur	2373253	2379
bus	2375632	251
but	2375883	33
bux	2375916	17
buz	2375933	229
bv 	2376162	117
bw 	2376279	1269
bwa	2377548	167
bwe	2377715	69
by 	2377784	2496
bya	2380280	132
bye	2380412	37
byg	2380449	25
byl	2380474	18
bys	2380492	70
bz 	2380562	488
bzo	2381050	26
bzv	2381076	2
ca 	2381078	8288
caa	2389366	21
cab	2389387	262
cac	2389649	7
cad	2389656	5
cae	2389661	42
caf	2389703	51
cag	2389754	237
cah	2389991	7
cai	2389998	34
caj	2390032	150
cal	2390182	3090
cam	2393272	2383
can	2395655	5842
cao	2401497	44
cap	2401541	564
caq	2402105	16
car	2402121	1600
cas	2403721	3556
cat	2407277	1969
cau	2409246	375
cav	2409621	128
cay	2409749	136
cb 	2409885	77
cc 	2409962	1417
cca	2411379	4
cci	2411383	1420
cck	2412803	1
cco	2412804	480
ccr	2413284	19
ccs	2413303	161
cd 	2413464	193
ce 	2413657	18185
cea	2431842	939
ced	2432781	302
ceg	2433083	191
ceh	2433274	149
cei	2433423	50
cel	2433473	90
cem	2433563	1
cen	2433564	2218
cep	2435782	7
cer	2435789	15
ces	2435804	695
cet	2436499	3
ceu	2436502	3
cev	2436505	36
cf 	2436541	52
cg 	2436593	254
ch 	2436847	3502
cha	2440349	1703
che	2442052	4610
chh	2446662	419
chi	2447081	22350
chk	2469431	4
chl	2469435	1437
chn	2470872	16055
cho	2486927	2341
chp	2489268	1423
chr	2490691	4
chs	2490695	2370
cht	2493065	122
chu	2493187	978
chw	2494165	33
ci 	2494198	5197
cia	2499395	1779
cib	2501174	7
cic	2501181	1
cid	2501182	9
cie	2501191	59
cij	2501250	186
cik	2501436	20
cil	2501456	557
cim	2502013	3
cin	2502016	268
cio	2502284	1824
cip	2504108	150
ciq	2504258	2
cir	2504260	1
cis	2504261	58
cit	2504319	1501
ciu	2505820	56
civ	2505876	5154
cj 	2511030	176
cja	2511206	1
ck 	2511207	348
cka	2511555	293
cke	2511848	5
ckh	2511853	115
cki	2511968	767
ckl	2512735	715
cko	2513450	272
cky	2513722	1353
cl 	2515075	2512
cla	2517587	56
cle	2517643	106
cli	2517749	2
clu	2517751	176
cm 	2517927	1308
cma	2519235	4
cmr	2519239	145
cmx	2519384	45
cn 	2519429	16348
cna	2535777	38
cni	2535815	2
cnn	2535817	19
cno	2535836	34
co 	2535870	20249
coa	2556119	216
cob	2556335	9
coc	2556344	109
cod	2556453	118
cog	2556571	60
coi	2556631	45
coj	2556676	9
cok	2556685	2
col	2556687	2630
com	2559317	2441
con	2561758	1156
coo	2562914	2
cop	2562916	53
coq	2562969	15
cor	2562984	728
cos	2563712	542
cot	2564254	6817
cou	2571071	48
cov	2571119	86
cp 	2571205	55
cpk	2571260	1
cpm	2571261	3
cpv	2571264	228
cq 	2571492	976
cqu	2572468	1
cr 	2572469	240
cra	2572709	381
cre	2573090	92
cri	2573182	155
crn	2573337	4
cro	2573341	1300
cru	2574641	1884
cs 	2576525	992
csa	2577517	41
csk	2577558	161
cso	2577719	41
ct 	2577760	2164
cti	2579924	210
cto	2580134	853
ctt	2580987	6
cu 	2580993	802
cua	2581795	636
cub	2582431	224
cuc	2582655	134
cui	2582789	13
cul	2582802	1
cum	2582803	34
cun	2582837	148
cur	2582985	33
cus	2583018	192
cut	2583210	198
cuv	2583408	12
cuw	2583420	14
cuy	2583434	15
cv 	2583449	310
cva	2583759	62
cvl	2583821	877
cw 	2584698	22
cx 	2584720	1
cxr	2584721	1
cy 	2584722	169
cyi	2584891	2
cym	2584893	72
cyp	2584965	132
cyq	2585097	4
cz 	2585101	2779
cze	2587880	2779
czl	2590659	27
da 	2590686	5904
daa	2596590	14
dab	2596604	80
dad	2596684	1143
dae	2597827	8
dag	2597835	336
dah	2598171	321
dai	2598492	11
daj	2598503	5
dak	2598508	427
dal	2598935	1912
dam	2600847	907
dan	2601754	1096
dap	2602850	143
daq	2602993	20
dar	2603013	823
das	2603836	93
dau	2603929	4
dav	2603933	328
daw	2604261	23
day	2604284	64
daz	2604348	2
db 	2604350	265
dc 	2604615	59
dce	2604674	1
dd 	2604675	14
dda	2604689	128
dde	2604817	1
ddi	2604818	1
ddu	2604819	2
ddv	2604821	1
de 	2604822	21483
dea	2626305	11
deb	2626316	10
dec	2626326	172
ded	2626498	2
def	2626500	8
deg	2626508	438
deh	2626946	1
dei	2626947	49
del	2626996	425
dem	2627421	393
den	2627814	3665
deo	2631479	4
dep	2631483	8
der	2631491	8101
des	2639592	2115
det	2641707	67
deu	2641774	11921
dev	2653695	2
dey	2653697	7
dez	2653704	9
df 	2653713	2609
dg 	2656322	159
dgh	2656481	7
dgo	2656488	26
dgv	2656514	1
dh 	2656515	182
dha	2656697	56
dhe	2656753	22
dhi	2656775	43
dhr	2656818	262
dhu	2657080	12
dhy	2657092	483
di 	2657575	313
dia	2657888	10057
dib	2667945	34
dic	2667979	1
did	2667980	5
die	2667985	1160
dif	2669145	6
dig	2669151	487
dij	2669638	34
dik	2669672	7
dil	2669679	139
dim	2669818	189
din	2670007	1032
dio	2671039	43
dir	2671082	106
dis	2671188	614
dit	2671802	10
diu	2671812	16
div	2671828	54
diy	2671882	284
dj 	2672166	258
dja	2672424	50
dje	2672474	16
dji	2672490	370
djo	2672860	5
dju	2672865	11
djy	2672876	71
dk 	2672947	551
dka	2673498	328
dku	2673826	9
dl 	2673835	1151
dla	2674986	341
dle	2675327	1
dli	2675328	29
dlj	2675357	2
dlo	2675359	161
dm 	2675520	20
dma	2675540	21
dmi	2675561	102
dmn	2675663	2
dmu	2675665	35
dn 	2675700	9632
dni	2685332	323
dnk	2685655	511
do 	2686166	2018
doa	2688184	129
dob	2688313	233
doc	2688546	480
dod	2689026	8
dof	2689034	17
doj	2689051	1
dol	2689052	562
dom	2689614	6202
don	2695816	12946
dor	2708762	910
dos	2709672	92
dot	2709764	1
dou	2709765	19
dov	2709784	160
dow	2709944	18
doy	2709962	8
doz	2709970	48
dq 	2710018	7
dr 	2710025	127
dra	2710152	966
dre	2711118	155
drh	2711273	578
dri	2711851	348
dro	2712199	35
dru	2712234	7
ds 	2712241	3097
dsb	2715338	14
dsc	2715352	53
dsk	2715405	706
dst	2716111	95
dt 	2716206	12
dtj	2716218	114
du 	2716332	1838
dua	2718170	10
dub	2718180	315
duc	2718495	10
dud	2718505	3
due	2718508	1
dug	2718509	5
dul	2718514	11
dum	2718525	9
dun	2718534	64
dup	2718598	5
dur	2718603	1266
dus	2719869	6
dut	2719875	7
duu	2719882	7
duz	2719889	76
dv 	2719965	34
dva	2719999	2
dve	2720001	1
dvi	2720002	7
dvo	2720009	9
dw 	2720018	3
dwa	2720021	40
dwe	2720061	9
dwi	2720070	1
dy 	2720071	70
dyg	2720141	24
dys	2720165	2
dyt	2720167	242
dz 	2720409	361
dza	2720770	381
dzh	2721151	20
dzi	2721171	46
dzk	2721217	190
dzo	2721407	10
dzu	2721417	1
ea 	2721418	1377
eab	2722795	19
eae	2722814	14
eag	2722828	4
eah	2722832	17
eal	2722849	753
eam	2723602	208
ean	2723810	23
ear	2723833	312
eas	2724145	647
eat	2724792	164
eau	2724956	62
eav	2725018	259
eay	2725277	12
eb 	2725289	69
eba	2725358	216
ebb	2725574	37
ebe	2725611	856
ebi	2726467	6
ebl	2726473	1282
ebn	2727755	1
ebo	2727756	69
ebr	2727825	281
ebs	2728106	40
ec 	2728146	1283
eca	2729429	410
ece	2729839	1988
ech	2731827	3206
eci	2735033	26
eck	2735059	1494
ect	2736553	198
ecu	2736751	542
ed 	2737293	28259
eda	2765552	127
edd	2765679	1
ede	2765680	8880
edh	2774560	9
edi	2774569	246
edo	2774815	1670
edr	2776485	25
eds	2776510	95
edv	2776605	8
edw	2776613	31
edz	2776644	1
ee 	2776645	1234
eec	2777879	1986
eed	2779865	6
eek	2779871	19
eel	2779890	87
eem	2779977	6
een	2779983	1073
eep	2781056	11
eer	2781067	4
eew	2781071	9
ef 	2781080	32
efa	2781112	16
efe	2781128	2
efk	2781130	37
efl	2781167	8
eft	2781175	4
eg 	2781179	363
ega	2781542	303
ege	2781845	31
egh	2781876	23
egi	2781899	1864
egn	2783763	423
ego	2784186	753
egr	2784939	161
egu	2785100	54
egy	2785154	260
eh 	2785414	229
eha	2785643	3
ehc	2785646	1
ehe	2785647	152
ehg	2785799	2
ehi	2785801	69
ehn	2785870	1
ehr	2785871	416
ehu	2786287	33
ei 	2786320	1818
eia	2788138	2
eib	2788140	5
eic	2788145	1290
eie	2789435	656
eig	2790091	1
eij	2790092	172
eik	2790264	3
eil	2790267	768
eim	2791035	48
ein	2791083	3961
eio	2795044	75
eir	2795119	460
eit	2795579	25
ej 	2795604	3
eja	2795607	60
eje	2795667	66
eji	2795733	1010
ejo	2796743	1
ejt	2796744	1
eju	2796745	10
ek 	2796755	50
eka	2796805	14
eke	2796819	51
eki	2796870	307
ekn	2797177	79
eko	2797256	17
ekt	2797273	2
eku	2797275	37
el 	2797312	3753
ela	2801065	2469
elb	2803534	53
elc	2803587	1
eld	2803588	309
ele	2803897	456
elf	2804353	10
elg	2804363	2315
elh	2806678	120
eli	2806798	501
elj	2807299	12
elk	2807311	295
ell	2807606	2605
elm	2810211	29
eln	2810240	89
elo	2810329	596
els	2810925	308
elt	2811233	51
elu	2811284	1
elw	2811285	5
ely	2811290	90
em 	2811380	571
ema	2811951	753
emb	2812704	1420
emc	2814124	14
eme	2814138	442
emg	2814580	2
emi	2814582	919
eml	2815501	1
emm	2815502	4
emn	2815506	25
emo	2815531	1845
emp	2817376	170
ems	2817546	61
emy	2817607	1
en 	2817608	10220
ena	2827828	633
enb	2828461	917
enc	2829378	1408
end	2830786	101
ene	2830887	2274
enf	2833161	8
eng	2833169	21567
enh	2854736	18
eni	2854754	2031
enj	2856785	34
enl	2856819	216
enm	2857035	531
enn	2857566	1878
eno	2859444	218
ens	2859662	1761
ent	2861423	5167
enu	2866590	55
env	2866645	9
eny	2866654	341
enz	2866995	79
eo 	2867074	241
eog	2867315	52
eok	2867367	28
eol	2867395	144
eon	2867539	2459
eop	2869998	253
eor	2870251	908
eou	2871159	3
eov	2871162	1
ep 	2871163	259
epa	2871422	86
epc	2871508	7
epe	2871515	66
eph	2871581	4
epi	2871585	5
epo	2871590	3
epp	2871593	3
epu	2871596	4970
epw	2876566	3
eq 	2876569	8
eqa	2876577	4
eqe	2876581	3
eqi	2876584	1
eqq	2876585	3
equ	2876588	321
er 	2876909	5319
era	2882228	9634
erb	2891862	998
erc	2892860	192
erd	2893052	411
ere	2893463	860
erf	2894323	9
erg	2894332	3555
eri	2897887	1838
erk	2899725	209
erl	2899934	4038
erm	2903972	12954
ern	2916926	6437
ero	2923363	2535
err	2925898	2701
ers	2928599	2265
ert	2930864	1020
eru	2931884	2355
erv	2934239	8
ery	2934247	4
erz	2934251	399
es 	2934650	43984
esa	2978634	44
esb	2978678	3
esc	2978681	87
ese	2978768	20
esf	2978788	200
esh	2978988	1571
esi	2980559	9495
esj	2990054	2
esk	2990056	1251
esm	2991307	46
esn	2991353	2
eso	2991355	717
esp	2992072	9105
ess	3001177	1043
est	3002220	7337
esu	3009557	26
esw	3009583	1140
esz	3010723	81
et 	3010804	1426
eta	3012230	1421
etc	3013651	20
ete	3013671	212
eth	3013883	2318
eti	3016201	170
etl	3016371	1
etn	3016372	1
eto	3016373	1374
etr	3017747	209
ets	3017956	769
ett	3018725	583
etu	3019308	43
etv	3019351	42
etz	3019393	26
eu 	3019419	12026
eua	3031445	2
euc	3031447	37
euk	3031484	37
eul	3031521	27
eun	3031548	28
euq	3031576	27
eur	3031603	11
eus	3031614	10
eut	3031624	5
eux	3031629	5
ev 	3031634	29
eva	3031663	195
evc	3031858	3
eve	3031861	309
evg	3032170	22
evi	3032192	27
evj	3032219	4
evl	3032223	5
evn	3032228	3
evo	3032231	232
evr	3032463	15
evs	3032478	27
ew 	3032505	4987
ewa	3037492	194
ewe	3037686	1030
ewf	3038716	174
ewi	3038890	6
ewk	3038896	1
ex 	3038897	17249
exa	3056146	1282
exe	3057428	7
exf	3057435	19
exi	3057454	17099
ext	3074553	367
exu	3074920	1
ey 	3074921	892
eya	3075813	59
eyc	3075872	26
eyj	3075898	2
eyk	3075900	4
eyl	3075904	6
eym	3075910	7
eyo	3075917	2
eyr	3075919	1
eys	3075920	27
eyu	3075947	7
ez 	3075954	67
eza	3076021	5
eze	3076026	3
ezh	3076029	103
ezi	3076132	403
ezn	3076535	2
ezo	3076537	7
ezs	3076544	231
ezu	3076775	414
ezy	3077189	2
ezz	3077191	1
fa 	3077192	356
faa	3077548	1
fae	3077549	1
faf	3077550	3
fag	3077553	9
fah	3077562	204
faj	3077766	2
fak	3077768	1
fal	3077769	2889
fan	3080658	31
far	3080689	421
fas	3081110	118
fat	3081228	17
fax	3081245	16
fay	3081261	7
fc 	3081268	962
fd 	3082230	7
fe 	3082237	135
fea	3082372	1
fed	3082373	5612
fej	3087985	61
fel	3088046	9
fer	3088055	8
fes	3088063	77
fet	3088140	3
ffa	3088143	19
ffh	3088162	20
ffo	3088182	6
ffr	3088188	6
fg 	3088194	320
fgh	3088514	320
fgu	3088834	1
fh 	3088835	3
fha	3088838	20
fi 	3088858	1002
fia	3089860	47
fie	3089907	45
fij	3089952	16
fik	3089968	4
fil	3089972	50
fin	3090022	970
fio	3090992	1
fir	3090993	3
fit	3090996	24
fiy	3091020	10
fj 	3091030	838
fja	3091868	17
fjd	3091885	4
fji	3091889	16
fjl	3091905	2
fjo	3091907	2
fk 	3091909	15
fko	3091924	37
fl 	3091961	909
fla	3092870	27
fle	3092897	21
flj	3092918	5
flk	3092923	1
flo	3092924	882
fm 	3093806	111
fna	3093917	1
fo 	3093918	60
fof	3093978	2
fog	3093980	1
fol	3093981	48
fom	3094029	3
fon	3094032	2
for	3094034	1725
fos	3095759	26
fou	3095785	174
fov	3095959	81
fp 	3096040	2
fr 	3096042	15647
fra	3111689	15613
fre	3127302	161
fri	3127463	1493
fro	3128956	35
fry	3128991	192
fs 	3129183	97
fsa	3129280	8
fsm	3129288	62
ft 	3129350	53
fta	3129403	1
ftc	3129404	4
fu 	3129408	49
fue	3129457	11
fuj	3129468	827
fuk	3130295	150
fun	3130445	6
fur	3130451	18
fus	3130469	1
fut	3130470	14
fuv	3130484	1
fuz	3130485	7
fyb	3130492	12
fym	3130504	7
fyo	3130511	96
ga 	3130607	2980
gaa	3133587	2
gab	3133589	134
gac	3133723	73
gad	3133796	54
gaf	3133850	9
gag	3133859	10
gah	3133869	1114
gai	3134983	243
gal	3135226	2089
gam	3137315	196
gan	3137511	2068
gao	3139579	7
gap	3139586	121
gar	3139707	3727
gas	3143434	242
gat	3143676	150
gau	3143826	258
gav	3144084	60
gaw	3144144	109
gay	3144253	274
gaz	3144527	117
gb 	3144644	5950
gba	3150594	1
gbr	3150595	5919
gbu	3156514	50
gc 	3156564	3
gca	3156567	3
gch	3156570	53
gd 	3156623	2249
gda	3158872	41
gde	3158913	64
gdh	3158977	4
gdi	3158981	73
gdo	3159054	7577
gdu	3166631	1
ge 	3166632	1250
ged	3167882	13
gee	3167895	2
geg	3167897	62
gei	3167959	10
gel	3167969	380
gen	3168349	2651
geo	3171000	716
ger	3171716	14238
ges	3185954	2098
get	3188052	1
gev	3188053	13
gew	3188066	1029
gey	3189095	27
gez	3189122	10
gf 	3189132	22
gfo	3189154	8
gg 	3189162	70
gga	3189232	1848
ggd	3191080	11
gge	3191091	2
ggh	3191093	13
ggi	3191106	78
ggo	3191184	4
ggy	3191188	12
gh 	3191200	154
gha	3191354	1109
ghd	3192463	40
ghe	3192503	29
ghi	3192532	133
ghl	3192665	17
ghm	3192682	4
gho	3192686	18
ghr	3192704	1
ght	3192705	1
ghu	3192706	15
ghw	3192721	6
ghy	3192727	38
gi 	3192765	167
gia	3192932	867
gib	3193799	9
gid	3193808	21
gie	3193829	1
gif	3193830	43
gil	3193873	266
gin	3194139	829
gio	3194968	1762
gip	3196730	76
gir	3196806	20
gis	3196826	20
git	3196846	20
giu	3196866	2756
giw	3199622	1
giy	3199623	13
gj 	3199636	593
gja	3200229	20
gji	3200249	799
gjo	3201048	1
gju	3201049	2
gk 	3201051	9
gka	3201060	16
gkh	3201076	27
gku	3201103	17
gl 	3201120	182
gla	3201302	4906
gle	3206208	60
gli	3206268	351
glo	3206619	1
glp	3206620	25
gm 	3206645	184
gma	3206829	19
gmb	3206848	180
gmo	3207028	1
gn 	3207029	224
gna	3207253	3054
gnb	3210307	52
gne	3210359	4764
gng	3215123	10
gnq	3215133	28
go 	3215161	2602
goa	3217763	182
goc	3217945	2
god	3217947	42
goe	3217989	20
gog	3218009	1012
goh	3219021	333
goi	3219354	248
gol	3219602	1354
gom	3220956	85
gon	3221041	1284
goo	3222325	25
gor	3222350	849
gos	3223199	143
got	3223342	285
gou	3223627	50
gov	3223677	401
goy	3224078	5
goz	3224083	179
gp 	3224262	227
gph	3224489	5
gpk	3224494	8
gpu	3224502	44
gq 	3224546	28
gqi	3224574	957
gr 	3225531	2764
gra	3228295	3098
grc	3231393	1986
grd	3233379	10
gre	3233389	2419
gri	3235808	36
grl	3235844	18
grn	3235862	1
gro	3235863	1439
grs	3237302	4
gru	3237306	1
gs 	3237307	896
gsa	3238203	70
gsb	3238273	1
gsd	3238274	3
gsk	3238277	61
gst	3238338	8
gsu	3238346	863
gt 	3239209	343
gtm	3239552	340
gto	3239892	608
gts	3240500	1
gtu	3240501	4
gu 	3240505	271
gua	3240776	4297
guc	3245073	23
gud	3245096	8
gue	3245104	1233
guf	3246337	21
gui	3246358	625
guj	3246983	388
gul	3247371	66
gum	3247437	43
gun	3247480	429
gur	3247909	763
gus	3248672	22
guv	3248694	4
guy	3248698	63
guz	3248761	19
gv 	3248780	1
gw 	3248781	52
gwa	3248833	36
gwe	3248869	16
gwo	3248885	24
gx 	3248909	151
gxi	3249060	1438
gy 	3250498	339
gya	3250837	24
gye	3250861	122
gyg	3250983	4
gyk	3250987	45
gyo	3251032	52
gyp	3251084	260
gyz	3251344	112
gz 	3251456	425
gza	3251881	3
gzi	3251884	1
gzu	3251885	151
ha 	3252036	3270
haa	3255306	635
hab	3255941	198
hac	3256139	69
had	3256208	121
hae	3256329	13
haf	3256342	78
hag	3256420	3
hah	3256423	163
hai	3256586	1870
haj	3258456	87
hak	3258543	99
hal	3258642	1187
ham	3259829	970
han	3260799	2954
hao	3263753	225
hap	3263978	30
har	3264008	2267
has	3266275	64
hat	3266339	466
hau	3266805	1641
hav	3268446	16
haw	3268462	281
hax	3268743	1
hay	3268744	172
haz	3268916	89
hb 	3269005	1096
hba	3270101	13
hbn	3270114	14
hce	3270128	1
hch	3270129	9
hd 	3270138	198
hda	3270336	15
hdf	3270351	1577
hdh	3271928	2
hdi	3271930	16
hdo	3271946	16
he 	3271962	4595
hea	3276557	11
heb	3276568	312
hec	3276880	78
hed	3276958	136
hee	3277094	4
hef	3277098	2
heg	3277100	122
heh	3277222	109
hei	3277331	3595
hej	3280926	1009
hek	3281935	6
hel	3281941	161
hem	3282102	24
hen	3282126	13476
heo	3295602	54
hep	3295656	102
her	3295758	3944
hes	3299702	723
het	3300425	140
heu	3300565	8
hev	3300573	54
hew	3300627	184
hex	3300811	7
hey	3300818	9
hez	3300827	10
hf 	3300837	1
hg 	3300838	14
hgi	3300852	25
hh 	3300877	298
hha	3301175	194
hhn	3301369	13
hho	3301382	6
hhu	3301388	4
hi 	3301392	2393
hia	3303785	4698
hib	3308483	79
hic	3308562	13
hid	3308575	888
hie	3309463	44
hig	3309507	645
hih	3310152	212
hii	3310364	5
hij	3310369	17
hik	3310386	43
hil	3310429	4928
him	3315357	393
hin	3315750	16780
hio	3332530	1131
hip	3333661	18
hiq	3333679	1307
hir	3334986	527
his	3335513	188
hit	3335701	174
hiv	3335875	89
hiw	3335964	14
hiy	3335978	20
hiz	3335998	47
hj 	3336045	23
hja	3336068	157
hjo	3336225	136
hk 	3336361	333
hkb	3336694	20
hke	3336714	29
hkg	3336743	325
hkh	3337068	4
hko	3337072	143
hl 	3337215	5693
hla	3342908	172
hle	3343080	1141
hli	3344221	20
hm 	3344241	425
hma	3344666	53
hme	3344719	86
hmi	3344805	154
hmu	3344959	7
hn 	3344966	16712
hna	3361678	13
hnd	3361691	544
hni	3362235	7
hno	3362242	18
hnp	3362260	9
ho 	3362269	584
hoa	3362853	971
hob	3363824	4
hoc	3363828	264
hod	3364092	240
hoe	3364332	14
hoh	3364346	6
hoi	3364352	22
hok	3364374	184
hol	3364558	1721
hom	3366279	835
hon	3367114	4379
hoo	3371493	9
hop	3371502	4
hor	3371506	691
hos	3372197	26
hot	3372223	17
hou	3372240	815
hov	3373055	426
hp 	3373481	1515
hq 	3374996	46
hqa	3375042	23
hr 	3375065	1683
hra	3376748	971
hre	3377719	3
hri	3377722	10
hro	3377732	43
hrp	3377775	2
hru	3377777	1
hrv	3377778	1215
hs 	3378993	30
hse	3379023	2370
hsh	3381393	28
hsi	3381421	6
hsk	3381427	159
hsq	3381586	3
hst	3381589	353
hsz	3381942	1
ht 	3381943	212
hta	3382155	1
hte	3382156	30
hti	3382186	204
htr	3382390	569
hts	3382959	1
htu	3382960	78
hu 	3383038	1339
hua	3384377	1120
hub	3385497	1072
huc	3386569	107
hud	3386676	26
hue	3386702	59
hug	3386761	1
hui	3386762	825
huk	3387587	32
hul	3387619	37
hum	3387656	80
hun	3387736	2282
huq	3390018	40
hur	3390058	1048
hus	3391106	547
hut	3391653	35
huu	3391688	34
huv	3391722	146
huy	3391868	16
huz	3391884	109
hve	3391993	1
hwa	3391994	110
hwe	3392104	23
hwi	3392127	8
hwy	3392135	33
hya	3392168	500
hyb	3392668	78
hye	3392746	31
hyg	3392777	25
hym	3392802	1
hyo	3392803	56
hys	3392859	38
hyt	3392897	112
ia 	3393009	60560
iaa	3453569	1
iad	3453570	17
iag	3453587	112
iai	3453699	18
ial	3453717	154
iam	3453871	16
ian	3453887	13365
iao	3467252	435
iap	3467687	1440
iar	3469127	112
ias	3469239	743
iat	3469982	6
iau	3469988	334
iay	3470322	14
iaz	3470336	7
ib 	3470343	198
iba	3470541	421
ibb	3470962	18
ibe	3470980	424
ibi	3471404	270
ibn	3471674	3
ibo	3471677	555
ibr	3472232	7
ibu	3472239	10
iby	3472249	119
ic 	3472368	6748
ica	3479116	2224
ice	3481340	147
ich	3481487	3742
ici	3485229	953
ick	3486182	759
ico	3486941	17827
icr	3504768	62
ict	3504830	1119
icu	3505949	198
id 	3506147	10913
ida	3517060	3042
ide	3520102	24
idf	3520126	999
idh	3521125	1
idi	3521126	35
idj	3521161	53
idk	3521214	9
idl	3521223	36
idn	3521259	9307
ido	3530566	218
idr	3530784	12
idt	3530796	114
idw	3530910	9
ie 	3530919	7079
ieb	3537998	40
iec	3538038	427
ied	3538465	1914
ieg	3540379	13
ieh	3540392	11
iek	3540403	14
iel	3540417	329
iem	3540746	1438
ien	3542184	441
iep	3542625	3
ieq	3542628	4
ier	3542632	836
ies	3543468	79
iet	3543547	1056
ieu	3544603	5
iew	3544608	1
iex	3544609	1
if 	3544610	137
iff	3544747	6
ifi	3544753	11
ifo	3544764	1457
ifr	3546221	54
ifu	3546275	43
ig 	3546318	1200
iga	3547518	857
igd	3548375	94
ige	3548469	1527
igg	3549996	30
igh	3550026	7
igi	3550033	34
ign	3550067	1811
igo	3551878	30
igr	3551908	19
igu	3551927	384
ih 	3552311	317
iha	3552628	284
ihe	3552912	11
ihi	3552923	94
iho	3553017	837
ihu	3553854	208
ii 	3554062	268
iig	3554330	43
iik	3554373	1
iir	3554374	60
iiu	3554434	2
ij 	3554436	20
ija	3554456	1645
ije	3556101	59
iji	3556160	189
ijn	3556349	7
ijo	3556356	23
ijs	3556379	113
iju	3556492	1
ik 	3556493	185
ika	3556678	1822
ikd	3558500	6
ike	3558506	77
ikh	3558583	14
iki	3558597	1091
ikk	3559688	19
ikl	3559707	4
iko	3559711	57
iks	3559768	5
ikt	3559773	3
iku	3559776	5
ikw	3559781	3
il 	3559784	8883
ila	3568667	1839
ilb	3570506	32
ild	3570538	37
ile	3570575	1395
ilf	3571970	81
ilg	3572051	15
ilh	3572066	6
ili	3572072	6521
ilj	3578593	17
ilk	3578610	18
ill	3578628	4156
iln	3582784	25
ilo	3582809	1159
ils	3583968	92
ilt	3584060	19
ilu	3584079	40
ily	3584119	20
im 	3584139	551
ima	3584690	1607
imb	3586297	447
ime	3586744	86
imi	3586830	275
iml	3587105	1
imn	3587106	21
imo	3587127	286
imp	3587413	91
imr	3587504	6
ims	3587510	26
imu	3587536	4027
in 	3591563	21078
ina	3612641	21583
inc	3634224	552
ind	3634776	17565
ine	3652341	13325
ing	3665666	10100
inh	3675766	212
ini	3675978	1191
inj	3677169	457
ink	3677626	5
inl	3677631	3179
inm	3680810	6
inn	3680816	702
ino	3681518	1739
ins	3683257	1301
int	3684558	612
inu	3685170	21
inv	3685191	6
iny	3685197	28
io 	3685225	5071
iob	3690296	36
ioj	3690332	189
iol	3690521	4
iom	3690525	3
ion	3690528	7507
iop	3698035	411
ioq	3698446	128
ior	3698574	4
ios	3698578	147
iot	3698725	2
iou	3698727	66
iow	3698793	457
ip 	3699250	49
ipa	3699299	444
ipe	3699743	320
ipi	3700063	6
ipk	3700069	7
ipp	3700076	4834
ipr	3704910	168
ipu	3705078	91
iq 	3705169	173
iqa	3705342	18
iqi	3705360	23
iql	3705383	59
iqu	3705442	1583
ir 	3707025	3823
ira	3710848	3346
irb	3714194	33
irc	3714227	14
ird	3714241	26
ire	3714267	8208
irg	3722475	717
iri	3723192	480
irj	3723672	1
irk	3723673	286
irl	3723959	566
irm	3724525	15
irn	3724540	2840
iro	3727380	1015
irq	3728395	173
irs	3728568	134
irt	3728702	57
iru	3728759	33
irv	3728792	2
irz	3728794	3
is 	3728797	3642
isa	3732439	1442
isb	3733881	165
isc	3734046	1285
ise	3735331	230
isg	3735561	194
ish	3735755	837
isi	3736592	890
isk	3737482	135
isl	3737617	3304
ism	3740921	6
isn	3740927	3
iso	3740930	249
isp	3741179	19
isr	3741198	727
iss	3741925	857
ist	3742782	2407
isu	3745189	26
it 	3745215	12216
ita	3757431	16324
itc	3773755	1
ite	3773756	28194
ith	3801950	169
iti	3802119	976
itl	3803095	41
ito	3803136	521
itr	3803657	228
its	3803885	130
itt	3804015	39
itu	3804054	35
ity	3804089	98
itz	3804187	1897
iu 	3806084	397
iua	3806481	1
iud	3806482	56
iue	3806538	1
iul	3806539	370
ium	3806909	2258
iun	3809167	2
iur	3809169	373
ius	3809542	133
iut	3809675	1
iv 	3809676	5268
iva	3814944	727
ive	3815671	636
ivi	3816307	206
ivk	3816513	1
ivn	3816514	137
ivo	3816651	5142
ivs	3821793	1017
ivu	3822810	16
iwa	3822826	141
iwi	3822967	1
iwo	3822968	2
ix 	3822970	16
iy 	3822986	1115
iya	3824101	857
iye	3824958	4035
iys	3828993	49
iyu	3829042	11
iz 	3829053	135
iza	3829188	305
ize	3829493	207
izh	3829700	1680
izi	3831380	26
izj	3831406	1
izk	3831407	209
izl	3831616	77
izm	3831693	117
izo	3831810	327
izr	3832137	12
izu	3832149	143
izz	3832292	36
ja 	3832328	2301
jab	3834629	603
jac	3835232	34
jad	3835266	5
jae	3835271	109
jaf	3835380	10
jag	3835390	2
jah	3835392	25
jai	3835417	14
jak	3835431	36
jal	3835467	748
jam	3836215	475
jan	3836690	1136
jap	3837826	2190
jar	3840016	444
jas	3840460	381
jat	3840841	15
jav	3840856	22
jaw	3840878	5466
jay	3846344	7
jaz	3846351	16
jb 	3846367	1736
jba	3848103	3
jca	3848106	3
jd 	3848109	8
jdi	3848117	5
jdo	3848122	4
jdu	3848126	46
je 	3848172	74
jec	3848246	103
jed	3848349	9
jeg	3848358	2
jej	3848360	10
jek	3848370	5
jel	3848375	67
jem	3848442	63
jen	3848505	19
jeo	3848524	112
jer	3848636	679
jes	3849315	7
jev	3849322	6
jey	3849328	6
jez	3849334	1
jg 	3849335	13
jh 	3849348	242
jha	3849590	237
ji 	3849827	2635
jia	3852462	5084
jib	3857546	365
jic	3857911	20
jig	3857931	30
jih	3857961	568
jij	3858529	4
jik	3858533	103
jil	3858636	277
jin	3858913	417
jir	3859330	57
jis	3859387	2
jit	3859389	2
jiw	3859391	2
jiz	3859393	27
jja	3859420	23
jk 	3859443	260
jko	3859703	1
jl 	3859704	257
jlu	3859961	8
jm 	3859969	159
jma	3860128	7
jn 	3860135	45
jna	3860180	3
jne	3860183	7
jni	3860190	1
jns	3860191	1
jo 	3860192	154
jog	3860346	11
joh	3860357	126
joi	3860483	136
jom	3860619	7
jon	3860626	115
jor	3860741	175
jos	3860916	54
jou	3860970	50
jow	3861020	10
joz	3861030	10
jp 	3861040	2190
jpn	3863230	2190
jra	3865420	8
jrh	3865428	6
js 	3865434	868
jsh	3866302	22
jsk	3866324	154
jsp	3866478	1
jss	3866479	106
jt 	3866585	1036
jtu	3867621	1
ju 	3867622	49
jua	3867671	1108
jub	3868779	19
jud	3868798	2
jue	3868800	26
juf	3868826	4
juj	3868830	25
jul	3868855	19
jum	3868874	92
jun	3868966	168
jup	3869134	10
jur	3869144	41
jut	3869185	19
juv	3869204	1
juw	3869205	1
juy	3869206	25
jvo	3869231	236
jw 	3869467	1
jwa	3869468	1
jwk	3869469	2
jx 	3869471	1191
jyl	3870662	185
ka 	3870847	9083
kab	3879930	87
kac	3880017	13
kad	3880030	31
kae	3880061	51
kaf	3880112	19
kag	3880131	98
kah	3880229	65
kai	3880294	348
kaj	3880642	328
kak	3880970	7
kal	3880977	541
kam	3881518	142
kan	3881660	1216
kao	3882876	28
kap	3882904	6
kar	3882910	2144
kas	3885054	470
kat	3885524	309
kau	3885833	23
kav	3885856	14
kaw	3885870	22
kay	3885892	3407
kaz	3889299	428
kb 	3889727	129
kby	3889856	37
kc 	3889893	36
kch	3889929	4
kd 	3889933	342
kda	3890275	255
kdz	3890530	8
ke 	3890538	517
keb	3891055	40
kec	3891095	61
ked	3891156	753
kee	3891909	2
kef	3891911	12
kek	3891923	4
kel	3891927	45
kem	3891972	86
ken	3892058	1277
keo	3893335	10
kep	3893345	41
ker	3893386	749
kes	3894135	220
ket	3894355	42
kf 	3894397	4
kfs	3894401	13
kg 	3894414	446
kga	3894860	13
kgd	3894873	41
kgn	3894914	33
kgz	3894947	112
kh 	3895059	394
kha	3895453	966
khd	3896419	10
khe	3896429	268
khh	3896697	2
khi	3896699	37
khl	3896736	22
khm	3896758	476
kho	3897234	596
khr	3897830	3
khs	3897833	381
kht	3898214	169
khu	3898383	138
khw	3898521	78
khy	3898599	78
ki 	3898677	1560
kia	3900237	857
kic	3901094	11
kid	3901105	9
kie	3901114	3870
kig	3904984	10
kih	3904994	4
kij	3904998	1
kik	3904999	6
kil	3905005	91
kim	3905096	10
kin	3905106	6142
kip	3911248	6
kir	3911254	625
kis	3911879	1096
kit	3912975	72
kiv	3913047	303
kiy	3913350	5093
kja	3918443	4
kk 	3918447	58
kka	3918505	288
kki	3918793	11
kl 	3918804	567
kla	3919371	529
kle	3919900	544
kli	3920444	2
klj	3920446	2
klo	3920448	33
klu	3920481	52
km 	3920533	277
kme	3920810	151
kn 	3920961	78
kna	3921039	29
kne	3921068	79
kni	3921147	40
kno	3921187	1
knr	3921188	12
ko 	3921200	1199
kob	3922399	72
koc	3922471	84
kod	3922555	30
kof	3922585	12
kog	3922597	29
koh	3922626	25
kol	3922651	353
kom	3923004	121
kon	3923125	450
koo	3923575	4
kop	3923579	419
kor	3923998	693
kos	3924691	479
kot	3925170	384
kou	3925554	41
kov	3925595	516
kow	3926111	40
koz	3926151	3
kp 	3926154	205
kr 	3926359	6044
kra	3932403	10201
kre	3942604	2
kri	3942606	171
krk	3942777	1
kro	3942778	91
krs	3942869	45
kru	3942914	403
kry	3943317	500
krz	3943817	139
ks 	3943956	405
ksa	3944361	210
ksc	3944571	2
ksh	3944573	9
ksi	3944582	31
ksn	3944613	1
kso	3944614	14
kt 	3944628	303
kti	3944931	25
kto	3944956	49
ktr	3945005	2
ku 	3945007	98
kua	3945105	35
kue	3945140	10
kuf	3945150	4
kuh	3945154	7
kui	3945161	20
kuj	3945181	164
kuk	3945345	30
kul	3945375	22
kum	3945397	63
kun	3945460	227
kuo	3945687	69
kup	3945756	1
kur	3945757	171
kus	3945928	89
kut	3946017	178
kuw	3946195	28
kuz	3946223	3
kv 	3946226	2
kva	3946228	107
kve	3946335	25
kw 	3946360	73
kwa	3946433	222
kwe	3946655	25
kwi	3946680	7
kwt	3946687	28
kwu	3946715	7
kx 	3946722	77
ky 	3946799	3877
kya	3950676	98
kye	3950774	41
kyi	3950815	279
kym	3951094	14
kyo	3951108	251
kyr	3951359	112
kys	3951471	4
kyu	3951475	10
kz 	3951485	353
kzn	3951838	139
la 	3951977	11320
laa	3963297	1074
lab	3964371	1744
lac	3966115	580
lad	3966695	580
lae	3967275	1
lag	3967276	596
lah	3967872	423
lai	3968295	457
laj	3968752	157
lak	3968909	79
lal	3968988	224
lam	3969212	3019
lan	3972231	24581
lao	3996812	179
lap	3996991	40
laq	3997031	6
lar	3997037	636
las	3997673	9331
lat	4007004	645
lau	4007649	139
lav	4007788	2086
law	4009874	296
lax	4010170	229
lay	4010399	778
laz	4011177	690
lb 	4011867	498
lba	4012365	584
lbe	4012949	727
lbn	4013676	52
lbo	4013728	67
lbr	4013795	27
lby	4013822	119
lc 	4013941	575
lca	4014516	43
lce	4014559	315
lci	4014874	3
lco	4014877	30
lcs	4014907	97
ld 	4015004	3158
lda	4018162	191
lde	4018353	327
ldi	4018680	38
ldo	4018718	107
ldu	4018825	2
le 	4018827	4485
lea	4023312	113
leb	4023425	126
lec	4023551	39
led	4023590	93
lee	4023683	561
lef	4024244	47
leg	4024291	28
leh	4024319	17
lei	4024336	99
lej	4024435	7
lek	4024442	41
lel	4024483	18
lem	4024501	120
len	4024621	2134
leo	4026755	2414
lep	4029169	7
leq	4029176	3
ler	4029179	133
les	4029312	3905
let	4033217	46
leu	4033263	19
lev	4033282	36
lew	4033318	1
ley	4033319	236
lez	4033555	258
lf 	4033813	16
lfa	4033829	10
lfi	4033839	17
lfo	4033856	81
lfu	4033937	1
lg 	4033938	1409
lga	4035347	366
lge	4035713	355
lgi	4036068	2284
lgo	4038352	942
lgu	4039294	21
lh 	4039315	16
lhe	4039331	15
lhi	4039346	120
lho	4039466	5
lhu	4039471	17
li 	4039488	1869
lia	4041357	7917
lib	4049274	446
lic	4049720	5369
lid	4055089	18
lie	4055107	183
lif	4055290	1465
lig	4056755	317
lii	4057072	1
lij	4057073	3
lik	4057076	1965
lil	4059041	4
lim	4059045	1130
lin	4060175	2844
lio	4063019	50
lip	4063069	4783
liq	4067852	2
lir	4067854	3
lis	4067857	1055
lit	4068912	360
liu	4069272	107
liv	4069379	680
liw	4070059	1
liy	4070060	85
liz	4070145	158
lj 	4070303	226
lja	4070529	59
ljc	4070588	3
lje	4070591	29
lji	4070620	12
lju	4070632	15
lk 	4070647	146
lka	4070793	219
lke	4071012	15
lkh	4071027	11
lkl	4071038	1
lko	4071039	294
lkr	4071333	1
ll 	4071334	102
lla	4071436	6038
lle	4077474	3239
lli	4080713	1129
llo	4081842	1242
lls	4083084	4
lm 	4083088	15
lma	4083103	204
lme	4083307	4
lmi	4083311	22
lms	4083333	116
lmy	4083449	17
ln 	4083466	329
lna	4083795	66
lne	4083861	9
lni	4083870	24
lno	4083894	399
lny	4084293	86
lo 	4084379	979
loa	4085358	456
lob	4085814	14
loc	4085828	390
lod	4086218	207
loe	4086425	14
lof	4086439	5
log	4086444	108
loi	4086552	1880
loj	4088432	40
lok	4088472	19
lol	4088491	22
lom	4088513	3548
lon	4092061	2189
loo	4094250	40
lop	4094290	720
lor	4095010	1384
los	4096394	418
lot	4096812	59
lou	4096871	467
lov	4097338	1989
low	4099327	70
loy	4099397	4
loz	4099401	3
lp 	4099404	655
lpa	4100059	59
lpe	4100118	2807
lpo	4102925	24
lpx	4102949	2
lqa	4102951	11
lqi	4102962	20
lr 	4102982	362
ls 	4103344	563
lsa	4103907	11
lsb	4103918	3
lsh	4103921	1
lsi	4103922	6
lsk	4103928	1332
lso	4105260	59
lst	4105319	1112
lsu	4106431	23
lt 	4106454	1382
lta	4107836	913
lte	4108749	45
lti	4108794	24
ltj	4108818	1
lto	4108819	499
ltu	4109318	186
lty	4109504	4
ltz	4109508	11
lu 	4109519	591
lua	4110110	40
lub	4110150	391
luc	4110541	879
lud	4111420	3
lue	4111423	4
luh	4111427	190
lui	4111617	746
luj	4112363	176
luk	4112539	60
lum	4112599	653
lun	4113252	789
luq	4114041	4
lur	4114045	183
lus	4114228	52
lut	4114280	46
lux	4114326	235
luy	4114561	25
luz	4114586	572
lv 	4115158	249
lva	4115407	1744
lve	4117151	9
lvi	4117160	172
lvu	4117332	2
lw 	4117334	29
lwa	4117363	26
lwe	4117389	5
lx 	4117394	8
ly 	4117402	12032
lya	4129434	359
lyn	4129793	197
lys	4129990	343
lyt	4130333	11
lyu	4130344	10
lz 	4130354	2388
lza	4132742	1
lzb	4132743	217
lze	4132960	200
ma 	4133160	4563
maa	4137723	790
mab	4138513	3
mac	4138516	598
mad	4139114	1570
mae	4140684	10
maf	4140694	28
mag	4140722	912
mah	4141634	956
mai	4142590	493
maj	4143083	4
mak	4143087	686
mal	4143773	2666
mam	4146439	88
man	4146527	22615
mao	4169142	11
map	4169153	40
mar	4169193	5871
mas	4175064	742
mat	4175806	685
mau	4176491	460
mav	4176951	95
maw	4177046	58
max	4177104	3
may	4177107	184
maz	4177291	940
mb 	4178231	372
mba	4178603	2267
mbe	4180870	1236
mbh	4182106	12
mbi	4182118	2254
mbo	4184372	1152
mbr	4185524	289
mbu	4185813	547
mby	4186360	18
mc 	4186378	113
mce	4186491	14
mch	4186505	21
mco	4186526	12
md 	4186538	1054
mda	4187592	101
mdd	4187693	13
mdg	4187706	152
mdi	4187858	1
mdr	4187859	5
mdv	4187864	34
me 	4187898	645
mea	4188543	58
mec	4188601	538
med	4189139	86
meg	4189225	45
meh	4189270	136
mej	4189406	1
mek	4189407	77
mel	4189484	191
men	4189675	1242
mer	4190917	1113
mes	4192030	107
met	4192137	68
mew	4192205	5
mex	4192210	17099
mey	4209309	1
mez	4209310	1
mf 	4209311	10
mfa	4209321	18
mg 	4209339	1723
mga	4211062	4
mh 	4211066	758
mhl	4211824	26
mhu	4211850	20
mi 	4211870	901
mia	4212771	81
mib	4212852	109
mic	4212961	4274
mid	4217235	122
mie	4217357	103
mig	4217460	28
mik	4217488	3
mil	4217491	1859
mim	4219350	253
min	4219603	2490
miq	4222093	2
mir	4222095	499
mis	4222594	1094
mit	4223688	112
miy	4223800	76
miz	4223876	36
mj 	4223912	5
mk 	4223917	304
mkd	4224221	302
mke	4224523	1
mki	4224524	11
mky	4224535	41
ml 	4224576	141
mla	4224717	41
mle	4224758	1
mli	4224759	95
mlt	4224854	71
mm 	4224925	762
mma	4225687	24
mme	4225711	543
mmo	4226254	32
mmr	4226286	579
mmu	4226865	172
mn 	4227037	1008
mna	4228045	544
mne	4228589	66
mnf	4228655	10
mng	4228665	332
mni	4228997	7
mno	4229004	15
mnp	4229019	10
mny	4229029	90
mo 	4229119	760
moa	4229879	102
moc	4229981	380
mod	4230361	1
moe	4230362	278
mog	4230640	52
moh	4230692	15
moj	4230707	1
mok	4230708	14
mol	4230722	335
mom	4231057	2
mon	4231059	3368
moo	4234427	1
mop	4234428	8
moq	4234436	26
mor	4234462	2509
mos	4236971	594
mot	4237565	58
mou	4237623	552
mow	4238175	107
mox	4238282	34
moy	4238316	12
moz	4238328	197
mp 	4238525	722
mpa	4239247	891
mpe	4240138	145
mph	4240283	35
mpi	4240318	27
mpl	4240345	144
mpm	4240489	4
mpo	4240493	1107
mpr	4241600	2
mps	4241602	223
mpt	4241825	1
mpu	4241826	323
mq 	4242149	29
mqa	4242178	4
mr 	4242182	836
mra	4243018	23
mrc	4243041	1
mrl	4243042	1
mro	4243043	6
mrt	4243049	88
mru	4243137	1
ms 	4243138	1830
msb	4244968	1
msd	4244969	47
mse	4245016	1
msi	4245017	4
msk	4245021	341
msr	4245362	4
msu	4245366	80
mt 	4245446	631
mta	4246077	1
mte	4246078	955
mth	4247033	7
mti	4247040	11
mtl	4247051	33
mto	4247084	42
mtq	4247126	23
mts	4247149	35
mtw	4247184	20
mu 	4247204	391
mua	4247595	29
mub	4247624	6
muc	4247630	5
mud	4247635	17
mug	4247652	51
muh	4247703	2
muk	4247705	21
mul	4247726	16
mum	4247742	7
mun	4247749	1089
mur	4248838	4618
mus	4253456	342
mut	4253798	19
muw	4253817	2
mux	4253819	5
muy	4253824	5
mv 	4253829	576
mw 	4254405	60
mwa	4254465	12
mwi	4254477	39
mwt	4254516	37
mx 	4254553	16885
mxa	4271438	11
my 	4271449	745
mya	4272194	595
myk	4272789	323
mym	4273112	8
myr	4273120	113
mys	4273233	740
myt	4273973	66
mz 	4274039	132
mza	4274171	14
mzi	4274185	2
na 	4274187	25757
naa	4299944	12
nab	4299956	159
nac	4300115	1891
nad	4302006	4457
nae	4306463	3
naf	4306466	9
nag	4306475	279
nah	4306754	40
nai	4306794	155
naj	4306949	1062
nak	4308011	529
nal	4308540	830
nam	4309370	2411
nan	4311781	2175
nao	4313956	382
nap	4314338	12
naq	4314350	1897
nar	4316247	360
nas	4316607	1439
nat	4318046	904
nau	4318950	24
nav	4318974	379
naw	4319353	104
nax	4319457	20
nay	4319477	324
naz	4319801	1
nb 	4319802	1130
nba	4320932	12
nbe	4320944	4
nbo	4320948	5
nbs	4320953	31
nbu	4320984	1051
nc 	4322035	1099
nca	4323134	397
ncd	4323531	1
nce	4323532	15894
nch	4339426	2009
nci	4341435	829
ncl	4342264	63
ncn	4342327	4
nco	4342331	24
nct	4342355	12
ncu	4342367	7
nd 	4342374	30647
nda	4373021	2421
nde	4375442	1499
ndg	4376941	15
ndh	4376956	400
ndi	4377356	9024
ndj	4386380	15
ndl	4386395	174
ndo	4386569	9901
ndr	4396470	861
nds	4397331	2942
ndu	4400273	564
ndw	4400837	1
ndy	4400838	40
ndz	4400878	1
ne 	4400879	14943
nea	4415822	430
neb	4416252	217
nec	4416469	198
ned	4416667	133
nee	4416800	6
nef	4416806	4
neg	4416810	339
nei	4417149	529
nej	4417678	1
nek	4417679	1
nel	4417680	42
nem	4417722	12
nen	4417734	207
nep	4417941	84
neq	4418025	4
ner	4418029	164
nes	4418193	16628
net	4434821	3589
neu	4438410	64
nev	4438474	149
new	4438623	5131
ney	4443754	2
nez	4443756	870
nf 	4444626	13
nfk	4444639	1
nfu	4444640	8
ng 	4444648	22684
nga	4467332	4588
ngb	4471920	50
ngc	4471970	53
ngd	4472023	7578
nge	4479601	1281
ngf	4480882	8
ngg	4480890	1906
ngh	4482796	467
ngi	4483263	27
ngj	4483290	766
ngk	4484056	60
ngl	4484116	4838
ngm	4488954	1
ngn	4488955	66
ngo	4489021	2350
ngp	4491371	49
ngq	4491420	957
ngr	4492377	256
ngs	4492633	990
ngt	4493623	613
ngu	4494236	349
ngw	4494585	40
ngx	4494625	1438
ngy	4496063	33
ngz	4496096	156
nh 	4496252	739
nha	4496991	960
nho	4497951	19
nhu	4497970	439
ni 	4498409	2137
nia	4500546	15768
nib	4516314	2
nic	4516316	578
nid	4516894	1074
nie	4517968	3338
nif	4521306	54
nig	4521360	1023
nih	4522383	89
nii	4522472	47
nij	4522519	1175
nik	4523694	131
nil	4523825	37
nim	4523862	13
nin	4523875	1305
nio	4525180	191
nip	4525371	215
niq	4525586	23
nir	4525609	119
nis	4525728	1201
nit	4526929	28459
niu	4555388	10
niv	4555398	319
niy	4555717	15
niz	4555732	199
nj 	4555931	617
nja	4556548	611
nje	4557159	16
nji	4557175	679
njo	4557854	52
njs	4557906	152
nju	4558058	14
nk 	4558072	808
nka	4558880	312
nke	4559192	1
nkf	4559193	1
nkh	4559194	80
nki	4559274	122
nko	4559396	59
nkt	4559455	132
nku	4559587	5
nl 	4559592	2240
nla	4561832	3520
nld	4565352	2035
nle	4567387	137
nli	4567524	111
nm 	4567635	1484
nma	4569119	1517
nme	4570636	6
nmg	4570642	1
nmk	4570643	1
nmu	4570644	1
nn 	4570645	49
nna	4570694	443
nne	4571137	2313
nni	4573450	177
nnl	4573627	67
nnm	4573694	20
nns	4573714	1478
nny	4575192	111
no 	4575303	1923
nob	4577226	34
nod	4577260	257
noe	4577517	1
nog	4577518	71
noh	4577589	20
noi	4577609	1085
nok	4578694	45
nom	4578739	936
non	4579675	83
noo	4579758	586
nop	4580344	94
nor	4580438	5018
nos	4585456	538
not	4585994	105
nou	4586099	1933
nov	4588032	588
noy	4588620	98
np 	4588718	101
npe	4588819	9
npl	4588828	84
npp	4588912	2
npu	4588914	12
nq 	4588926	33
nqu	4588959	1
nr 	4588960	33
nra	4588993	1
nru	4588994	15
ns 	4589009	516
nsa	4589525	646
nsb	4590171	6
nse	4590177	33
nsh	4590210	34
nsi	4590244	638
nsk	4590882	2770
nsl	4593652	1055
nsn	4594707	11
nso	4594718	14
nst	4594732	155
nsu	4594887	866
nsw	4595753	1793
nsy	4597546	1478
nt 	4599024	2707
nta	4601731	3290
ntc	4605021	3
nte	4605024	2821
nth	4607845	125
nti	4607970	2348
ntj	4610318	3
ntl	4610321	48
nto	4610369	195
ntr	4610564	2645
nts	4613209	12
ntu	4613221	376
nty	4613597	111
nu 	4613708	78
nua	4613786	10
nub	4613796	223
nuc	4614019	107
nue	4614126	192
nuf	4614318	11
nug	4614329	26
nui	4614355	38
nuk	4614393	2
nul	4614395	10
num	4614405	22
nun	4614427	27
nuo	4614454	1
nuq	4614455	5
nur	4614460	5
nus	4614465	1811
nuu	4616276	11
nv 	4616287	79
nvi	4616366	15
nvs	4616381	59
nw 	4616440	699
nwt	4617139	14
nx 	4617153	114
nxa	4617267	1
nxi	4617268	916
ny 	4618184	13220
nya	4631404	1184
nye	4632588	10
nyi	4632598	24
nyk	4632622	2
nys	4632624	3
nyt	4632627	182
nyy	4632809	90
nz 	4632899	784
nza	4633683	852
nze	4634535	77
nzi	4634612	23
nzl	4634635	732
nzo	4635367	28
oa 	4635395	1035
oac	4636430	917
oah	4637347	176
oal	4637523	1
oam	4637524	4
oan	4637528	157
oar	4637685	129
oas	4637814	131
oat	4637945	1238
oax	4639183	1250
oay	4640433	12
ob 	4640445	24
oba	4640469	769
obe	4641238	641
obi	4641879	44
obj	4641923	1
obl	4641924	8654
obo	4650578	29
obr	4650607	14
obu	4650621	1
obw	4650622	7
oby	4650629	70
oc 	4650699	48
oca	4650747	1128
occ	4651875	2061
oce	4653936	718
och	4654654	195
oci	4654849	155
ocj	4655004	1
ock	4655005	121
ocl	4655126	84
ocn	4655210	2
oco	4655212	396
ocr	4655608	362
od 	4655970	493
oda	4656463	263
odc	4656726	1
odd	4656727	1
ode	4656728	660
odg	4657388	9
odh	4657397	14
odi	4657411	801
odk	4658212	328
odl	4658540	99
odn	4658639	155
odo	4658794	9
odr	4658803	38
ods	4658841	299
odu	4659140	5
odv	4659145	1
odz	4659146	233
oe 	4659379	319
oei	4659698	13
oek	4659711	3
oel	4659714	1
oen	4659715	23
oes	4659738	76
oev	4659814	20
of 	4659834	5028
ofa	4664862	37
off	4664899	13
ofi	4664912	47
ofj	4664959	7
ofl	4664966	5
ofo	4664971	12
og 	4664983	176
oga	4665159	68
ogd	4665227	6
oge	4665233	11
ogh	4665244	16
ogi	4665260	38
ogn	4665298	955
ogo	4666253	266
ogr	4666519	202
ogs	4666721	1
ogu	4666722	51
ogy	4666773	60
oh 	4666833	1220
oha	4668053	9
ohe	4668062	12
ohg	4668074	25
ohh	4668099	6
ohi	4668105	888
ohj	4668993	202
ohn	4669195	30
oho	4669225	108
ohr	4669333	172
ohs	4669505	2
oi 	4669507	137
oia	4669644	251
oil	4669895	1
oim	4669896	45
oin	4669941	6
oio	4669947	6
oir	4669953	7015
ois	4676968	1145
oit	4678113	23
oix	4678136	3
oiy	4678139	13
oiz	4678152	3
oja	4678155	229
ojb	4678384	3
oje	4678387	9
oji	4678396	3
ojk	4678399	1
ojn	4678400	4
ojo	4678404	6
ojr	4678410	1
ojv	4678411	236
ok 	4678647	426
oka	4679073	214
oke	4679287	33
okh	4679320	3
oki	4679323	50
okk	4679373	185
okl	4679558	355
oko	4679913	35
okr	4679948	434
oks	4680382	26
oku	4680408	27
oky	4680435	221
ol 	4680656	6692
ola	4687348	4890
olc	4692238	98
old	4692336	163
ole	4692499	133
olf	4692632	1
olg	4692633	84
olh	4692717	8
oli	4692725	2349
olj	4695074	263
olk	4695337	1
oll	4695338	583
olm	4695921	119
oln	4696040	415
olo	4696455	1931
ols	4698386	2082
olt	4700468	762
olu	4701230	665
olv	4701895	8
oly	4701903	209
olz	4702112	4
om 	4702116	6526
oma	4708642	8715
omb	4717357	3252
ome	4720609	69
omi	4720678	746
omm	4721424	567
omn	4721991	659
omo	4722650	1848
oms	4724498	176
omt	4724674	955
omu	4725629	1039
omx	4726668	3
omy	4726671	112
omz	4726783	14
on 	4726797	14039
ona	4740836	916
onc	4741752	13
ond	4741765	707
one	4742472	12205
ong	4754677	5651
oni	4760328	1868
onj	4762196	6
onk	4762202	153
onn	4762355	1584
ono	4763939	1210
ons	4765149	904
ont	4766053	3195
onu	4769248	56
ony	4769304	79
oo 	4769383	122
ook	4769505	3
ool	4769508	12
oon	4769520	186
ooq	4769706	4
oor	4769710	587
oos	4770297	9
oou	4770306	25
ooy	4770331	6
op 	4770337	64
opa	4770401	296
ope	4770697	187
opi	4770884	399
opj	4771283	10
opl	4771293	271
opn	4771564	1
opo	4771565	1577
opp	4773142	12
opr	4773154	87
opt	4773241	8
oq 	4773249	30
oqo	4773279	6
oqu	4773285	176
or 	4773461	4507
ora	4777968	2103
orb	4780071	1
orc	4780072	36
ord	4780108	2046
ore	4782154	1607
orf	4783761	1
org	4783762	794
orh	4784556	25
ori	4784581	2260
orj	4786841	214
ork	4787055	1325
orl	4788380	27
orm	4788407	1436
orn	4789843	1541
oro	4791384	1663
orp	4793047	538
orr	4793585	178
ors	4793763	1045
ort	4794808	3490
oru	4798298	47
orw	4798345	632
ory	4798977	235
orz	4799212	55
os 	4799267	2301
osa	4801568	358
osc	4801926	629
ose	4802555	89
osf	4802644	1
osh	4802645	146
osi	4802791	701
osj	4803492	98
osk	4803590	478
osl	4804068	648
osm	4804716	12
osn	4804728	313
oso	4805041	131
osr	4805172	5
oss	4805177	267
ost	4805444	1964
osu	4807408	37
osy	4807445	5
ot 	4807450	272
ota	4807722	1179
otd	4808901	9
ote	4808910	5853
oth	4814763	120
oti	4814883	302
otj	4815185	11
otl	4815196	739
otn	4815935	73
oto	4816008	895
otr	4816903	8
ots	4816911	154
ott	4817065	205
otu	4817270	7
ou 	4817277	7603
oua	4824880	542
oub	4825422	17
ouc	4825439	255
oud	4825694	23
oue	4825717	605
ouf	4826322	8
oug	4826330	35
ouh	4826365	21
oui	4826386	418
ouj	4826804	2
ouk	4826806	65
oul	4826871	37
oum	4826908	34
oun	4826942	261
oup	4827203	25
our	4827228	1812
ous	4829040	382
out	4829422	3876
ouv	4833298	1903
ouz	4835201	32
ov 	4835233	337
ova	4835570	1954
ovc	4837524	19
ovd	4837543	33
ove	4837576	1669
ovg	4839245	40
ovi	4839285	1028
ovl	4840313	8
ovn	4840321	8
ovo	4840329	413
ovr	4840742	1
ovs	4840743	1432
ovu	4842175	7
ow 	4842182	184
owa	4842366	460
owe	4842826	34
owi	4842860	416
owl	4843276	40
own	4843316	23
owy	4843339	25
owz	4843364	10
ox 	4843374	34
oxi	4843408	34
oy 	4843442	214
oya	4843656	256
oyc	4843912	1
oye	4843913	5
oyg	4843918	4
oyi	4843922	6
oyo	4843928	36
oyu	4843964	5
oz 	4843969	103
oza	4844072	348
oze	4844420	26
ozg	4844446	120
ozi	4844566	4
ozj	4844570	1
ozo	4844571	15
p1 	4844586	12
p2 	4844598	8
p3 	4844606	19
p4 	4844625	15
p5 	4844640	11
p6 	4844651	10
p7 	4844661	9
pa 	4844670	3018
pac	4847688	1025
pad	4848713	86
paf	4848799	26
pag	4848825	6
pah	4848831	51
pai	4848882	7453
paj	4856335	2
pak	4856337	604
pal	4856941	581
pam	4857522	66
pan	4857588	5064
pao	4862652	1
pap	4862653	191
par	4862844	1313
pas	4864157	1682
pat	4865839	487
pau	4866326	761
pav	4867087	19
pax	4867106	19
pay	4867125	1010
paz	4868135	102
pb 	4868237	814
pci	4869051	33
pcn	4869084	1
pd 	4869085	26
pdl	4869111	1000
pe 	4870111	3253
pec	4873364	151
ped	4873515	30
pee	4873545	1
peh	4873546	1
pei	4873547	135
pel	4873682	207
pem	4873889	10
pen	4873899	1753
peo	4875652	253
peq	4875905	58
per	4875963	2811
pes	4878774	3106
pet	4881880	296
pf 	4882176	45
pfa	4882221	2250
pg 	4884471	59
ph 	4884530	4832
pha	4889362	85
phe	4889447	31
phi	4889478	4559
phl	4894037	4529
phn	4898566	18
pho	4898584	43
phr	4898627	23
phu	4898650	88
phy	4898738	31
pi 	4898769	529
pia	4899298	499
pic	4899797	33
pie	4899830	1423
pif	4901253	4
pij	4901257	1
pik	4901258	5
pil	4901263	92
pin	4901355	4724
pir	4906079	269
pis	4906348	11
pit	4906359	188
piu	4906547	137
piv	4906684	1
pje	4906685	10
pk 	4906695	585
pka	4907280	16
pko	4907296	7
pl 	4907303	3985
pla	4911288	104
ple	4911392	447
pli	4911839	136
plj	4911975	9
plo	4911984	19
plu	4912003	186
plw	4912189	29
plz	4912218	162
pm 	4912380	21
pn 	4912401	2197
pna	4914598	1
png	4914599	59
pni	4914658	9
pnz	4914667	52
po 	4914719	1064
pod	4915783	472
pog	4916255	24
poh	4916279	213
poi	4916492	6
pok	4916498	10
pol	4916508	4627
pom	4921135	1070
pon	4922205	247
poo	4922452	5
pop	4922457	89
por	4922546	1452
pos	4923998	60
pot	4924058	561
pou	4924619	6
poz	4924625	20
pp 	4924645	2
ppe	4924647	104
ppi	4924751	4833
ppo	4929584	1
pps	4929585	56
ppu	4929641	3
pr 	4929644	667
pra	4930311	1808
pre	4932119	207
pri	4932326	658
prk	4932984	127
pro	4933111	1168
prt	4934279	1080
pru	4935359	132
pry	4935491	173
ps 	4935664	459
psa	4936123	56
pse	4936179	448
psh	4936627	222
psk	4936849	174
pso	4937023	1
pst	4937024	3
pt 	4937027	1361
ptf	4938388	1
pti	4938389	8
pto	4938397	1
pts	4938398	5
ptu	4938403	7
pu 	4938410	146
pua	4938556	216
pub	4938772	6510
puc	4945282	1
pud	4945283	10
pue	4945293	1533
pug	4946826	348
puk	4947174	49
pul	4947223	128
pum	4947351	219
pun	4947570	756
pur	4948326	243
put	4948569	30
pv 	4948599	538
pw 	4949137	38
px 	4949175	2
py 	4949177	183
pyf	4949360	45
pyi	4949405	3
qa 	4949408	118
qab	4949526	16
qac	4949542	1
qad	4949543	29
qah	4949572	51
qal	4949623	55
qan	4949678	25
qar	4949703	47
qas	4949750	48
qat	4949798	60
qax	4949858	4
qay	4949862	5
qaz	4949867	120
qba	4949987	2
qbi	4949989	1
qc 	4949990	549
qe 	4950539	3
qeq	4950542	6
qer	4950548	3
qh 	4950551	279
qi 	4950830	188
qil	4951018	20
qin	4951038	1248
qiy	4952286	91
qld	4952377	1055
qli	4953432	59
qmo	4953491	32
qob	4953523	1
qom	4953524	10
qoo	4953534	6
qor	4953540	25
qos	4953565	29
qqa	4953594	34
qr 	4953628	24
qre	4953652	1
qst	4953653	65
qsu	4953718	4
qt 	4953722	3
qto	4953725	16
qu 	4953741	1281
qua	4955022	124
qub	4955146	3
qud	4955149	53
que	4955202	2343
qui	4957545	2557
qun	4960102	6
qus	4960108	2
qut	4960110	5
qyz	4960115	13
ra 	4960128	27810
raa	4987938	38
rab	4987976	1073
rac	4989049	2126
rad	4991175	2838
rae	4994013	743
raf	4994756	11
rag	4994767	1646
rah	4996413	1075
rai	4997488	6924
raj	5004412	3900
rak	5008312	565
ral	5008877	7147
ram	5016024	404
ran	5016428	20962
rap	5037390	115
raq	5037505	227
rar	5037732	270
ras	5038002	2354
rat	5040356	9103
rau	5049459	143
rav	5049602	707
raw	5050309	82
ray	5050391	1022
raz	5051413	6259
rb 	5057672	512
rba	5058184	814
rbe	5058998	18
rbh	5059016	22
rbi	5059038	683
rbo	5059721	113
rbu	5059834	223
rby	5060057	5
rc 	5060062	1991
rca	5062053	318
rce	5062371	237
rch	5062608	411
rci	5063019	93
rck	5063112	2
rco	5063114	34
rd 	5063148	812
rda	5063960	330
rde	5064290	716
rdi	5065006	2387
rdj	5067393	78
rdl	5067471	222
rdm	5067693	1
rdo	5067694	309
rdr	5068003	578
rdu	5068581	233
rdz	5068814	20
re 	5068834	9466
rea	5078300	802
reb	5079102	224
rec	5079326	220
red	5079546	516
ree	5080062	2108
ref	5082170	17
reg	5082187	2221
rei	5084408	1376
rek	5085784	8
rel	5085792	1066
rem	5086858	521
ren	5087379	942
rep	5088321	4933
req	5093254	131
rer	5093385	1010
res	5094395	2502
ret	5096897	1486
reu	5098383	28
rev	5098411	36
rew	5098447	27
rey	5098474	41
rez	5098515	20
rf 	5098535	6
rfa	5098541	106
rfe	5098647	5
rfh	5098652	3
rfi	5098655	4
rfj	5098659	2
rfo	5098661	10
rfu	5098671	18
rg 	5098689	4231
rga	5102920	252
rge	5103172	1853
rgh	5105025	121
rgi	5105146	1622
rgl	5106768	4
rgn	5106772	2123
rgo	5108895	1086
rgs	5109981	145
rgu	5110126	12
rgy	5110138	113
rh 	5110251	205
rha	5110456	57
rhe	5110513	2830
rhn	5113343	6
rho	5113349	2195
rhr	5115544	1
ri 	5115545	2132
ria	5117677	8104
rib	5125781	201
ric	5125982	2429
rid	5128411	1235
rie	5129646	198
rif	5129844	44
rig	5129888	18
rij	5129906	173
rik	5130079	455
ril	5130534	7
rim	5130541	298
rin	5130839	2056
rio	5132895	1821
rip	5134716	47
riq	5134763	171
ris	5134934	95
rit	5135029	1721
riu	5136750	370
riv	5137120	341
rix	5137461	13
riy	5137474	56
riz	5137530	573
rj 	5138103	661
rja	5138764	58
rje	5138822	11
rju	5138833	70
rk 	5138903	2952
rka	5141855	696
rke	5142551	34
rkh	5142585	305
rki	5142890	4365
rkl	5147255	18
rkm	5147273	145
rkn	5147418	7
rko	5147425	6
rks	5147431	11
rku	5147442	131
rkv	5147573	3
rl 	5147576	616
rla	5148192	4053
rlb	5152245	118
rli	5152363	106
rlo	5152469	162
rm 	5152631	688
rma	5153319	14170
rme	5167489	631
rmi	5168120	131
rml	5168251	41
rmo	5168292	241
rms	5168533	94
rmu	5168627	12
rn 	5168639	8441
rna	5177080	998
rne	5178078	261
rni	5178339	1873
rnj	5180212	6
rno	5180218	221
rns	5180439	12
rnt	5180451	236
rnu	5180687	21
ro 	5180708	9326
roa	5190034	1215
rob	5191249	420
roc	5191669	498
rod	5192167	307
roe	5192474	42
rof	5192516	9
rog	5192525	80
roi	5192605	24
roj	5192629	7
rok	5192636	41
rol	5192677	1234
rom	5193911	8144
ron	5202055	546
roo	5202601	269
rop	5202870	557
ror	5203427	30
ros	5203457	2021
rot	5205478	51
rou	5205529	7185
rov	5212714	1589
row	5214303	3
roy	5214306	30
roz	5214336	36
rp 	5214372	2371
rpa	5216743	789
rpe	5217532	2
rpo	5217534	539
rps	5218073	121
rq 	5218194	173
rqa	5218367	33
rqi	5218400	255
rqu	5218655	2
rr 	5218657	38
rra	5218695	418
rrb	5219113	49
rre	5219162	2320
rrh	5221482	17
rri	5221499	308
rrl	5221807	53
rro	5221860	10
rry	5221870	31
rs 	5221901	1413
rsa	5223314	1238
rsc	5224552	22
rse	5224574	730
rsh	5225304	85
rsi	5225389	260
rsk	5225649	2161
rso	5227810	277
rst	5228087	63
rsv	5228150	1
rt 	5228151	1337
rta	5229488	826
rte	5230314	411
rth	5230725	1886
rti	5232611	217
rtl	5232828	38
rtn	5232866	2
rto	5232868	534
rts	5233402	35
rtt	5233437	1113
rtu	5234550	1140
rtv	5235690	29
ru 	5235719	7703
rua	5243422	9
rub	5243431	14
ruc	5243445	7
rud	5243452	32
rue	5243484	1
rug	5243485	457
ruh	5243942	9
ruj	5243951	21
ruk	5243972	7
rul	5243979	19
rum	5243998	129
run	5244127	499
ruo	5244626	2
rup	5244628	9
rur	5244637	18
rus	5244655	5889
rut	5250544	3
ruv	5250547	10
rux	5250557	18
ruy	5250575	1
ruz	5250576	2300
rv 	5252876	1219
rva	5254095	18
rve	5254113	4
rvi	5254117	2
rw 	5254119	51
rwa	5254170	711
rwi	5254881	1
rxi	5254882	1
rxo	5254883	4
ry 	5254887	2089
rya	5256976	387
ryi	5257363	12
ryl	5257375	614
rym	5257989	497
ryn	5258486	8
ryo	5258494	30
rys	5258524	194
rz 	5258718	55
rza	5258773	13
rze	5258786	324
rzi	5259110	34
rzo	5259144	419
rzu	5259563	65
rzy	5259628	139
sa 	5259767	24851
saa	5284618	85
sab	5284703	138
sac	5284841	2969
sad	5287810	2
saf	5287812	63
sag	5287875	78
sah	5287953	115
sai	5288068	405
sak	5288473	230
sal	5288703	980
sam	5289683	697
san	5290380	3659
sao	5294039	883
sap	5294922	3
sar	5294925	978
sas	5295903	1587
sat	5297490	365
sau	5297855	361
sav	5298216	663
saw	5298879	15
sax	5298894	1
say	5298895	1165
sb 	5300060	268
sba	5300328	9
sbn	5300337	1
sbo	5300338	164
sby	5300502	14
sc 	5300516	1246
sca	5301762	953
sce	5302715	13
sch	5302728	1276
sci	5304004	6
sck	5304010	39
sco	5304049	2961
sct	5307010	674
scu	5307684	13
sd 	5307697	855
sda	5308552	50
sdn	5308602	114
se 	5308716	2264
sea	5310980	6
seb	5310986	3
sed	5310989	9
see	5310998	374
seg	5311372	31
seh	5311403	44
sei	5311447	5
sej	5311452	1
sek	5311453	43
sel	5311496	506
sem	5312002	63
sen	5312065	3070
seo	5315135	9
sep	5315144	9
seq	5315153	5
ser	5315158	658
ses	5315816	19
set	5315835	617
seu	5316452	43
sev	5316495	219
sey	5316714	635
sez	5317349	4
sf 	5317353	13
sfa	5317366	218
sfe	5317584	1
sfo	5317585	3
sg 	5317588	265
sga	5317853	196
sge	5318049	1
sgo	5318050	23
sgp	5318073	121
sgs	5318194	1
sh 	5318195	4053
sha	5322248	2474
shc	5324722	9
she	5324731	13427
shf	5338158	1
shg	5338159	11
shi	5338170	2550
shk	5340720	172
shm	5340892	156
shn	5341048	6
sho	5341054	66
shq	5341120	69
shr	5341189	23
shs	5341212	28
sht	5341240	575
shu	5341815	113
shy	5341928	26
si 	5341954	1856
sia	5343810	16299
sib	5360109	207
sic	5360316	892
sid	5361208	26
sie	5361234	108
sig	5361342	9
sih	5361351	6
sii	5361357	67
sik	5361424	24
sil	5361448	192
sim	5361640	401
sin	5362041	1774
sio	5363815	93
sip	5363908	280
sir	5364188	249
sis	5364437	410
sit	5364847	6
siu	5364853	2
siv	5364855	44
siy	5364899	79
sj 	5364978	209
sja	5365187	110
sje	5365297	98
sjl	5365395	1
sjm	5365396	2
sk 	5365398	1098
ska	5366496	10098
ske	5376594	54
skh	5376648	31
ski	5376679	4253
sko	5380932	1513
skr	5382445	17
sks	5382462	161
sku	5382623	110
skv	5382733	107
sky	5382840	2411
sl 	5385251	254
sla	5385505	5310
slb	5390815	23
sle	5390838	346
sli	5391184	214
slo	5391398	1438
slp	5392836	518
slt	5393354	17
slu	5393371	191
slv	5393562	102
sm 	5393664	833
sma	5394497	217
sme	5394714	46
smi	5394760	7
smo	5394767	49
smr	5394816	15
smx	5394831	5
sn 	5394836	1387
sna	5396223	84
sne	5396307	187
snf	5396494	2
sni	5396496	321
sno	5396817	340
so 	5397157	776
sob	5397933	6
soc	5397939	316
sod	5398255	166
sof	5398421	55
sog	5398476	12
sok	5398488	23
sol	5398511	119
som	5398630	146
son	5398776	580
soo	5399356	7
sop	5399363	57
sor	5399420	10
sos	5399430	202
sot	5399632	573
sou	5400205	4468
sov	5404673	324
sow	5404997	1
sp 	5404998	8171
spa	5413169	7464
spe	5420633	60
spi	5420693	98
spl	5420791	119
spm	5420910	2
spo	5420912	1
spu	5420913	1593
sq 	5422506	3
sqa	5422509	4
sr 	5422513	781
sra	5423294	744
srb	5424038	492
sre	5424530	2
sri	5424532	142
srp	5424674	121
ss 	5424795	164
ssa	5424959	1892
ssd	5426851	23
sse	5426874	993
ssi	5427867	5604
ssk	5433471	34
sso	5433505	838
st 	5434343	13089
sta	5447432	26141
ste	5473573	5871
stf	5479444	625
sth	5480069	333
sti	5480402	3394
stl	5483796	133
stm	5483929	53
stn	5483982	2
sto	5483984	616
stp	5484600	51
str	5484651	9441
stu	5494092	122
sty	5494214	1
su 	5494215	1797
suc	5496012	340
sud	5496352	193
sue	5496545	8
sug	5496553	35
suh	5496588	24
suk	5496612	10
sul	5496622	1009
sum	5497631	322
sun	5497953	132
suo	5498085	149
sup	5498234	20
suq	5498254	2
sur	5498256	180
sus	5498436	2
sut	5498438	2
suv	5498440	1
suw	5498441	26
suz	5498467	3
sv 	5498470	922
sva	5499392	29
sve	5499421	181
svg	5499602	1
svi	5499603	4
svk	5499607	832
svn	5500439	602
sw 	5501041	1557
swa	5502598	172
swe	5502770	1326
swi	5504096	3411
swz	5507507	25
sx 	5507532	312
sxm	5507844	7
sy 	5507851	661
sya	5508512	38
syc	5508550	26
syd	5508576	123
syk	5508699	18
syl	5508717	1487
syr	5510204	310
syu	5510514	40
sz 	5510554	216
sza	5510770	97
szo	5510867	45
szp	5510912	36
szt	5510948	45
ta 	5510993	15858
taa	5526851	12
tab	5526863	536
tac	5527399	92
tad	5527491	253
tae	5527744	1
taf	5527745	45
tag	5527790	1788
tah	5529578	266
tai	5529844	2041
taj	5531885	103
tak	5531988	430
tal	5532418	13544
tam	5545962	1480
tan	5547442	6019
tao	5553461	14
tap	5553475	69
tar	5553544	2588
tas	5556132	225
tat	5556357	22758
tau	5579115	24
tav	5579139	678
taw	5579817	3
tay	5579820	365
taz	5580185	9
tb 	5580194	18
tbi	5580212	12
tbo	5580224	7
tbs	5580231	4
tc 	5580235	139
tca	5580374	16
tcd	5580390	74
tch	5580464	284
td 	5580748	74
tda	5580822	9
te 	5580831	9677
tea	5590508	103
teb	5590611	6
tec	5590617	578
ted	5591195	28197
tef	5619392	3
teg	5619395	40
teh	5619435	164
tei	5619599	1786
tek	5621385	24
tel	5621409	573
tem	5621982	1490
ten	5623472	4503
tep	5627975	152
ter	5628127	4697
tes	5632824	22231
tet	5655055	63
teu	5655118	41
tev	5655159	5
tex	5655164	1282
tf 	5656446	2
tfa	5656448	578
tfo	5657026	47
tg 	5657073	130
tgo	5657203	35
th 	5657238	7184
tha	5664422	1531
thd	5665953	16
the	5665969	3189
thg	5669158	1
thi	5669159	333
thl	5669492	82
tho	5669574	152
thr	5669726	128
thu	5669854	1240
thw	5671094	23
thy	5671117	2
ti 	5671119	908
tia	5672027	1894
tib	5673921	43
tic	5673964	711
tid	5674675	25
tie	5674700	3
tif	5674703	8
tig	5674711	68
tij	5674779	2
tik	5674781	445
til	5675226	2842
tim	5678068	4195
tin	5682263	2761
tio	5685024	5772
tip	5690796	32
tiq	5690828	16
tir	5690844	410
tis	5691254	873
tiu	5692127	126
tiv	5692253	113
tiy	5692366	152
tiz	5692518	21
tj 	5692539	338
tja	5692877	1
tje	5692878	2
tjk	5692880	103
tjo	5692983	10
tju	5692993	2
tjy	5692995	114
tk 	5693109	8
tke	5693117	35
tki	5693152	28
tkl	5693180	3
tkm	5693183	158
tl 	5693341	211
tla	5693552	1182
tle	5694734	22
tli	5694756	78
tlo	5694834	41
tls	5694875	32
tm 	5694907	670
tma	5695577	190
tme	5695767	12
tmo	5695779	11
tn 	5695790	1831
tna	5697621	19
tni	5697640	3
tnj	5697643	1
tnn	5697644	4
tno	5697648	2
to 	5697650	4178
toa	5701828	13
tob	5701841	159
toc	5702000	291
tof	5702291	9
tog	5702300	70
toh	5702370	1
toj	5702371	6
tok	5702377	417
tol	5702794	294
tom	5703088	205
ton	5703293	1834
top	5705127	65
tor	5705192	1230
tos	5706422	1605
tot	5708027	28
tou	5708055	76
tov	5708131	238
tow	5708369	6
toy	5708375	22
toz	5708397	6
tp 	5708403	51
tpa	5708454	1
tq 	5708455	23
tr 	5708478	4269
tra	5712747	7169
trb	5719916	1
tre	5719917	2599
tri	5722516	4320
trk	5726836	34
trn	5726870	136
tro	5727006	334
trt	5727340	1
tru	5727341	64
trz	5727405	8
ts 	5727413	2283
tsa	5729696	36
tse	5729732	17
tsh	5729749	6
tsi	5729755	100
tsk	5729855	1742
tsp	5731597	4
tsu	5731601	8
tsw	5731609	139
tt 	5731748	38
tta	5731786	665
tte	5732451	1334
tth	5733785	26
tti	5733811	359
tto	5734170	101
tts	5734271	506
ttt	5734777	3
tu 	5734780	393
tua	5735173	73
tub	5735246	47
tuc	5735293	392
tud	5735685	9
tue	5735694	15
tug	5735709	1093
tui	5736802	3
tuj	5736805	7
tuk	5736812	7
tul	5736819	169
tum	5736988	55
tun	5737043	465
tup	5737508	8
tur	5737516	4332
tus	5741848	67
tut	5741915	19
tuv	5741934	12
tuy	5741946	22
tuz	5741968	2
tv 	5741970	65
tva	5742035	42
tve	5742077	70
tvi	5742147	176
tw 	5742323	89
twa	5742412	20
twn	5742432	89
tx 	5742521	1282
txg	5743803	5
ty 	5743808	252
tya	5744060	27
tyk	5744087	1
tyn	5744088	5
tyr	5744093	18
tys	5744111	18
tyu	5744129	41
tyv	5744170	27
tz 	5744197	335
tza	5744532	350
tze	5744882	1897
ua 	5746779	7882
uab	5754661	6
uac	5754667	8
uad	5754675	587
uag	5755262	6
uah	5755268	208
uai	5755476	27
uaj	5755503	15
uak	5755518	8
ual	5755526	48
uam	5755574	80
uan	5755654	4004
uap	5759658	31
uar	5759689	98
uas	5759787	268
uat	5760055	1443
uav	5761498	5
uay	5761503	395
uaz	5761898	13
ub 	5761911	234
uba	5762145	389
ubb	5762534	9
ube	5762543	1296
ubi	5763839	358
ubl	5764197	6583
ubn	5770780	11
ubo	5770791	33
ubr	5770824	42
ubu	5770866	220
uc 	5771086	416
uca	5771502	453
uce	5771955	261
uch	5772216	354
uci	5772570	793
uck	5773363	754
ucl	5774117	13
uco	5774130	312
ucr	5774442	44
uct	5774486	5
ucu	5774491	48
ucy	5774539	2
ud 	5774541	417
uda	5774958	400
ude	5775358	12
udi	5775370	161
udj	5775531	1
udm	5775532	35
udo	5775567	26
uds	5775593	53
udu	5775646	42
udv	5775688	2
udz	5775690	15
ue 	5775705	2449
ueb	5778154	1834
ued	5779988	18
uee	5780006	1055
ueg	5781061	37
ueh	5781098	33
uel	5781131	683
uem	5781814	9
uen	5781823	308
ueq	5782131	2
uer	5782133	1569
ues	5783702	77
uet	5783779	75
ueu	5783854	12
uev	5783866	161
uey	5784027	13
uez	5784040	40
uf 	5784080	22
ufa	5784102	4
ufe	5784106	1
uff	5784107	6
ufi	5784113	10
ufr	5784123	8
ug 	5784131	523
uga	5784654	1325
ugg	5785979	5
ugh	5785984	49
ugl	5786033	459
ugo	5786492	4
ugs	5786496	3
ugu	5786499	192
uh 	5786691	9
uha	5786700	230
uhb	5786930	13
uhi	5786943	7
uho	5786950	13
ui 	5786963	1269
uia	5788232	149
uib	5788381	5
uic	5788386	23
uid	5788409	213
uig	5788622	50
uil	5788672	277
uim	5788949	26
uin	5788975	397
uip	5789372	131
uir	5789503	11
uis	5789514	977
uit	5790491	1905
uiz	5792396	381
uj 	5792777	304
uja	5793081	565
uje	5793646	1
uji	5793647	845
uju	5794492	31
uk 	5794523	356
uka	5794879	14
ukb	5794893	37
ukd	5794930	7
uke	5794937	42
ukh	5794979	14
ukl	5794993	6
ukm	5794999	2
uko	5795001	72
ukr	5795073	5637
uks	5800710	1
ukt	5800711	49
uku	5800760	213
ukw	5800973	7
ul 	5800980	1000
ula	5801980	494
ulb	5802474	1
ulc	5802475	91
uld	5802566	57
ule	5802623	38
ulf	5802661	8
ulg	5802669	349
uli	5803018	637
ulk	5803655	14
uln	5803669	25
ulo	5803694	758
uls	5804452	1
ulu	5804453	204
uly	5804657	50
um 	5804707	2462
uma	5807169	706
umb	5807875	880
ume	5808755	65
umh	5808820	20
umi	5808840	9
umm	5808849	4
umo	5808853	4
ump	5808857	47
umq	5808904	3
ums	5808907	92
umt	5808999	2
umu	5809001	18
umy	5809019	9
un 	5809028	2233
una	5811261	999
unc	5812260	31
und	5812291	501
une	5812792	563
ung	5813355	1558
unh	5814913	6
uni	5814919	29808
unj	5844727	555
unk	5845282	78
unl	5845360	6
unm	5845366	47
unn	5845413	388
uno	5845801	135
uns	5845936	262
unt	5846198	68
unu	5846266	10
unx	5846276	1
uny	5846277	720
uod	5846997	1
uoj	5846998	2
uok	5847000	115
uom	5847115	149
uov	5847264	1
up 	5847265	530
upa	5847795	1189
upe	5848984	33
uph	5849017	12
upi	5849029	1
upl	5849030	12
upp	5849042	104
ups	5849146	3
upu	5849149	2
uq 	5849151	8
uqa	5849159	6
uqs	5849165	4
uqu	5849169	72
ur 	5849241	9718
ura	5858959	1509
urb	5860468	14
urc	5860482	92
urd	5860574	96
ure	5860670	385
urf	5861055	105
urg	5861160	3204
uri	5864364	3140
urk	5867504	4345
urm	5871849	41
urn	5871890	58
uro	5871948	35
urp	5871983	9
urr	5871992	18
urs	5872010	347
urt	5872357	1160
uru	5873517	290
urx	5873807	4
ury	5873811	344
urz	5874155	15
us 	5874170	33219
usa	5907389	23661
usc	5931050	148
use	5931198	531
ush	5931729	227
usi	5931956	278
usk	5932234	203
usl	5932437	181
uss	5932618	5537
ust	5938155	8163
usu	5946318	11
ut 	5946329	3709
uta	5950038	498
utc	5950536	7
ute	5950543	103
uth	5950646	3860
uti	5954506	56
utn	5954562	5
uto	5954567	338
utr	5954905	102
uts	5955007	1704
utt	5956711	604
utu	5957315	63
uu 	5957378	11
uud	5957389	7
uuk	5957396	34
uul	5957430	3
uus	5957433	268
uv 	5957701	136
uva	5957837	60
uve	5957897	4039
uvs	5961936	19
uvu	5961955	10
uw 	5961965	18
uwa	5961983	56
ux 	5962039	263
uxe	5962302	253
uxo	5962555	16
uxt	5962571	1
uy 	5962572	237
uya	5962809	43
uye	5962852	68
uyg	5962920	422
uyi	5963342	3
uyu	5963345	1
uz 	5963346	2150
uza	5965496	229
uzb	5965725	221
uzc	5965946	67
uze	5966013	184
uzg	5966197	2
uzh	5966199	52
uzi	5966251	19
uzm	5966270	1
uzo	5966271	469
uzu	5966740	7
uzz	5966747	414
va 	5967161	2008
vaa	5969169	7
vac	5969176	211
vad	5969387	325
vag	5969712	3
vai	5969715	6
vak	5969721	862
val	5970583	2730
vam	5973313	29
van	5973342	2405
vao	5975747	313
var	5976060	1129
vas	5977189	957
vat	5978146	8
vau	5978154	153
vav	5978307	12
vay	5978319	24
vb 	5978343	552
vc 	5978895	524
vca	5979419	1
vce	5979420	8
vci	5979428	15
vct	5979443	25
vd 	5979468	187
vdi	5979655	18
ve 	5979673	2623
vea	5982296	20
vec	5982316	14
ved	5982330	95
veg	5982425	15
veh	5982440	162
vei	5982602	78
vel	5982680	2056
vem	5984736	25
ven	5984761	3248
ver	5988009	5103
ves	5993112	249
vet	5993361	347
vev	5993708	1
vez	5993709	3
vf 	5993712	1
vg 	5993713	3
vgb	5993716	2
vge	5993718	2
vgg	5993720	57
vgo	5993777	36
vgr	5993813	24
vha	5993837	22
vi 	5993859	289
via	5994148	380
vic	5994528	961
vid	5995489	44
vie	5995533	944
vih	5996477	16
vik	5996493	5
vil	5996498	109
vin	5996607	813
vio	5997420	1
vip	5997421	2
viq	5997423	2
vir	5997425	871
vis	5998296	1237
vit	5999533	290
viv	5999823	171
viy	5999994	42
vje	6000036	4
vk 	6000040	834
vka	6000874	1
vl 	6000875	1101
vla	6001976	1093
vle	6003069	50
vlg	6003119	1071
vlj	6004190	10
vlo	6004200	42
vn 	6004242	1692
vne	6005934	98
vni	6006032	125
vnm	6006157	915
vo 	6007072	640
vob	6007712	313
vod	6008025	249
vog	6008274	16
voh	6008290	170
voi	6008460	5149
voj	6013609	237
vol	6013846	279
von	6014125	21
vop	6014146	1
vor	6014147	843
vos	6014990	59
vpi	6015049	1
vra	6015050	192
vrc	6015242	1
vre	6015243	16
vrh	6015259	6
vro	6015265	123
vrt	6015388	3
vs 	6015391	401
vsc	6015792	4
vse	6015796	13
vsg	6015809	23
vsk	6015832	3931
vt 	6019763	118
vto	6019881	602
vu 	6020483	28
vuk	6020511	52
vum	6020563	10
vus	6020573	45
vut	6020618	27
vuz	6020645	8
vy 	6020653	4
vys	6020657	153
vz 	6020810	3
wa 	6020813	7351
wad	6028164	32
wah	6028196	27
wai	6028223	340
waj	6028563	7
wak	6028570	104
wal	6028674	3259
wan	6031933	577
war	6032510	275
was	6032785	489
wat	6033274	120
waw	6033394	2
way	6033396	697
waz	6034093	139
wb 	6034232	186
wbk	6034418	2
wc 	6034420	148
wd 	6034568	11
wda	6034579	6
we 	6034585	1404
wed	6035989	1326
wee	6037315	9
wel	6037324	109
wen	6037433	33
weo	6037466	5
wer	6037471	34
wes	6037505	4181
wet	6041686	3
wex	6041689	19
wf 	6041708	28
wfo	6041736	174
wg 	6041910	1
wgn	6041911	108
wh 	6042019	12
wha	6042031	59
whi	6042090	12
whm	6042102	2
wi 	6042104	625
wic	6042729	291
wie	6043020	870
wig	6043890	1112
wij	6045002	7
wil	6045009	61
win	6045070	2
wis	6045072	574
wit	6045646	1905
wiy	6047551	7
wk 	6047558	2
wke	6047560	20
wki	6047580	1
wko	6047581	51
wlf	6047632	8
wlo	6047640	40
wls	6047680	457
wn 	6048137	114
wny	6048251	8
wo 	6048259	8
wol	6048267	5
won	6048272	60
woq	6048332	6
wor	6048338	409
wot	6048747	2
wp 	6048749	10
wpd	6048759	5
wr 	6048764	428
wre	6049192	1
ws 	6049193	80
wsa	6049273	170
wsk	6049443	161
wsm	6049604	74
wt 	6049678	113
wtc	6049791	11
wth	6049802	1
wtj	6049803	1
wu 	6049804	1
wun	6049805	7
wur	6049812	1113
wus	6050925	1
wv 	6050926	247
ww 	6051173	27
wwa	6051200	7
wx 	6051207	19
wy 	6051226	80
wye	6051306	25
wyo	6051331	80
wyz	6051411	33
wz 	6051444	25
wzj	6051469	10
xa 	6051479	9
xac	6051488	1254
xag	6052742	1
xai	6052743	21
xan	6052764	2
xaq	6052766	1
xar	6052767	3
xas	6052770	1282
xav	6054052	3
xbi	6054055	1
xca	6054056	225
xci	6054281	20
xe 	6054301	13
xek	6054314	6
xel	6054320	18
xem	6054338	235
xew	6054573	1
xey	6054574	1
xfo	6054575	19
xg 	6054594	5
xgh	6054599	1
xi 	6054600	2283
xia	6056883	99
xic	6056982	17133
xie	6074115	1
xin	6074116	422
xiz	6074538	262
xj 	6074800	422
xk 	6075222	77
xkx	6075299	77
xlo	6075376	1
xm 	6075377	7
xo 	6075384	12
xoc	6075396	3
xon	6075399	4
xor	6075403	28
xr 	6075431	1
xs 	6075432	3
xto	6075435	1
xtr	6075436	367
xum	6075803	1
xvd	6075804	1
xxa	6075805	2
xz 	6075807	258
ya 	6076065	6010
yab	6082075	124
yac	6082199	260
yad	6082459	28
yag	6082487	91
yah	6082578	249
yak	6082827	17
yal	6082844	78
yam	6082922	366
yan	6083288	1267
yao	6084555	10
yap	6084565	30
yar	6084595	609
yas	6085204	1207
yat	6086411	78
yau	6086489	19
yaz	6086508	103
yb 	6086611	12
ybe	6086623	78
ybu	6086701	4
yc 	6086705	26
yca	6086731	1
ych	6086732	26
yda	6086758	54
ydd	6086812	123
ydi	6086935	172
ye 	6087107	4358
yeh	6091465	25
yel	6091490	9
yem	6091499	316
yen	6091815	70
yeo	6091885	231
yeq	6092116	67
yer	6092183	2067
yes	6094250	12
yev	6094262	52
yey	6094314	18
yf 	6094332	54
yfa	6094386	67
yg 	6094453	4
ygd	6094457	14
yge	6094471	24
ygg	6094495	11
ygh	6094506	25
ygo	6094531	4
ygu	6094535	422
yi 	6094957	42
yig	6094999	4
yik	6095003	9
yil	6095012	5
yin	6095017	17
yit	6095034	3
yiv	6095037	279
yja	6095316	312
yk 	6095628	77
yka	6095705	78
ykh	6095783	13
yki	6095796	17
ykj	6095813	4
ykk	6095817	1
yko	6095818	306
yks	6096124	2
yku	6096126	51
yl 	6096177	18
yla	6096195	620
ylh	6096815	9
yll	6096824	185
ylo	6097009	13
ylv	6097022	1478
ym 	6098500	632
yma	6099132	81
yme	6099213	22
ymi	6099235	2
ymk	6099237	1
ymo	6099238	7
yn 	6099245	396
yna	6099641	1
yne	6099642	52
yns	6099694	152
yo 	6099846	457
yob	6100303	24
yoc	6100327	24
yog	6100351	71
yok	6100422	4
yol	6100426	2
yom	6100428	80
yon	6100508	106
yor	6100614	1368
yot	6101982	96
you	6102078	4
yoz	6102082	21
yp 	6102103	132
ypr	6102235	132
ypt	6102367	260
yq 	6102627	4
yr 	6102631	316
yra	6102947	41
yrd	6102988	1
yre	6102989	3
yrg	6102992	112
yri	6103104	310
yrs	6103414	112
yru	6103526	2
ys 	6103528	1800
ysa	6105328	16
yse	6105344	29
ysi	6105373	740
ysk	6106113	351
ysl	6106464	192
yso	6106656	153
yst	6106809	95
ysy	6106904	360
yt 	6107264	73
yta	6107337	8
yti	6107345	248
yto	6107593	112
ytr	6107705	1
yts	6107706	182
ytu	6107888	3
yu 	6107891	59
yua	6107950	5
yub	6107955	10
yuc	6107965	283
yue	6108248	13
yuk	6108261	7
yum	6108268	48
yun	6108316	428
yus	6108744	10
yut	6108754	26
yuy	6108780	1
yva	6108781	27
ywa	6108808	2
yy 	6108810	149
yya	6108959	5
yyu	6108964	7
yz 	6108971	33
yzs	6109004	112
yzy	6109116	13
za 	6109129	2079
zab	6111208	220
zac	6111428	548
zad	6111976	79
zaf	6112055	989
zag	6113044	270
zah	6113314	16
zai	6113330	22
zaj	6113352	12
zak	6113364	830
zal	6114194	114
zam	6114308	389
zan	6114697	1424
zao	6116121	2
zap	6116123	211
zaq	6116334	70
zar	6116404	517
zas	6116921	21
zat	6116942	97
zau	6117039	229
zav	6117268	172
zaw	6117440	21
zax	6117461	16
zay	6117477	1
zb 	6117478	221
zbe	6117699	221
zbu	6117920	217
zce	6118137	67
zd 	6118204	27
zdi	6118231	81
ze 	6118312	3257
zea	6121569	732
zeb	6122301	3
zec	6122304	2779
zee	6125083	77
zeg	6125160	313
zei	6125473	3
zej	6125476	2
zek	6125478	2
zel	6125480	36
zem	6125516	150
zen	6125666	215
zer	6125881	2169
zes	6128050	129
zet	6128179	34
zeu	6128213	6
zev	6128219	37
zg 	6128256	16
zga	6128272	122
zgr	6128394	10
zh 	6128404	754
zha	6129158	26
zhe	6129184	1176
zhi	6130360	1285
zho	6131645	285
zhs	6131930	131
zhu	6132061	151
zhy	6132212	112
zi 	6132324	219
zia	6132543	545
zib	6133088	12
zic	6133100	14
zid	6133114	11
zie	6133125	43
zig	6133168	44
zil	6133212	5996
zim	6139208	71
zin	6139279	50
zio	6139329	649
zir	6139978	19
ziz	6139997	1273
zj 	6141270	1009
zja	6142279	10
zje	6142289	2
zka	6142291	203
zki	6142494	190
zkr	6142684	7
zl 	6142691	759
zla	6143450	18
zli	6143468	276
zlu	6143744	1
zm 	6143745	110
zma	6143855	1
zmb	6143856	98
zmi	6143954	117
zn 	6144071	139
zni	6144210	13
zno	6144223	8
zo 	6144231	475
zoa	6144706	23
zoc	6144729	17
zoi	6144746	3
zol	6144749	49
zom	6144798	1
zon	6144799	1389
zor	6146188	36
zou	6146224	38
zov	6146262	10
zow	6146272	413
zpr	6146685	36
zre	6146721	13
zrn	6146734	1
zsk	6146735	231
zst	6146966	112
zte	6147078	45
zu 	6147123	274
zua	6147397	30
zue	6147427	414
zuf	6147841	3
zug	6147844	9
zui	6147853	204
zul	6148057	177
zuo	6148234	47
zup	6148281	1176
zuq	6149457	6
zur	6149463	1408
zuz	6150871	1
zv 	6150872	2
zvi	6150874	53
zw 	6150927	69
zwe	6150996	69
zyl	6151065	13
zys	6151078	141
zz 	6151219	444
zza	6151663	17
zzo	6151680	414
