  a	0	70
  b	70	40
  c	110	58
  d	168	47
  e	215	23
  f	238	32
  g	270	34
  h	304	21
  i	325	75
  j	400	9
  k	409	37
  l	446	21
  m	467	46
  n	513	31
  o	544	214
  p	758	44
  q	802	4
  r	806	157
  s	963	92
  t	1055	67
  u	1122	25
  v	1147	14
  w	1161	11
  y	1172	11
  z	1183	7
 a 	1190	4
 aa	1194	1
 ab	1195	1
 ad	1196	4
 af	1200	4
 ag	1204	1
 ah	1205	1
 al	1206	8
 am	1214	3
 an	1217	32
 ao	1249	2
 ar	1251	7
 as	1258	3
 at	1261	3
 au	1264	4
 ay	1268	1
 az	1269	1
 b 	1270	1
 ba	1271	11
 be	1282	9
 bh	1291	2
 bi	1293	4
 bo	1297	9
 br	1306	10
 bs	1316	1
 bu	1317	5
 bv	1322	1
 by	1323	2
 c 	1325	2
 ca	1327	11
 cc	1338	1
 ce	1339	3
 ch	1342	9
 ci	1351	1
 cn	1352	1
 co	1353	30
 cr	1383	1
 cu	1384	3
 cy	1387	1
 cz	1388	2
 d 	1390	2
 da	1392	6
 de	1398	29
 di	1427	1
 dj	1428	2
 do	1430	3
 dp	1433	1
 dr	1434	4
 du	1438	7
 dz	1445	1
 e 	1446	2
 ea	1448	5
 ec	1453	1
 ee	1454	1
 eg	1455	1
 el	1456	4
 em	1460	1
 en	1461	1
 eq	1462	2
 er	1464	1
 es	1465	3
 et	1468	1
 eu	1469	3
 fa	1472	3
 fe	1475	12
 fi	1487	2
 fo	1489	3
 fr	1492	14
 fs	1506	1
 fu	1507	1
 fy	1508	1
 ga	1509	6
 ge	1515	4
 gh	1519	1
 gi	1520	4
 go	1524	1
 gr	1525	9
 gu	1534	11
 gw	1545	1
 ha	1546	5
 he	1551	10
 hi	1561	2
 hk	1563	2
 ho	1565	4
 hu	1569	1
 i 	1570	5
 ia	1575	1
 ic	1576	1
 ie	1577	1
 il	1578	2
 in	1580	7
 ir	1587	6
 is	1593	54
 it	1647	2
 iv	1649	1
 iy	1650	1
 ja	1651	4
 je	1655	1
 ji	1656	1
 jo	1657	3
 ju	1660	1
 ka	1661	5
 ke	1666	2
 ki	1668	22
 ko	1690	6
 ku	1696	2
 ky	1698	1
 la	1699	8
 le	1707	6
 li	1713	5
 lm	1718	1
 lo	1719	1
 lu	1720	3
 m 	1723	1
 ma	1724	28
 mc	1752	1
 me	1753	3
 mi	1756	8
 mo	1764	11
 mu	1775	2
 my	1777	1
 n 	1778	2
 na	1780	8
 ne	1788	12
 ng	1800	1
 ni	1801	6
 nm	1807	1
 no	1808	9
 nu	1817	1
 o 	1818	2
 oc	1820	3
 oe	1823	2
 of	1825	210
 og	2035	1
 om	2036	1
 op	2037	1
 or	2038	1
 ot	2039	2
 ou	2041	4
 p 	2045	1
 pa	2046	14
 pd	2060	1
 pe	2061	14
 ph	2075	1
 pi	2076	2
 pl	2078	2
 po	2080	7
 pr	2087	9
 pu	2096	1
 qa	2097	3
 qu	2100	2
 r 	2102	6
 ra	2108	1
 rd	2109	1
 re	2110	152
 rh	2262	2
 ri	2264	2
 rk	2266	1
 ro	2267	3
 rp	2270	1
 ru	2271	4
 rw	2275	1
 s 	2276	20
 sa	2296	23
 se	2319	8
 sf	2327	1
 sg	2328	1
 sh	2329	2
 si	2331	7
 sl	2338	3
 so	2341	25
 sp	2366	4
 sr	2370	2
 ss	2372	1
 st	2373	26
 su	2399	7
 sv	2406	1
 sw	2407	3
 sy	2410	1
 ta	2411	5
 tc	2416	1
 te	2417	21
 th	2438	31
 ti	2469	3
 to	2472	5
 tr	2477	3
 tt	2480	1
 tu	2481	7
 u 	2488	6
 ub	2494	1
 ud	2495	1
 ug	2496	1
 uk	2497	2
 um	2499	2
 un	2501	16
 up	2517	1
 ur	2518	1
 us	2519	7
 uz	2526	1
 v 	2527	1
 va	2528	4
 ve	2532	2
 vi	2534	7
 vo	2541	1
 w 	2542	1
 wa	2543	5
 we	2548	3
 wh	2551	2
 y 	2553	1
 ya	2554	2
 ye	2556	2
 yi	2558	1
 ys	2559	1
 yu	2560	4
 za	2564	3
 ze	2567	1
 zi	2568	1
 zo	2569	2
aa 	2571	1
aal	2572	3
aan	2575	1
aar	2576	2
aat	2578	1
ab 	2579	3
aba	2582	2
abi	2584	1
abl	2585	1
abo	2586	3
abu	2589	1
abw	2590	1
aca	2591	3
acd	2594	1
ace	2595	2
ach	2597	1
aci	2598	2
aco	2600	2
acy	2602	1
ad 	2603	3
ada	2606	5
ade	2611	3
adi	2614	2
adl	2616	1
adm	2617	3
ado	2620	3
ae 	2623	1
aeh	2624	1
ael	2625	1
aer	2626	2
afa	2628	1
aff	2629	1
afg	2630	1
afr	2631	2
aga	2633	2
age	2635	2
ago	2637	1
agr	2638	1
agu	2639	2
ah 	2641	1
aha	2642	3
aho	2645	1
ahr	2646	1
ahv	2647	1
ai 	2648	3
aic	2651	2
aij	2653	2
ail	2655	3
ain	2658	16
aip	2674	2
air	2676	4
ais	2680	1
ait	2681	2
aiw	2683	1
aja	2684	1
aji	2685	1
ajy	2686	2
ak 	2688	3
aka	2691	3
ake	2694	2
akh	2696	1
aki	2697	3
ako	2700	1
akr	2701	1
al 	2702	26
ala	2728	13
alb	2741	3
alc	2744	1
ald	2745	2
ale	2747	2
alg	2749	1
ali	2750	19
alk	2769	1
all	2770	7
alp	2777	1
alt	2778	9
alu	2787	1
alv	2788	2
aly	2790	1
am 	2791	6
ama	2797	6
amb	2803	4
ame	2807	5
ami	2812	6
aml	2818	1
amo	2819	2
amp	2821	1
an 	2822	52
ana	2874	18
anc	2892	5
and	2897	83
ane	2980	6
ang	2986	5
ani	2991	12
ank	3003	1
anm	3004	4
ann	3008	2
ano	3010	3
anr	3013	1
ans	3014	1
ant	3015	8
anu	3023	1
any	3024	4
anz	3028	2
ao 	3030	5
aoe	3035	1
aom	3036	1
aos	3037	1
aot	3038	1
apa	3039	2
ape	3041	2
apo	3043	2
apr	3045	1
apu	3046	1
aq 	3047	1
aqi	3048	1
aqs	3049	1
ar 	3050	11
ara	3061	10
arb	3071	2
arc	3073	4
ard	3077	3
are	3080	1
arg	3081	1
ari	3082	6
ark	3088	1
arm	3089	2
aro	3091	3
arr	3094	1
ars	3095	3
art	3098	7
aru	3105	5
ary	3110	1
as 	3111	11
asa	3122	3
asc	3125	2
ash	3127	1
ask	3128	1
aso	3129	1
ass	3130	2
ast	3132	7
at 	3139	7
ata	3146	3
atc	3149	1
ate	3150	28
ath	3178	1
ati	3179	31
atn	3210	1
ato	3211	7
ats	3218	1
atu	3219	3
atv	3222	2
au 	3224	4
aud	3228	3
aul	3231	1
aun	3232	1
aur	3233	3
aus	3236	4
aut	3240	1
av 	3241	1
ava	3242	1
avi	3243	4
awe	3247	1
awi	3248	1
awl	3249	1
ay 	3250	4
aya	3254	2
aye	3256	2
ayi	3258	1
aym	3259	1
ayn	3260	1
ayo	3261	1
ays	3262	1
ayt	3263	1
aza	3264	3
aze	3267	1
azi	3268	2
azz	3270	1
ba 	3271	3
bab	3274	1
bad	3275	1
bag	3276	1
bah	3277	2
bai	3279	3
bal	3282	2
ban	3284	4
bar	3288	7
bat	3295	2
bbe	3297	1
bea	3298	1
bek	3299	1
bel	3300	5
ben	3305	2
ber	3307	3
bes	3310	1
bha	3311	1
bhu	3312	1
bia	3313	7
bie	3320	2
bio	3322	1
biq	3323	1
bis	3324	1
bli	3325	151
bna	3476	1
bo 	3477	2
bod	3479	2
boj	3481	1
bol	3482	2
bon	3484	3
bor	3487	1
bos	3488	1
bot	3489	1
bou	3490	4
boy	3494	1
br 	3495	1
bra	3496	3
brd	3499	1
bri	3500	6
bru	3506	1
bss	3507	1
bud	3508	1
bul	3509	2
bur	3511	5
bus	3516	1
but	3517	1
buu	3518	1
bvi	3519	1
bwe	3520	1
bya	3521	1
bye	3522	2
ca 	3524	14
cab	3538	1
cae	3539	1
cai	3540	2
cal	3542	1
cam	3543	3
can	3546	9
cao	3555	2
cap	3557	1
car	3558	4
cas	3562	1
cau	3563	1
cay	3564	1
cba	3565	1
cca	3566	1
ccc	3567	1
cco	3568	1
ccp	3569	1
cdo	3570	1
ce 	3571	10
cea	3581	2
ced	3583	1
ceg	3584	1
cel	3585	2
cen	3587	3
cer	3590	1
ces	3591	3
cey	3594	1
ch 	3595	12
cha	3607	2
che	3609	4
chi	3613	7
cho	3620	2
chr	3622	2
cht	3624	1
chu	3625	1
chy	3626	1
ci 	3627	1
cia	3628	13
cie	3641	3
cif	3644	2
cip	3646	4
cis	3650	1
cit	3651	1
civ	3652	1
ck 	3653	2
cka	3655	1
cna	3656	1
cnm	3657	1
co 	3658	6
coa	3664	2
coc	3666	1
coi	3667	1
col	3668	6
com	3674	10
con	3684	5
coo	3689	1
cos	3690	3
cot	3693	1
cou	3694	4
cp 	3698	1
cra	3699	12
cro	3711	2
cs 	3713	1
cti	3714	8
cua	3722	1
cub	3723	1
cul	3724	1
cun	3725	1
cur	3726	1
cyj	3727	1
cyo	3728	1
cyp	3729	1
cze	3730	2
da 	3732	9
dad	3741	1
dae	3742	1
dag	3743	1
dah	3744	2
dan	3746	4
dar	3750	1
das	3751	1
dav	3752	1
daw	3753	1
de 	3754	10
del	3764	4
dem	3768	12
den	3780	9
dep	3789	5
der	3794	17
des	3811	6
deu	3817	1
dev	3818	1
di 	3819	4
dia	3823	7
dib	3830	1
dic	3831	1
din	3832	2
dio	3834	1
dis	3835	1
div	3836	1
dja	3837	1
dji	3838	1
dlo	3839	1
dly	3840	1
dmi	3841	3
doe	3844	1
dom	3845	23
don	3868	4
doo	3872	1
dor	3873	3
dos	3876	2
dov	3878	1
dpr	3879	1
dr 	3880	3
drc	3883	1
dre	3884	1
dro	3885	1
drv	3886	1
ds 	3887	36
dse	3923	1
du 	3924	2
duc	3926	2
dur	3928	1
dus	3929	1
dut	3930	3
dwa	3933	1
dwi	3934	1
dza	3935	1
dzh	3936	1
dzi	3937	1
ea 	3938	8
eac	3946	1
eal	3947	7
ean	3954	4
ear	3958	2
eas	3960	6
eat	3966	2
eba	3968	1
ebr	3969	1
ecb	3970	1
ece	3971	1
ech	3972	3
eci	3975	2
eck	3977	1
ect	3978	4
ecu	3982	1
ed 	3983	13
ede	3996	16
edi	4012	1
edo	4013	2
ee 	4015	3
eec	4018	1
eek	4019	2
eel	4021	2
een	4023	2
eep	4025	1
ees	4026	1
efa	4027	1
ega	4028	2
egi	4030	3
ego	4033	1
egr	4034	2
egu	4036	1
egy	4037	1
eha	4038	1
ehp	4039	1
ei 	4040	3
ein	4043	2
ej 	4045	1
eja	4046	1
ek 	4047	2
ekb	4049	1
eki	4050	1
ekp	4051	1
el 	4052	6
ela	4058	8
ele	4066	3
elg	4069	1
eli	4070	2
ell	4072	7
elo	4079	6
elv	4085	1
ema	4086	2
emb	4088	1
eme	4089	4
emi	4093	2
emo	4095	13
emy	4108	1
en 	4109	12
ena	4121	4
enc	4125	9
end	4134	8
ene	4142	6
eng	4148	1
eni	4149	6
enj	4155	2
enl	4157	1
enm	4158	1
eno	4159	1
ens	4160	3
ent	4163	9
eny	4172	1
eo 	4173	1
eol	4174	1
eon	4175	1
eop	4176	10
eor	4186	2
eou	4188	1
ep 	4189	2
epa	4191	2
epe	4193	4
epu	4197	150
equ	4347	2
er 	4349	11
era	4360	16
erb	4376	4
erc	4380	3
erd	4383	1
ere	4384	3
eri	4387	8
erl	4395	4
erm	4399	3
ern	4402	16
ero	4418	3
err	4421	24
ers	4445	3
ert	4448	3
eru	4451	1
erv	4452	1
erz	4453	1
es 	4454	26
ese	4480	9
esh	4489	1
esi	4490	6
esk	4496	2
eso	4498	1
esp	4499	2
est	4501	6
esw	4507	1
et 	4508	6
eta	4514	1
eth	4515	4
eti	4519	1
etn	4520	2
etr	4522	2
ets	4524	1
ett	4525	1
etu	4526	1
eul	4527	1
eun	4528	1
eur	4529	1
eus	4530	1
eut	4531	2
evi	4533	2
ew 	4535	6
ewa	4541	1
exi	4542	1
ey 	4543	5
eyc	4548	1
eyj	4549	1
eyl	4550	1
eys	4551	1
ezu	4552	1
fae	4553	1
fal	4554	1
far	4555	2
fas	4557	1
fat	4558	1
fed	4559	13
ffg	4572	1
fgh	4573	1
fic	4574	2
fij	4576	1
fin	4577	1
foe	4578	1
fol	4579	1
for	4580	3
fr 	4583	1
fra	4584	5
fre	4589	9
frg	4598	1
fri	4599	3
fry	4602	1
fsm	4603	1
fut	4604	1
fyr	4605	1
ga 	4606	1
gab	4607	2
gal	4609	4
gam	4613	1
gan	4614	5
gap	4619	1
gar	4620	3
gas	4623	1
gaw	4624	1
gdo	4625	19
ge 	4644	2
gen	4646	1
geo	4647	2
ger	4649	5
gha	4654	2
ghw	4656	1
gia	4657	2
gib	4659	1
gie	4660	1
gil	4661	1
gin	4662	3
gio	4665	4
giu	4669	1
gko	4670	1
gla	4671	1
go 	4672	4
gol	4676	3
gos	4679	2
gou	4681	1
gov	4682	1
gra	4683	1
gre	4684	7
gri	4691	1
gro	4692	4
gss	4696	1
gu 	4697	1
gua	4698	7
gue	4705	2
gui	4707	7
guk	4714	1
guy	4715	2
gwa	4717	1
gyp	4718	1
gyz	4719	1
ha 	4720	3
had	4723	2
hai	4725	2
hak	4727	1
hal	4728	2
ham	4730	1
han	4731	6
har	4737	2
has	4739	2
hau	4741	1
hay	4742	2
he 	4744	31
hea	4775	2
heb	4777	1
hee	4778	1
hel	4779	5
hem	4784	1
hen	4785	2
her	4787	20
hes	4807	2
het	4809	1
hew	4810	1
hia	4811	2
hil	4813	2
him	4815	1
hin	4816	5
hio	4821	1
hir	4822	1
hit	4823	2
hkj	4825	1
hks	4826	1
hme	4827	1
hns	4828	1
ho 	4829	2
hod	4831	2
hol	4833	2
hom	4835	1
hon	4836	4
hos	4840	2
hpa	4842	1
hqi	4843	1
hra	4844	1
hre	4845	1
hri	4846	2
hs 	4848	1
hst	4849	1
hte	4850	1
hu 	4851	1
hua	4852	1
hun	4853	2
hut	4855	1
hve	4856	1
hwa	4857	1
hy 	4858	1
ia 	4859	62
iag	4921	2
ial	4923	14
iam	4937	1
ian	4938	18
iap	4956	1
iat	4957	1
ib 	4958	2
iba	4960	2
ibb	4962	1
ibe	4963	1
ibi	4964	1
ibo	4965	1
ibr	4966	1
ibu	4967	1
iby	4968	1
ic 	4969	154
ica	5123	19
ice	5142	4
ich	5146	2
ick	5148	2
ico	5150	3
icr	5153	1
ics	5154	1
ida	5155	1
ide	5156	1
idw	5157	1
ie 	5158	1
iec	5159	2
iel	5161	2
ien	5163	2
iep	5165	1
ier	5166	4
ies	5170	6
iet	5176	4
ifi	5180	2
ige	5182	2
igu	5184	1
iha	5185	1
iho	5186	1
iik	5187	1
ija	5188	4
iji	5192	1
ik 	5193	3
ika	5196	6
ike	5202	2
iki	5204	1
ikk	5205	1
iku	5206	1
il 	5207	2
ila	5209	3
ilb	5212	1
ile	5213	3
ili	5216	2
ill	5218	6
ils	5224	1
im 	5225	1
ima	5226	1
imb	5227	1
imi	5228	1
imo	5229	3
in 	5232	13
ina	5245	12
inc	5257	7
ind	5264	5
ine	5269	11
ing	5280	24
ini	5304	12
ink	5316	1
inl	5317	2
inn	5319	1
ino	5320	3
inq	5323	1
ins	5324	1
int	5325	10
io 	5335	1
ioc	5336	1
ion	5337	21
iop	5358	1
ior	5359	1
iot	5360	2
iou	5362	1
ipa	5363	4
ipe	5367	3
ipp	5370	2
iqu	5372	6
ir 	5378	1
ira	5379	4
ird	5383	1
ire	5384	5
irg	5389	3
iri	5392	3
irn	5395	1
is 	5396	5
isc	5401	3
ise	5404	2
ish	5406	7
isi	5413	2
isl	5415	52
isr	5467	2
iss	5469	3
ist	5472	22
it 	5494	2
ita	5496	7
itc	5503	1
ite	5504	14
ith	5518	1
iti	5519	6
ito	5525	20
itr	5545	1
itt	5546	3
itu	5549	1
ity	5550	8
itz	5558	1
iue	5559	1
ium	5560	2
ius	5562	2
iva	5564	1
ive	5565	5
ivi	5570	6
ivo	5576	1
iwa	5577	2
iwi	5579	2
iya	5581	2
iye	5583	1
iyo	5584	1
ize	5585	1
ja 	5586	6
jab	5592	1
jal	5593	1
jam	5594	1
jan	5595	2
jap	5597	1
jar	5598	1
jas	5599	1
jaz	5600	1
jer	5601	1
ji 	5602	1
jib	5603	1
jik	5604	2
joh	5606	1
jon	5607	1
jor	5608	1
jou	5609	1
juz	5610	1
jya	5611	2
ka 	5613	7
kae	5620	1
kaj	5621	1
kal	5622	2
kam	5624	1
kar	5625	3
kat	5628	1
kay	5629	1
kaz	5630	1
kba	5631	1
ke 	5632	1
ked	5633	1
kee	5634	1
kel	5635	1
ken	5636	3
ker	5639	1
key	5640	1
khs	5641	1
kia	5642	2
kim	5644	1
kin	5645	21
kir	5666	1
kis	5667	3
kit	5670	1
kiy	5671	1
kj 	5672	1
kki	5673	1
kla	5674	1
kme	5675	1
ko 	5676	1
kok	5677	1
kom	5678	1
kon	5679	1
kor	5680	2
kos	5682	2
kpa	5684	1
kra	5685	2
kry	5687	1
ks 	5688	2
ksa	5690	1
ku 	5691	2
kub	5693	1
kuo	5694	1
kuw	5695	1
kwo	5696	1
kyr	5697	1
la 	5698	14
laa	5712	1
lad	5713	2
lag	5715	1
lak	5716	1
lal	5717	1
lam	5718	7
lan	5725	65
lao	5790	2
lar	5792	2
las	5794	2
lat	5796	2
lau	5798	2
lav	5800	2
law	5802	1
lay	5803	1
lba	5804	2
lbe	5806	1
lbo	5807	1
lcy	5808	1
ld 	5809	1
lda	5810	1
ldi	5811	1
ldo	5812	1
le 	5813	20
lea	5833	1
leb	5834	1
lec	5835	4
led	5839	1
lef	5840	1
lem	5841	2
len	5843	3
leo	5846	1
les	5847	7
lew	5854	1
ley	5855	1
lga	5856	1
lge	5857	1
lgi	5858	1
li 	5859	2
lia	5861	8
lib	5869	2
lic	5871	152
lie	6023	1
lik	6024	7
lin	6031	1
lio	6032	1
lip	6033	1
liq	6034	2
lis	6036	13
lit	6049	7
liv	6056	2
liw	6058	2
liz	6060	1
lk 	6061	1
lkl	6062	1
ll 	6063	5
lla	6068	6
lle	6074	10
lli	6084	7
llo	6091	1
lma	6092	1
lo 	6093	2
lom	6095	2
lon	6097	2
loo	6099	1
lor	6100	3
lou	6103	2
lov	6105	3
lpa	6108	1
lpo	6109	1
ls 	6110	1
lta	6111	5
lth	6116	6
lu 	6122	1
lub	6123	1
luc	6124	1
lur	6125	1
lux	6126	1
lva	6127	1
lve	6128	1
lvi	6129	1
ly 	6130	3
lyi	6133	1
lyn	6134	1
ma 	6135	7
maa	6142	2
mac	6144	3
mad	6147	2
mag	6149	1
mai	6150	2
mak	6152	1
mal	6153	10
mam	6163	1
man	6164	6
mar	6170	10
mas	6180	3
mat	6183	2
mau	6185	3
may	6188	2
mba	6190	1
mbi	6191	4
mbo	6195	2
mbu	6197	1
mcd	6198	1
me 	6199	2
men	6201	9
mer	6210	6
met	6216	2
mex	6218	1
mey	6219	1
mi 	6220	2
mib	6222	1
mic	6223	6
mid	6229	1
min	6230	10
miq	6240	1
mir	6241	1
mis	6242	2
mit	6244	1
mla	6245	1
mme	6246	1
mmo	6247	6
mmu	6253	3
moa	6256	2
moc	6258	13
moi	6271	1
moj	6272	1
mok	6273	1
mol	6274	1
mon	6275	12
moo	6287	1
mor	6288	6
mos	6294	2
moz	6296	1
mpu	6297	1
mre	6298	1
mud	6299	1
mun	6300	4
mur	6304	2
my 	6306	1
mya	6307	1
na 	6308	20
naa	6328	2
nac	6330	3
nad	6333	3
nae	6336	1
nai	6337	4
naj	6341	1
nak	6342	2
nal	6344	5
nam	6349	6
nan	6355	2
nao	6357	1
nar	6358	2
nas	6360	2
nat	6362	4
nau	6366	1
nce	6367	7
nch	6374	7
nci	6381	7
nco	6388	1
nd 	6389	57
nda	6446	2
nde	6448	8
ndi	6456	7
ndl	6463	1
ndo	6464	4
nds	6468	36
ndu	6504	2
ndw	6506	1
ne 	6507	13
nea	6520	4
nec	6524	1
ned	6525	2
neg	6527	5
neh	6532	1
nei	6533	2
nek	6535	1
nem	6536	2
neo	6538	2
nep	6540	1
ner	6541	1
nes	6542	9
net	6551	3
neu	6554	1
nev	6555	1
new	6556	5
nez	6561	1
nfe	6562	1
nfo	6563	1
ng 	6564	5
nga	6569	5
ngd	6574	19
ngh	6593	1
ngk	6594	1
ngl	6595	1
ngo	6596	4
ngu	6600	2
nha	6602	1
ni 	6603	4
nia	6607	20
nic	6627	5
nid	6632	1
nie	6633	1
nig	6634	2
nih	6636	1
nij	6637	1
nik	6638	1
nin	6639	4
nio	6643	8
nip	6651	2
niq	6653	1
nis	6654	10
nit	6664	11
niu	6675	2
nji	6677	1
njo	6678	1
nka	6679	1
nku	6680	1
nkw	6681	1
nla	6682	3
nma	6685	3
nmi	6688	2
nn 	6690	1
nna	6691	1
nni	6692	3
no 	6695	4
nol	6699	1
non	6700	1
nor	6701	10
nov	6711	1
nqu	6712	1
nra	6713	1
ns 	6714	1
nse	6715	1
nsh	6716	1
nsi	6717	1
nsk	6718	1
nst	6719	2
nt 	6721	15
nta	6736	5
nte	6741	2
nti	6743	3
nto	6746	1
ntr	6747	5
nts	6752	2
nua	6754	1
nun	6755	1
nwe	6756	6
ny 	6762	3
nya	6765	2
nyi	6767	1
nza	6768	1
nzh	6769	1
nzi	6770	1
oa 	6771	4
oas	6775	1
oat	6776	1
oba	6777	2
oc 	6779	2
oca	6781	1
occ	6782	2
oce	6784	3
oci	6787	10
oco	6797	1
ocr	6798	12
ode	6810	3
odi	6813	1
odz	6814	1
oe 	6815	1
oed	6816	1
oen	6817	2
oer	6819	2
oes	6821	2
of 	6823	210
og 	7033	1
ogo	7034	1
ohn	7035	1
oi 	7036	1
oim	7037	1
oir	7038	1
ois	7039	1
oja	7040	2
ok 	7042	2
oke	7044	1
okr	7045	1
oku	7046	1
ol 	7047	1
ola	7048	4
old	7052	1
ole	7053	1
oli	7054	5
olk	7059	1
oll	7060	8
olo	7068	3
olt	7071	1
oly	7072	2
om 	7074	19
oma	7093	3
omb	7096	1
ome	7097	5
omi	7102	4
omm	7106	9
omo	7115	2
omr	7117	1
on 	7118	30
ona	7148	8
ond	7156	2
one	7158	6
onf	7164	1
ong	7165	6
oni	7171	3
onn	7174	1
ono	7175	1
ont	7176	3
onw	7179	6
ony	7185	1
oo 	7186	1
ook	7187	1
oon	7188	1
oos	7189	1
oot	7190	1
ope	7191	3
oph	7194	1
opi	7195	1
opl	7196	10
opo	7206	2
opu	7208	1
or 	7209	5
ord	7214	1
ore	7215	5
orf	7220	1
org	7221	2
ori	7223	13
orm	7236	1
oro	7237	3
orr	7240	2
ort	7242	9
oru	7251	2
orw	7253	1
ory	7254	17
os 	7271	5
osh	7276	1
osl	7277	3
osn	7280	1
oso	7281	2
ost	7283	3
ot 	7286	2
ote	7288	2
oth	7290	4
ots	7294	2
ott	7296	1
ou 	7297	1
oua	7298	2
oud	7300	1
oug	7301	1
ouh	7302	1
oum	7303	1
oun	7304	4
ouo	7308	1
oup	7309	2
our	7311	2
ous	7313	1
out	7314	14
ouv	7328	3
ova	7331	5
ove	7336	2
ovi	7338	5
ovo	7343	1
ovy	7344	1
oya	7345	2
oye	7347	1
oza	7348	1
pa 	7349	1
paa	7350	1
pac	7351	2
pai	7353	2
pak	7355	1
pal	7356	7
pan	7363	4
pap	7367	2
par	7369	5
pat	7374	1
pau	7375	2
pdr	7377	1
pe 	7378	4
pea	7382	2
pec	7384	2
pee	7386	1
pei	7387	1
pel	7388	2
pen	7390	4
peo	7394	10
per	7404	5
pet	7409	1
phe	7410	1
phi	7411	1
pi 	7412	1
pia	7413	1
pie	7414	1
pin	7415	1
pit	7416	1
ple	7417	11
plu	7428	1
po 	7429	1
pol	7430	4
pon	7434	1
pop	7435	1
por	7436	3
pou	7439	1
ppe	7440	1
ppi	7441	1
ppo	7442	1
pr 	7443	2
pra	7445	1
prc	7446	1
pri	7447	5
prk	7452	1
pro	7453	4
pru	7457	1
pt 	7458	1
pua	7459	1
pub	7460	150
puc	7610	1
pue	7611	1
pul	7612	1
qam	7613	1
qat	7614	1
qaz	7615	1
qi 	7616	1
qip	7617	1
qst	7618	1
qua	7619	2
que	7621	7
qum	7628	1
ra 	7629	8
rab	7637	4
rac	7641	1
rae	7642	1
rag	7643	2
rai	7645	2
raj	7647	2
ral	7649	12
ran	7661	8
rap	7669	1
raq	7670	2
ras	7672	1
rat	7673	27
ray	7700	1
raz	7701	3
rba	7704	2
rbi	7706	2
rbo	7708	1
rbu	7709	2
rc 	7711	2
rce	7713	2
rct	7715	4
rcu	7719	1
rd 	7720	5
rda	7725	1
rde	7726	2
re 	7728	7
rea	7735	5
red	7740	1
ree	7741	5
reg	7746	3
rei	7749	1
rel	7750	2
rem	7752	1
ren	7753	12
reo	7765	1
rep	7766	150
res	7916	3
ret	7919	1
reu	7920	1
rey	7921	1
rfo	7922	1
rg 	7923	2
rge	7925	1
rgi	7926	5
rgy	7931	1
rho	7932	2
ri 	7934	4
ria	7938	12
rib	7950	3
ric	7953	8
rid	7961	1
rie	7962	6
rii	7968	1
rik	7969	1
ril	7970	1
rin	7971	9
rio	7980	1
riq	7981	1
ris	7982	6
rit	7988	26
riy	8014	2
rk 	8016	2
rke	8018	1
rki	8019	2
rkm	8021	1
rks	8022	2
rla	8024	4
rma	8028	4
rme	8032	2
rmo	8034	1
rmu	8035	1
rn 	8036	14
rne	8050	3
rns	8053	1
ro 	8054	3
roa	8057	2
rob	8059	1
roc	8060	2
roe	8062	2
rok	8064	1
rom	8065	1
ron	8066	2
roo	8068	1
rop	8069	2
ros	8071	1
rou	8072	2
rov	8074	2
roy	8076	1
rp 	8077	1
rra	8078	4
rre	8082	2
rri	8084	23
rs 	8107	2
rse	8109	1
rsh	8110	2
rso	8112	1
rt 	8113	5
rte	8118	1
rth	8119	7
rti	8126	3
rtm	8129	1
rto	8130	1
rtr	8131	1
rts	8132	1
rtu	8133	1
rtv	8134	1
rtz	8135	1
ru 	8136	2
rub	8138	1
rug	8139	1
ruk	8140	1
rum	8141	1
run	8142	2
rus	8144	6
rut	8150	2
rv 	8152	2
rve	8154	1
rwa	8155	2
ry 	8157	24
rze	8181	1
sa 	8182	2
sab	8184	1
sac	8185	1
sah	8186	1
sai	8187	10
sak	8197	1
sal	8198	2
sam	8200	2
san	8202	4
sao	8206	1
sar	8207	2
sas	8209	1
sau	8210	3
sav	8213	2
sca	8215	1
sce	8216	2
sch	8218	1
sco	8219	1
se 	8220	10
see	8230	1
sen	8231	1
ser	8232	5
set	8237	1
sey	8238	3
sfr	8241	1
sgs	8242	1
sh 	8243	8
sha	8251	2
she	8253	3
shm	8256	1
sho	8257	1
shq	8258	1
si 	8259	2
sia	8261	12
sie	8273	1
sik	8274	1
sil	8275	1
sin	8276	3
sio	8279	1
siw	8280	1
ska	8281	2
sko	8283	1
sla	8284	54
sle	8338	4
slo	8342	3
sm 	8345	1
smo	8346	1
sni	8347	1
so 	8348	2
soc	8350	10
sol	8360	1
som	8361	2
son	8363	2
sot	8365	2
sou	8367	13
sov	8380	3
spa	8383	2
spe	8385	2
spu	8387	2
sr 	8389	3
sra	8392	1
sri	8393	1
srv	8394	1
ss 	8395	2
ssa	8397	3
ssi	8400	5
ssk	8405	1
sso	8406	1
ssr	8407	2
st 	8409	19
sta	8428	38
ste	8466	6
sth	8472	1
sti	8473	3
stl	8476	1
stm	8477	1
sto	8478	3
str	8481	7
sty	8488	1
sud	8489	2
sul	8491	1
sum	8492	1
suo	8493	1
sur	8494	2
sva	8496	1
svi	8497	1
swa	8498	2
swe	8500	1
swi	8501	1
syr	8502	1
ta 	8503	6
taa	8509	1
tab	8510	1
tai	8511	3
taj	8514	1
tal	8515	2
tan	8517	17
tap	8534	1
tar	8535	6
tas	8541	1
tat	8542	26
tau	8568	1
tca	8569	1
tch	8570	4
tci	8574	1
te 	8575	27
tea	8602	1
ted	8603	12
tei	8615	1
tem	8616	1
ten	8617	5
ter	8622	23
tes	8645	8
th 	8653	16
tha	8669	2
the	8671	47
thi	8718	2
tho	8720	1
ths	8721	1
thu	8722	1
ti 	8723	5
tia	8728	3
tic	8731	19
tig	8750	1
tih	8751	1
til	8752	1
tim	8753	2
tin	8755	6
tio	8761	9
tis	8770	5
tiu	8775	2
tiv	8777	8
tla	8785	1
tle	8786	1
tly	8787	1
tma	8788	1
tme	8789	1
tna	8790	2
tni	8792	1
to 	8793	3
tob	8796	1
tog	8797	1
tok	8798	1
tol	8799	3
tom	8802	1
ton	8803	4
top	8807	1
tor	8808	22
tpi	8830	1
tra	8831	9
tre	8840	1
tri	8841	4
tro	8845	2
tru	8847	1
try	8848	4
ts 	8852	3
tsc	8855	1
tse	8856	1
tsh	8857	1
tsi	8858	1
tsk	8859	1
tsw	8860	1
tta	8861	1
tte	8862	1
tti	8863	1
ttl	8864	1
ttp	8865	1
tts	8866	1
tu 	8867	4
tug	8871	2
tun	8873	2
tur	8875	3
tus	8878	1
tut	8879	1
tuv	8880	1
tva	8881	1
tve	8882	2
tvi	8884	1
ty 	8885	8
tyc	8893	1
tz 	8894	1
tze	8895	1
ua 	8896	3
uad	8899	2
uah	8901	1
uam	8902	1
uan	8903	3
uat	8906	4
uay	8910	2
uba	8912	2
ubl	8914	150
ubn	9064	1
ubu	9065	2
uch	9067	2
uci	9069	2
ud 	9071	1
uda	9072	4
udi	9076	3
udz	9079	1
ue 	9080	5
uee	9085	1
uel	9086	2
uen	9088	1
uer	9089	2
ues	9091	1
uga	9092	3
ugo	9095	2
ugu	9097	2
uha	9099	1
uia	9100	2
uil	9102	1
uin	9103	4
uk 	9107	2
uke	9109	1
ukr	9110	1
ul 	9111	1
ule	9112	1
ulg	9113	1
uli	9114	1
ull	9115	1
ult	9116	1
um 	9117	2
uma	9119	2
umb	9121	1
umm	9122	1
umu	9123	1
un 	9124	2
una	9126	2
und	9128	1
une	9129	2
ung	9131	2
unh	9133	1
uni	9134	22
unt	9156	4
uo 	9160	2
uom	9162	1
up 	9163	2
upe	9165	1
upp	9166	1
ur 	9167	1
ura	9168	2
urb	9170	1
ure	9171	1
urg	9172	1
uri	9173	6
urk	9179	4
urm	9183	2
uro	9185	1
urr	9186	1
uru	9187	4
ury	9191	1
us 	9192	11
usa	9203	1
usi	9204	1
usk	9205	1
usm	9206	1
uso	9207	1
uss	9208	5
ust	9213	7
usv	9220	1
ut 	9221	1
uta	9222	2
utc	9224	3
ute	9227	1
uth	9228	13
uti	9241	1
utl	9242	1
utr	9243	1
uts	9244	1
utu	9245	1
uut	9246	1
uva	9247	1
uve	9248	2
uvo	9250	1
uwa	9251	1
uxe	9252	1
uya	9253	2
uzb	9255	1
uzu	9256	1
va 	9257	3
vab	9260	1
vad	9261	1
vak	9262	2
val	9264	4
van	9268	1
var	9269	2
vat	9271	1
ve 	9272	4
vej	9276	1
vel	9277	1
ven	9278	4
ver	9282	2
ves	9284	1
vet	9285	2
vey	9287	1
vi 	9288	2
via	9290	4
vie	9294	4
vij	9298	1
vil	9299	2
vin	9301	5
vir	9306	3
vis	9309	1
vit	9310	6
vo 	9316	1
voi	9317	2
vol	9319	1
vor	9320	1
vye	9321	1
wa 	9322	2
wad	9324	1
wai	9325	2
wak	9327	2
wal	9329	1
wan	9330	5
wat	9335	1
way	9336	2
waz	9338	1
we 	9339	1
wea	9340	6
wed	9346	1
wej	9347	1
wes	9348	3
whi	9351	2
wi 	9353	1
wic	9354	3
wis	9357	1
wit	9358	1
wla	9359	1
wo 	9360	1
xem	9361	1
xic	9362	1
ya 	9363	10
yan	9373	3
yar	9376	2
yas	9378	1
ych	9379	1
ycn	9380	1
ye 	9381	1
yel	9382	2
yem	9384	2
yen	9386	2
yer	9388	1
yet	9389	1
yik	9390	1
yin	9391	1
yis	9392	1
yit	9393	1
yja	9394	2
yla	9396	1
yma	9397	1
yn 	9398	1
yne	9399	1
yon	9400	2
yot	9402	1
ypr	9403	1
ypt	9404	1
yr 	9405	1
yrg	9406	1
yri	9407	1
ys 	9408	1
ysi	9409	1
ysl	9410	1
yti	9411	1
yug	9412	2
yul	9414	1
yun	9415	1
yz 	9416	1
yzs	9417	1
zai	9418	2
zak	9420	1
zam	9421	2
zan	9423	1
zao	9424	1
zaq	9425	1
zav	9426	1
zay	9427	1
zbe	9428	1
ze 	9429	1
zea	9430	1
zec	9431	2
zeg	9433	1
zer	9434	2
zha	9436	1
zhu	9437	1
zib	9438	1
zil	9439	2
zim	9441	2
zon	9443	2
zst	9445	1
zue	9446	1
zur	9447	1
zza	9448	1
