currency	MISSING	0	32
currency	aed	32	1
currency	afghani	33	1
currency	afn	34	1
currency	algerian dinar	35	1
currency	all	36	1
currency	amd	37	1
currency	aoa	38	1
currency	argentine peso	39	1
currency	armenian dram	40	1
currency	ars	41	1
currency	aruban florin	42	1
currency	aud	43	8
currency	australian dollar	51	8
currency	awg	59	1
currency	azerbaijan manat	60	1
currency	azn	61	1
currency	bahamian dollar	62	1
currency	bahraini dinar	63	1
currency	baht	64	1
currency	balboa	65	1
currency	bam	66	1
currency	barbados dollar	67	1
currency	bbd	68	1
currency	bdt	69	1
currency	belarusian ruble	70	1
currency	belize dollar	71	1
currency	bermudian dollar	72	1
currency	bhd	73	1
currency	bif	74	1
currency	bmd	75	1
currency	bnd	76	1
currency	bob	77	1
currency	bolivar soberano	78	1
currency	boliviano	79	1
currency	brazilian real	80	1
currency	brl	81	1
currency	brunei dollar	82	1
currency	bsd	83	1
currency	btn	84	1
currency	burundi franc	85	1
currency	bwp	86	1
currency	byn	87	1
currency	bzd	88	1
currency	cabo verde escudo	89	1
currency	cad	90	1
currency	canadian dollar	91	1
currency	caribbean guilder	92	2
currency	cayman islands dollar	94	1
currency	cdf	95	1
currency	cfa franc bceao	96	8
currency	cfa franc beac	104	6
currency	cfp franc	110	3
currency	chf	113	2
currency	chilean peso	115	1
currency	clp	116	1
currency	cny	117	1
currency	colombian peso	118	1
currency	comorian franc	119	1
currency	congolese franc	120	1
currency	convertible mark	121	1
currency	cop	122	1
currency	cordoba oro	123	1
currency	costa rican colon	124	1
currency	crc	125	1
currency	cuban peso	126	1
currency	cup	127	1
currency	cve	128	1
currency	czech koruna	129	1
currency	czk	130	1
currency	dalasi	131	1
currency	danish krone	132	3
currency	denar	135	1
currency	djf	136	1
currency	djibouti franc	137	1
currency	dkk	138	3
currency	dobra	141	1
currency	dominican peso	142	1
currency	dong	143	1
currency	dop	144	1
currency	dzd	145	1
currency	east caribbean dollar	146	8
currency	egp	154	1
currency	egyptian pound	155	1
currency	ern	156	1
currency	etb	157	1
currency	ethiopian birr	158	1
currency	eur	159	37
currency	euro	196	37
currency	falkland islands pound	233	1
currency	fiji dollar	234	1
currency	fjd	235	1
currency	fkp	236	1
currency	forint	237	1
currency	gbp	238	5
currency	gel	243	1
currency	ghana cedi	244	1
currency	ghs	245	1
currency	gibraltar pound	246	1
currency	gip	247	1
currency	gmd	248	1
currency	gnf	249	1
currency	gourde	250	1
currency	gtq	251	1
currency	guarani	252	1
currency	guinean franc	253	1
currency	guyana dollar	254	1
currency	gyd	255	1
currency	hkd	256	1
currency	hnl	257	1
currency	hong kong dollar	258	1
currency	hryvnia	259	1
currency	htg	260	1
currency	huf	261	1
currency	iceland krona	262	1
currency	idr	263	1
currency	ils	264	2
currency	indian rupee	266	2
currency	inr	268	2
currency	iqd	270	1
currency	iranian rial	271	1
currency	iraqi dinar	272	1
currency	irr	273	1
currency	isk	274	1
currency	jamaican dollar	275	1
currency	jmd	276	1
currency	jod	277	2
currency	jordanian dinar	279	2
currency	jpy	281	1
currency	kenyan shilling	282	1
currency	kes	283	1
currency	kgs	284	1
currency	khr	285	1
currency	kina	286	1
currency	kmf	287	1
currency	kpw	288	1
currency	krw	289	1
currency	kuwaiti dinar	290	1
currency	kwanza	291	1
currency	kwd	292	1
currency	kyat	293	1
currency	kyd	294	1
currency	kzt	295	1
currency	lak	296	1
currency	lao kip	297	1
currency	lari	298	1
currency	lbp	299	1
currency	lebanese pound	300	1
currency	lek	301	1
currency	lempira	302	1
currency	leone	303	1
currency	liberian dollar	304	1
currency	libyan dinar	305	1
currency	lilangeni	306	1
currency	lkr	307	1
currency	loti	308	1
currency	lrd	309	1
currency	lsl	310	1
currency	lyd	311	1
currency	mad	312	2
currency	malagasy ariary	314	1
currency	malawi kwacha	315	1
currency	malaysian ringgit	316	1
currency	mauritius rupee	317	1
currency	mdl	318	1
currency	mexican peso	319	1
currency	mga	320	1
currency	mkd	321	1
currency	mmk	322	1
currency	mnt	323	1
currency	moldovan leu	324	1
currency	mop	325	1
currency	moroccan dirham	326	2
currency	mozambique metical	328	1
currency	mru	329	1
currency	mur	330	1
currency	mvr	331	1
currency	mwk	332	1
currency	mxn	333	1
currency	myr	334	1
currency	mzn	335	1
currency	nad	336	1
currency	naira	337	1
currency	nakfa	338	1
currency	namibia dollar	339	1
currency	nepalese rupee	340	1
currency	new israeli sheqel	341	2
currency	new taiwan dollar	343	1
currency	new zealand dollar	344	5
currency	ngn	349	1
currency	ngultrum	350	1
currency	nio	351	1
currency	nok	352	3
currency	north korean won	355	1
currency	norwegian krone	356	3
currency	npr	359	1
currency	nzd	360	5
currency	omr	365	1
currency	ouguiya	366	1
currency	pa'anga	367	1
currency	pab	368	1
currency	pakistan rupee	369	1
currency	pataca	370	1
currency	pen	371	1
currency	peso uruguayo	372	1
currency	pgk	373	1
currency	philippine peso	374	1
currency	php	375	1
currency	pkr	376	1
currency	pln	377	1
currency	pound sterling	378	5
currency	pula	383	1
currency	pyg	384	1
currency	qar	385	1
currency	qatari rial	386	1
currency	quetzal	387	1
currency	rand	388	3
currency	rial omani	391	1
currency	riel	392	1
currency	romanian leu	393	1
currency	ron	394	1
currency	rsd	395	1
currency	rub	396	1
currency	rufiyaa	397	1
currency	rupiah	398	1
currency	russian ruble	399	1
currency	rwanda franc	400	1
currency	rwf	401	1
currency	saint helena pound	402	1
currency	sar	403	1
currency	saudi riyal	404	1
currency	sbd	405	1
currency	scr	406	1
currency	sdg	407	1
currency	sek	408	1
currency	serbian dinar	409	1
currency	seychelles rupee	410	1
currency	sgd	411	1
currency	shp	412	1
currency	singapore dollar	413	1
currency	sle	414	1
currency	sol	415	1
currency	solomon islands dollar	416	1
currency	som	417	1
currency	somali shilling	418	1
currency	somoni	419	1
currency	sos	420	1
currency	south sudanese pound	421	1
currency	srd	422	1
currency	sri lanka rupee	423	1
currency	ssp	424	1
currency	stn	425	1
currency	sudanese pound	426	1
currency	surinam dollar	427	1
currency	swedish krona	428	1
currency	swiss franc	429	2
currency	syp	431	1
currency	syrian pound	432	1
currency	szl	433	1
currency	taka	434	1
currency	tala	435	1
currency	tanzanian shilling	436	1
currency	tenge	437	1
currency	thb	438	1
currency	tjs	439	1
currency	tmt	440	1
currency	tnd	441	1
currency	top	442	1
currency	trinidad and tobago dollar	443	1
currency	try	444	1
currency	ttd	445	1
currency	tugrik	446	1
currency	tunisian dinar	447	1
currency	turkish lira	448	1
currency	turkmenistan new manat	449	1
currency	twd	450	1
currency	tzs	451	1
currency	uae dirham	452	1
currency	uah	453	1
currency	uganda shilling	454	1
currency	ugx	455	1
currency	us dollar	456	20
currency	usd	476	20
currency	uyu	496	1
currency	uzbekistan sum	497	1
currency	uzs	498	1
currency	vatu	499	1
currency	ves	500	1
currency	vnd	501	1
currency	vuv	502	1
currency	won	503	1
currency	wst	504	1
currency	xaf	505	6
currency	xcd	511	8
currency	xcg	519	2
currency	xof	521	8
currency	xpf	529	3
currency	yemeni rial	532	1
currency	yen	533	1
currency	yer	534	1
currency	yuan renminbi	535	1
currency	zambian kwacha	536	1
currency	zar	537	3
currency	zimbabwe gold	540	1
currency	zloty	541	1
currency	zmw	542	1
currency	zwg	543	1
macroregion	002	544	61
macroregion	003	605	41
macroregion	005	646	16
macroregion	009	662	30
macroregion	011	692	17
macroregion	013	709	8
macroregion	014	717	22
macroregion	015	739	7
macroregion	017	746	10
macroregion	018	756	5
macroregion	019	761	58
macroregion	021	819	5
macroregion	029	824	29
macroregion	030	853	8
macroregion	034	861	9
macroregion	035	870	13
macroregion	039	883	18
macroregion	053	901	6
macroregion	054	907	5
macroregion	057	912	8
macroregion	061	920	10
macroregion	142	930	55
macroregion	143	985	5
macroregion	145	990	20
macroregion	150	1010	56
macroregion	151	1066	11
macroregion	154	1077	16
macroregion	155	1093	11
macroregion	202	1104	53
macroregion	419	1157	52
macroregion	MISSING	1209	21
macroregion	africa	1230	61
macroregion	americas	1291	58
macroregion	asia	1349	55
macroregion	australasia	1404	6
macroregion	caribbean	1410	29
macroregion	central america	1439	8
macroregion	central asia	1447	5
macroregion	eastern africa	1452	22
macroregion	eastern asia	1474	8
macroregion	eastern europe	1482	11
macroregion	eu	1493	27
macroregion	europe	1520	56
macroregion	european union	1576	27
macroregion	eurozone	1603	19
macroregion	ez	1622	19
macroregion	latin america	1641	52
macroregion	melanesia	1693	5
macroregion	micronesian region	1698	8
macroregion	middle africa	1706	10
macroregion	north america	1716	41
macroregion	northern africa	1757	7
macroregion	northern america	1764	5
macroregion	northern europe	1769	16
macroregion	oceania	1785	30
macroregion	outlying oceania	1815	1
macroregion	polynesia	1816	10
macroregion	qo	1826	1
macroregion	south america	1827	16
macroregion	southeast asia	1843	13
macroregion	southern africa	1856	5
macroregion	southern asia	1861	9
macroregion	southern europe	1870	18
macroregion	sub-saharan africa	1888	53
macroregion	un	1941	193
macroregion	united nations	2134	193
macroregion	western africa	2327	17
macroregion	western asia	2344	20
macroregion	western europe	2364	11
name	aaland	2375	1
name	aaland islands	2376	1
name	affghanistan	2377	1
name	affghanisthan	2378	1
name	affghaunistan	2379	1
name	afghania	2380	1
name	afghanistan	2381	1
name	afghanisthan	2382	1
name	afghaunistan	2383	1
name	afghaunistaun	2384	1
name	agawej	2385	1
name	ahvenanmaa	2386	1
name	al hind	2387	1
name	al-ittihad al-qumuri	2388	1
name	al-magrib	2389	1
name	al-sudan	2390	1
name	aland	2391	1
name	aland islands	2392	1
name	aland region	2393	1
name	albania	2394	1
name	algeria	2395	1
name	american samoa	2396	1
name	american virgin islands	2397	1
name	andorra	2398	1
name	angola	2399	1
name	anguilla	2400	1
name	antarctica	2401	1
name	antigua and barbuda	2402	1
name	antigua-barbuda	2403	1
name	antillen	2404	1
name	aomen	2405	1
name	aotearoa new zealand	2406	1
name	arab republic of egypt	2407	1
name	argentina	2408	1
name	argentine republic	2409	1
name	armenia	2410	1
name	aruba	2411	1
name	as-sudan	2412	1
name	australia	2413	1
name	austria	2414	1
name	ayiti	2415	1
name	azerbaijan	2416	1
name	b.v.i.	2417	1
name	bahama islands	2418	1
name	bahamas	2419	1
name	bahrain	2420	1
name	bahrein islands	2421	1
name	bailiwick of guernsey	2422	1
name	bailliage de guernesey	2423	1
name	bailliage de guernesi	2424	1
name	bailliage de jerri	2425	1
name	bailliage de jersey	2426	1
name	bal-bo	2427	1
name	bal-po'i yul	2428	1
name	bal-yul	2429	1
name	balbo	2430	1
name	balliwick of jersey	2431	1
name	balpo	2432	1
name	balpo-yul	2433	1
name	bangla desh	2434	1
name	bangladesh	2435	1
name	barbadoes	2436	1
name	barbados	2437	1
name	barmuda	2438	1
name	barmuda islands	2439	1
name	barmudas	2440	1
name	bat	2441	1
name	belarus	2442	1
name	belarusian soviet socialist republic	2443	1
name	belarusian ssr	2444	1
name	belau	2445	1
name	belgium	2446	1
name	belize	2447	1
name	belorussia	2448	1
name	belorussian s.s.r.	2449	1
name	belorussian soviet socialist republic	2450	1
name	belorussian ssr	2451	1
name	belorusskaya ssr	2452	1
name	benin	2453	1
name	bermoothes	2454	1
name	bermuda	2455	1
name	bermuda islands	2456	1
name	bermudian islands	2457	1
name	bes islands	2458	1
name	bharat ganarajya	2459	1
name	bharata	2460	1
name	bharatvarsh	2461	1
name	bhutan	2462	1
name	bielarus	2463	1
name	bielaruskaja savieckaja sacyjalistycnaja respublika	2464	1
name	bielorussia	2465	1
name	biot	2466	1
name	bolivarian republic of venezuela	2467	1
name	bolivia	2468	1
name	bolivia, plurinational state of	2469	1
name	bonaire, saint eustatius and saba	2470	1
name	bonaire, sint eustatius and saba	2471	1
name	boriken	2472	1
name	borinquen	2473	1
name	boriquen	2474	1
name	bosnia and hercegovina	2475	1
name	bosnia and herzegovina	2476	1
name	bosnia-herzegovina	2477	1
name	botswana	2478	1
name	bourbon island	2479	1
name	bouvet island	2480	1
name	br venezuela	2481	1
name	brazil	2482	1
name	brd	2483	1
name	britain	2484	1
name	british antarctic territory	2485	1
name	british indian ocean territory	2486	1
name	british virgin islands	2487	1
name	brunei	2488	1
name	brunei darussalam	2489	1
name	bssr	2490	1
name	bulgaria	2491	1
name	bulgarian republic	2492	1
name	burkina faso	2493	1
name	burma	2494	1
name	burma, socialist republic of the union of	2495	1
name	burundi	2496	1
name	bvi	2497	1
name	byeloruss	2498	1
name	byelorussia	2499	1
name	byelorussian s.s.r.	2500	1
name	byelorussian soviet socialist republic	2501	1
name	byelorussian ssr	2502	1
name	byelorussian ssr soviet socialist republic	2503	1
name	byelorusskaya sovyetskaya sotsialisticheskaya respublika	2504	1
name	cabo verde	2505	1
name	cambodia	2506	1
name	camboya	2507	1
name	cameroon	2508	1
name	campuchia	2509	1
name	canada	2510	1
name	canton and enderbury islands	2511	1
name	cape verde	2512	1
name	cape verde islands	2513	1
name	car	2514	1
name	caribbean netherlands	2515	1
name	cayman islands	2516	1
name	caymans	2517	1
name	cccp	2518	1
name	central africa	2519	1
name	central african republic	2520	1
name	ceskoslovensko	2521	1
name	ceylan	2522	1
name	chad	2523	1
name	chile	2524	1
name	china	2525	1
name	china pr	2526	1
name	china, republic of	2527	1
name	chinese republic	2528	1
name	chinese taipei	2529	1
name	choson	2530	1
name	christmas island	2531	1
name	christmas island, other territories	2532	1
name	christmas island, other territories, australia	2533	1
name	chunghwa minkuo	2534	1
name	chunghwa minkwo	2535	1
name	citta del vaticano	2536	1
name	cnmi	2537	1
name	co-operative republic of guyana	2538	1
name	cocos (keeling) islands	2539	1
name	cocos islands	2540	1
name	collectivite de saint-barthelemy	2541	1
name	collectivity of saint barthelemy	2542	1
name	collectivity of saint martin	2543	1
name	colombia	2544	1
name	colony of bermuda	2545	1
name	commonwealth of australia	2546	1
name	commonwealth of dominica	2547	1
name	commonwealth of jamaica	2548	1
name	commonwealth of puerto rico	2549	1
name	commonwealth of the bahamas	2550	1
name	commonwealth of the northern maria islands	2551	1
name	commonwealth of the northern mariana islands	2552	1
name	communist belarus	2553	1
name	communist china	2554	1
name	communist germany	2555	1
name	comoros	2556	1
name	confoederatio helvetica	2557	1
name	congo	2558	1
name	congo (brazzaville)	2559	1
name	congo (kinshasa)	2560	1
name	congo republic	2561	1
name	congo, the democratic republic of the	2562	1
name	cook group	2563	1
name	cook islands	2564	1
name	costa rica	2565	1
name	cote d'ivoire	2566	1
name	cote ivoire	2567	1
name	country of aruba	2568	1
name	country of bengal	2569	1
name	country of curacao	2570	1
name	croatia	2571	1
name	cuba	2572	1
name	curacao	2573	1
name	curacoa	2574	1
name	curazao	2575	1
name	cyprus	2576	1
name	czech republic	2577	1
name	czechia	2578	1
name	czecho-slovakia	2579	1
name	czechoslovakia	2580	1
name	czechoslovakia, czechoslovak socialist republic	2581	1
name	d.r.c.	2582	1
name	daehan minguk	2583	1
name	daehanminguk	2584	1
name	dahomey	2585	1
name	danemark	2586	1
name	dania	2587	1
name	danmark	2588	1
name	dawlat al-bahrain	2589	1
name	democratic people's republic of korea	2590	1
name	democratic republic of sao tome and principe	2591	1
name	democratic republic of the congo	2592	1
name	democratic republic of timor-leste	2593	1
name	democratic republic of vietnam	2594	1
name	democratic socialist republic of sri lanka	2595	1
name	democratic yemen	2596	1
name	denmark	2597	1
name	denmark proper	2598	1
name	department of mayotte	2599	1
name	deutsche demokratische republik	2600	1
name	devil's isles	2601	1
name	djazair	2602	1
name	djibouti	2603	1
name	dominica	2604	1
name	dominican republic	2605	1
name	dominicana	2606	1
name	dominion of new zealand	2607	1
name	domrep	2608	1
name	dpr korea	2609	1
name	dprk	2610	1
name	dr congo	2611	1
name	dr vietnam	2612	1
name	drc	2613	1
name	dremoshong	2614	1
name	drenjong	2615	1
name	dronning maud land	2616	1
name	drv	2617	1
name	dutch antilles	2618	1
name	dutch guiana	2619	1
name	dzayer	2620	1
name	east germany	2621	1
name	east samoa	2622	1
name	east timor	2623	2
name	eastern republic of uruguay	2625	1
name	ecuador	2626	1
name	ecuadorian state	2627	1
name	eesti vabariik	2628	1
name	egypt	2629	1
name	el salvador	2630	1
name	ellada	2631	1
name	ellice islands	2632	1
name	emirates	2633	1
name	equatorial guinea	2634	1
name	eritrea	2635	1
name	ertra	2636	1
name	estland	2637	1
name	estonia	2638	1
name	eswatini	2639	1
name	ethiopia	2640	1
name	european france	2641	1
name	european part of france	2642	1
name	faer oer	2643	1
name	faereyjar	2644	1
name	faeroe islands	2645	1
name	faeroer	2646	1
name	faeroerne	2647	1
name	faeroes	2648	1
name	faeroyene	2649	1
name	falkland islands	2650	1
name	falkland islands (malvinas)	2651	1
name	falklands	2652	1
name	far oer	2653	1
name	fareo islands	2654	1
name	faroe islands	2655	1
name	faroer	2656	1
name	faroes	2657	1
name	faroese islands	2658	1
name	farre	2659	1
name	farre islands	2660	1
name	federal democratic republic of ethiopia	2661	1
name	federal democratic republic of nepal	2662	1
name	federal republic of germany	2663	1
name	federal republic of nigeria	2664	1
name	federal republic of somalia	2665	1
name	federal republic of yugoslavia	2666	1
name	federated states of micronesia	2667	1
name	federated states of micronesia, fsm	2668	1
name	federation of czechoslovakia	2669	1
name	federation of malaysia	2670	1
name	federation of saint christopher and nevis	2671	1
name	federation of saint kitts and nevis	2672	1
name	federative republic of brazil	2673	1
name	fiji	2674	1
name	fiji ganarajya	2675	1
name	finland	2676	1
name	finnia	2677	1
name	former yugoslav republic of macedonia	2678	1
name	foroyar	2679	1
name	fort-hercule	2680	1
name	fr yugoslavia	2681	1
name	france	2682	1
name	france (part in europe)	2683	1
name	france, metropolitan	2684	1
name	free associated state of puerto rico	2685	1
name	free china	2686	1
name	french afars and issas	2687	1
name	french establishments in oceania	2688	1
name	french guiana	2689	1
name	french oceania	2690	1
name	french polynesia	2691	1
name	french republic	2692	1
name	french settlements in oceania	2693	1
name	french southern and antarctic lands	2694	1
name	french southern and antarctic territories	2695	1
name	french southern territories	2696	1
name	french territory of the afars and the issas	2697	1
name	frg	2698	1
name	friendly islands	2699	1
name	fry	2700	1
name	fyr macedonia	2701	1
name	gabon	2702	1
name	gabonese republic	2703	1
name	gabuuti	2704	1
name	gambia	2705	1
name	gannaar	2706	1
name	georgia	2707	1
name	georgia (country)	2708	1
name	georgia (sakartvelo)	2709	1
name	german democratic republic	2710	1
name	germany	2711	1
name	ghana	2712	1
name	gibraltar	2713	1
name	giernesi	2714	1
name	gilbert and ellice islands	2715	1
name	giordania	2716	1
name	gouvernement du burundi	2717	1
name	grand duchy of luxembourg	2718	1
name	great britain	2719	1
name	great britain and northern ireland	2720	1
name	great britain guernsey	2721	1
name	greece	2722	1
name	greek administration of southern cyprus	2723	1
name	greek cypriot state	2724	1
name	greek republic	2725	1
name	greenland	2726	1
name	greenlandia	2727	1
name	grenada	2728	1
name	groenland	2729	1
name	guadeloupe	2730	1
name	guahan	2731	1
name	guam	2732	1
name	guam (usa)	2733	1
name	guatemala	2734	1
name	guernsey	2735	1
name	guiana	2736	1
name	guiana, france	2737	1
name	guinea	2738	1
name	guinea-bissau	2739	1
name	guinea-conakry	2740	1
name	guyana	2741	1
name	guyane	2742	1
name	gwada	2743	1
name	gwadloup	2744	1
name	haiti	2745	1
name	haitian republic	2746	1
name	halcyon island	2747	1
name	hanguk	2748	1
name	hashemite kingdom of jordan	2749	1
name	hayastan	2750	1
name	hayastani hanrapetut'yun	2751	1
name	hayti	2752	1
name	heard and macdonald islands	2753	1
name	heard and mcdonald islands	2754	1
name	heard island and mcdonald islands	2755	1
name	hellas	2756	1
name	hellas, greece	2757	1
name	hellenic republic	2758	1
name	hervey islands	2759	1
name	hewanorra	2760	1
name	himi	2761	1
name	hindoostan	2762	1
name	hindustan	2763	1
name	hkj	2764	1
name	hksar	2765	1
name	holy see	2766	1
name	holy see (vatican city state)	2767	1
name	honduran republic	2768	1
name	honduras	2769	1
name	hong kong	2770	1
name	hong kong sar	2771	1
name	hong kong sar, china	2772	1
name	hong kong special administrative region	2773	1
name	hong kong special administrative region of china	2774	1
name	hong kong special administrative region of the people's republic of china	2775	1
name	hong kong, china	2776	1
name	hongkong	2777	1
name	hungary	2778	1
name	i. iersey	2779	1
name	i. mannin	2780	1
name	i.o.m.	2781	1
name	iapan	2782	1
name	iapon	2783	1
name	iceland	2784	1
name	icelandic republic	2785	1
name	iersey	2786	1
name	iersey i.	2787	1
name	ile de bourbon	2788	1
name	ile de la reunion	2789	1
name	ile saint-barthelemy	2790	1
name	independent state of papua new guinea	2791	1
name	independent state of samoa	2792	1
name	india	2793	1
name	indonesia	2794	1
name	indostan	2795	1
name	iran	2796	1
name	iran, islamic republic of	2797	1
name	iraq	2798	1
name	ireland	2799	1
name	irish republic	2800	1
name	iritriya	2801	1
name	isla san francisco	2802	1
name	islamic republic of afghanistan	2803	1
name	islamic republic of iran	2804	1
name	islamic republic of mauritania	2805	1
name	islamic republic of pakistan	2806	1
name	islamic republic of the gambia	2807	1
name	island of aruba	2808	1
name	island of dominica	2809	1
name	island of guam	2810	1
name	island of montserrat	2811	1
name	island territory of curacao	2812	1
name	islas malvinas	2813	1
name	isle de saint francois	2814	1
name	isle of devils	2815	1
name	isle of jersey	2816	1
name	isle of man	2817	1
name	isle of mann	2818	1
name	isle of saint francis	2819	1
name	isle saint francois	2820	1
name	israel	2821	1
name	italian republic	2822	1
name	italy	2823	1
name	ivory coast	2824	1
name	iyonola	2825	1
name	jabuuti	2826	1
name	jamaica	2827	1
name	japan	2828	1
name	jerri	2829	1
name	jersey	2830	1
name	jersey island	2831	1
name	jibuti	2832	1
name	johnston atoll	2833	1
name	johnston island	2834	1
name	jordan	2835	1
name	jouanacaera	2836	1
name	juzur al-qamar	2837	1
name	juzur al-qumur	2838	1
name	kalaallit nunaat	2839	1
name	kalama atoll	2840	1
name	kambodzha	2841	1
name	kamboja	2842	1
name	kampuchea	2843	1
name	karukera	2844	1
name	kazakhstan	2845	1
name	keeling islands	2846	1
name	kenya	2847	1
name	kingdom of bahrain	2848	1
name	kingdom of belgium	2849	1
name	kingdom of bhutan	2850	1
name	kingdom of cambodia	2851	1
name	kingdom of denmark	2852	1
name	kingdom of eswatini	2853	1
name	kingdom of jordan	2854	1
name	kingdom of lesotho	2855	1
name	kingdom of morocco	2856	1
name	kingdom of norway	2857	1
name	kingdom of saudi arabia	2858	1
name	kingdom of siam	2859	1
name	kingdom of sikkim	2860	1
name	kingdom of spain	2861	1
name	kingdom of swaziland	2862	1
name	kingdom of sweden	2863	1
name	kingdom of thailand	2864	1
name	kingdom of the netherlands	2865	1
name	kingdom of tonga	2866	1
name	kiribati	2867	1
name	kitts and nevis	2868	1
name	korea (south)	2869	1
name	korea, democratic people's republic of	2870	1
name	korea, republic of	2871	1
name	kosova	2872	1
name	kosovo	2873	1
name	kuwait	2874	1
name	kyrgyz republic	2875	1
name	kyrgyzstan	2876	1
name	la reunion	2877	1
name	la reunion island	2878	1
name	land of bengal	2879	1
name	lanka, sri	2880	1
name	lao pdr	2881	1
name	lao people's democratic republic	2882	1
name	laos	2883	1
name	latveja	2884	1
name	latvejas republika	2885	1
name	latvia	2886	1
name	latvian republic	2887	1
name	latvija	2888	1
name	latvijas republika	2889	1
name	lebanese republic	2890	1
name	lebanon	2891	1
name	lefatshe la botswana	2892	1
name	lesotho	2893	1
name	liber	2894	1
name	liberia	2895	1
name	libya	2896	1
name	liechtenstein	2897	1
name	lisia	2898	1
name	lithuania	2899	1
name	lmagrib	2900	1
name	lubnan	2901	1
name	luxembourg	2902	1
name	macao	2903	1
name	macao s.a.r.	2904	1
name	macao sar	2905	1
name	macao sar, china	2906	1
name	macao special administrative region	2907	1
name	macao special administrative region of china	2908	1
name	macao special administrative region of the people's republic of china	2909	1
name	macau	2910	1
name	macau sar	2911	1
name	macau sar, china	2912	1
name	macau special administrative region	2913	1
name	macau special administrative region of the people's republic of china	2914	1
name	macedonia	2915	1
name	madagascar	2916	1
name	madiana	2917	1
name	madinina	2918	1
name	mainland france	2919	1
name	makedonia	2920	1
name	malagascar	2921	1
name	malagaskar	2922	1
name	malawi	2923	1
name	malaysia	2924	1
name	malaysia federation	2925	1
name	maldives	2926	1
name	mali	2927	1
name	malliouhana	2928	1
name	malta	2929	1
name	malvinas	2930	1
name	malvinas islands	2931	1
name	mamlakat al-bahrayn	2932	1
name	mann	2933	1
name	maroc	2934	1
name	marocco	2935	1
name	marshall islands	2936	1
name	martinica	2937	1
name	martinique	2938	1
name	massiwa ya komori	2939	1
name	matanitu tugalala o viti	2940	1
name	matinik	2941	1
name	matinino	2942	1
name	matnik	2943	1
name	mauretania	2944	1
name	maurice	2945	1
name	mauritania	2946	1
name	mauritius	2947	1
name	mayotte	2948	1
name	metropolitan denmark	2949	1
name	metropolitan france	2950	1
name	mexican republic	2951	1
name	mexican united states	2952	1
name	mexico	2953	1
name	micronesia	2954	1
name	micronesia, federated states of	2955	1
name	midway	2956	1
name	midway atoll	2957	1
name	midway islands	2958	1
name	misr	2959	1
name	mocambique	2960	1
name	moldavia	2961	1
name	moldova	2962	1
name	moldova, republic of	2963	1
name	monaco	2964	1
name	mongol state	2965	1
name	mongolia	2966	1
name	montenegro	2967	1
name	montserrat	2968	1
name	moris	2969	1
name	moritani	2970	1
name	morocco	2971	1
name	most serene republic of san marino	2972	1
name	mozambique	2973	1
name	munegu	2974	1
name	muritanya	2975	1
name	murutaane	2976	1
name	myanmar	2977	1
name	n. korea	2978	1
name	n.w.i.	2979	1
name	naija	2980	1
name	naipal	2981	1
name	naipala	2982	1
name	namibia	2983	1
name	naoero	2984	1
name	nation of brunei, the abode of peace	2985	1
name	nationalist china	2986	1
name	nauru	2987	1
name	ne-pel	2988	1
name	necbal	2989	1
name	nederlanden	2990	1
name	nederlandse antillen	2991	1
name	negara brunei darussalam	2992	1
name	nehpal	2993	1
name	nei-pal	2994	1
name	nekbal	2995	1
name	nekpal	2996	1
name	nepaal	2997	1
name	nepal	2998	1
name	nepall	2999	1
name	nepaul	3000	1
name	nercerri	3001	1
name	netherland antilles	3002	1
name	netherlands	3003	1
name	netherlands antilles	3004	1
name	neutral zone	3005	1
name	new cal	3006	1
name	new caledonia	3007	1
name	new hebrides	3008	1
name	new hebrides condominium	3009	1
name	new holland	3010	1
name	new hollandia	3011	1
name	new zealand	3012	1
name	ngola	3013	1
name	ni-po-lo	3014	1
name	ni-po-louo	3015	1
name	nicaragua	3016	1
name	niepal	3017	1
name	niger	3018	1
name	nigeria	3019	1
name	nihon-koku	3020	1
name	nipal	3021	1
name	nippon-koku	3022	1
name	niue	3023	1
name	nmi	3024	1
name	norfolk island	3025	1
name	norfolk island, australia	3026	1
name	norfolk island, other territories	3027	1
name	norfolk island, other territories, australia	3028	1
name	north korea	3029	1
name	north macedonia	3030	1
name	north sudan	3031	1
name	north vietnam	3032	1
name	northern mariana islands	3033	1
name	northern marianas	3034	1
name	norway	3035	1
name	nova hollandia	3036	1
name	occas island	3037	1
name	oman	3038	1
name	oriental republic of uruguay	3039	1
name	ouanalao	3040	1
name	ouganda	3041	1
name	ouvoimoja wakomori	3042	1
name	p.r.c.	3043	1
name	pa-eul-pou	3044	1
name	pa-le-pou	3045	1
name	pa-lo-pou	3046	1
name	pacific islands (trust territory)	3047	1
name	pai-pou	3048	1
name	pakistan	3049	1
name	palau	3050	1
name	palestine	3051	1
name	palestine, state of	3052	1
name	palestinian territory	3053	1
name	palpa	3054	1
name	palpou	3055	1
name	panama	3056	1
name	panama canal zone	3057	1
name	papal state	3058	1
name	papua new guinea	3059	1
name	paraguay	3060	1
name	peeloo	3061	1
name	pelew	3062	1
name	pelew islands	3063	1
name	pellew	3064	1
name	people's democratic republic of algeria	3065	1
name	people's democratic republic of yemen	3066	1
name	people's republic of albania	3067	1
name	people's republic of bangladesh	3068	1
name	people's republic of china	3069	1
name	people's republic of czechoslovakia	3070	1
name	people's republic of southern yemen	3071	1
name	people's socialist republic of albania	3072	1
name	peru	3073	1
name	philippine islands	3074	1
name	philippines	3075	1
name	pitcairn	3076	1
name	pitcairn islands	3077	1
name	pitcairn, henderson, ducie and oeno islands	3078	1
name	pleasant island	3079	1
name	plurinational state of bolivia	3080	1
name	poland	3081	1
name	porto rico	3082	1
name	portugal	3083	1
name	portuguese republic	3084	1
name	pr china	3085	1
name	prathet thai	3086	1
name	prc	3087	1
name	principality and diocese of monaco	3088	1
name	principality of andorra	3089	1
name	principality of liechtenstein	3090	1
name	principality of monaco	3091	1
name	principality of the valleys of andorra	3092	1
name	principato di monaco	3093	1
name	principatu de munegu	3094	1
name	principaute de monaco	3095	1
name	puerto rico	3096	1
name	qatar	3097	1
name	qazaqstan	3098	1
name	queen maud land	3099	1
name	r.s.a.	3100	1
name	ratcha-anachak thai	3101	1
name	rd	3102	1
name	red china	3103	1
name	republic of albania	3104	1
name	republic of angola	3105	1
name	republic of argentina	3106	1
name	republic of armenia	3107	1
name	republic of austria	3108	1
name	republic of azerbaijan	3109	1
name	republic of belarus	3110	1
name	republic of belau	3111	1
name	republic of benin	3112	1
name	republic of bolivia	3113	1
name	republic of bosnia and herzegovina	3114	1
name	republic of botswana	3115	1
name	republic of bulgaria	3116	1
name	republic of burkina faso	3117	1
name	republic of burundi	3118	1
name	republic of cabo verde	3119	1
name	republic of cameroon	3120	1
name	republic of cape verde	3121	1
name	republic of chad	3122	1
name	republic of chile	3123	1
name	republic of china	3124	1
name	republic of china (taiwan)	3125	1
name	republic of colombia	3126	1
name	republic of costa rica	3127	1
name	republic of cote d'ivoire	3128	1
name	republic of croatia	3129	1
name	republic of cuba	3130	1
name	republic of cyprus	3131	1
name	republic of dahomey	3132	1
name	republic of djibouti	3133	1
name	republic of ecuador	3134	1
name	republic of egypt	3135	1
name	republic of el salvador	3136	1
name	republic of equatorial guinea	3137	1
name	republic of estonia	3138	1
name	republic of fiji	3139	1
name	republic of finland	3140	1
name	republic of georgia	3141	1
name	republic of ghana	3142	1
name	republic of guatemala	3143	1
name	republic of guinea	3144	1
name	republic of guinea-bissau	3145	1
name	republic of guyana	3146	1
name	republic of haiti	3147	1
name	republic of honduras	3148	1
name	republic of iceland	3149	1
name	republic of india	3150	1
name	republic of indonesia	3151	1
name	republic of iraq	3152	1
name	republic of ireland	3153	1
name	republic of italy	3154	1
name	republic of kazakhstan	3155	1
name	republic of kenya	3156	1
name	republic of kiribati	3157	1
name	republic of korea	3158	1
name	republic of kosovo	3159	1
name	republic of latvia	3160	1
name	republic of lebanon	3161	1
name	republic of liberia	3162	1
name	republic of lithuania	3163	1
name	republic of macedonia	3164	1
name	republic of madagascar	3165	1
name	republic of malawi	3166	1
name	republic of maldives	3167	1
name	republic of mali	3168	1
name	republic of malta	3169	1
name	republic of mauritius	3170	1
name	republic of moldova	3171	1
name	republic of montenegro	3172	1
name	republic of mozambique	3173	1
name	republic of myanmar	3174	1
name	republic of namibia	3175	1
name	republic of naoero	3176	1
name	republic of nauru	3177	1
name	republic of nicaragua	3178	1
name	republic of north macedonia	3179	1
name	republic of pakistan	3180	1
name	republic of palau	3181	1
name	republic of panama	3182	1
name	republic of paraguay	3183	1
name	republic of peru	3184	1
name	republic of poland	3185	1
name	republic of qazaqstan	3186	1
name	republic of rwanda	3187	1
name	republic of san marino	3188	1
name	republic of senegal	3189	1
name	republic of serbia	3190	1
name	republic of seychelles	3191	1
name	republic of sierra leone	3192	1
name	republic of singapore	3193	1
name	republic of slovenia	3194	1
name	republic of south africa	3195	1
name	republic of south sudan	3196	1
name	republic of surinam	3197	1
name	republic of suriname	3198	1
name	republic of tajikistan	3199	1
name	republic of the congo	3200	1
name	republic of the equator	3201	1
name	republic of the fiji islands	3202	1
name	republic of the gambia	3203	1
name	republic of the ivory coast	3204	1
name	republic of the marshall islands	3205	1
name	republic of the niger	3206	1
name	republic of the philippines	3207	1
name	republic of the sudan	3208	1
name	republic of the union of myanmar	3209	1
name	republic of trinidad and tobago	3210	1
name	republic of tunisia	3211	1
name	republic of turkey	3212	1
name	republic of turkiye	3213	1
name	republic of uganda	3214	1
name	republic of upper volta	3215	1
name	republic of uzbekistan	3216	1
name	republic of vanuatu	3217	1
name	republic of venezuela	3218	1
name	republic of yemen	3219	1
name	republic of zaire	3220	1
name	republic of zambia	3221	1
name	republic of zimbabwe	3222	1
name	republica argentina	3223	1
name	republica de mocambique	3224	1
name	republica del peru	3225	1
name	republica dominicana	3226	1
name	republica moldova	3227	1
name	republika popullore e shqiperise	3228	1
name	republika popullore socialiste e shqiperise	3229	1
name	republika y'uburundi	3230	1
name	republiken finland	3231	1
name	republique du congo	3232	1
name	republique gabonaise	3233	1
name	respublika belarus'	3234	1
name	respublika bielarus	3235	1
name	reunion	3236	1
name	reunion island	3237	1
name	rhodesia	3238	1
name	rks	3239	1
name	roc	3240	1
name	rok	3241	1
name	romania	3242	1
name	roumania	3243	1
name	rp	3244	1
name	rumania	3245	1
name	russia	3246	1
name	russian federation	3247	1
name	rwanda	3248	1
name	rwandese republic	3249	1
name	s'pore	3250	1
name	s. korea	3251	1
name	saint barth	3252	1
name	saint barthelemy	3253	1
name	saint barths	3254	1
name	saint barts	3255	1
name	saint bartz	3256	1
name	saint christopher and nevis	3257	1
name	saint francis	3258	1
name	saint francis island	3259	1
name	saint francois	3260	1
name	saint helena	3261	1
name	saint helena and dependencies	3262	1
name	saint helena, ascension and tristan da cunha	3263	1
name	saint kitts and nevis	3264	1
name	saint lucia	3265	1
name	saint martin (dutch part)	3266	1
name	saint martin (france)	3267	1
name	saint martin (french part)	3268	1
name	saint pierre and miquelon	3269	1
name	saint vincent	3270	1
name	saint vincent and the grenadines	3271	1
name	sakartvelo	3272	1
name	salvador	3273	1
name	samoa	3274	1
name	samoa (american)	3275	1
name	samoa, united states	3276	1
name	san francisco	3277	1
name	san francisco island	3278	1
name	san marino	3279	1
name	sao tome and principe	3280	1
name	sao tome og principe	3281	1
name	saudi	3282	1
name	saudi arabia	3283	1
name	saudi-iraqi neutral zone	3284	1
name	senegal	3285	1
name	serbia	3286	1
name	serbia and montenegro	3287	1
name	serbia-montenegro	3288	1
name	serendib	3289	1
name	seychelles	3290	1
name	sfr yugoslavia	3291	1
name	sfry	3292	1
name	sgssi	3293	1
name	sheep islands	3294	1
name	sierra leone	3295	1
name	sikkim	3296	1
name	sikkim kingdom	3297	1
name	silla	3298	1
name	singapore	3299	1
name	sint maarten	3300	1
name	sint maarten (dutch part)	3301	1
name	sint martin	3302	1
name	slovak republic	3303	1
name	slovakia	3304	1
name	slovenia	3305	1
name	slovenija	3306	1
name	socialist federal republic of yugoslavia	3307	1
name	socialist germany	3308	1
name	socialist republic of viet nam	3309	1
name	socialist republic of vietnam	3310	1
name	solomon islands	3311	1
name	somalia	3312	1
name	somers islands	3313	1
name	soudan	3314	1
name	south africa	3315	1
name	south georgia	3316	1
name	south georgia and the south sandwich islands	3317	1
name	south korea	3318	1
name	south sandwich islands	3319	1
name	south sudan	3320	1
name	south yemen	3321	1
name	southern ireland	3322	1
name	southern provinces	3323	1
name	southern rhodesia	3324	2
name	southern sudan	3326	1
name	southern yemen	3327	1
name	soviet belarus	3328	1
name	soviet belorussia	3329	1
name	soviet byelorussia	3330	1
name	soviet union	3331	1
name	spain	3332	1
name	spanish sahara	3333	1
name	sri lanka	3334	1
name	srilanka	3335	1
name	srv	3336	1
name	st. maarten	3337	1
name	state of israel	3338	1
name	state of japan	3339	1
name	state of jordan	3340	1
name	state of kuwait	3341	1
name	state of lebanon	3342	1
name	state of libya	3343	1
name	state of mongolia	3344	1
name	state of qatar	3345	1
name	state of vatican city	3346	1
name	state union of serbia and montenegro	3347	1
name	stato della citta del vaticano	3348	1
name	status civitatis vaticanae	3349	1
name	sudan	3350	1
name	sultanate of oman	3351	1
name	summer's isles	3352	1
name	summers' isles	3353	1
name	suomen tasavalta	3354	1
name	surinam	3355	1
name	suriname	3356	1
name	suriya	3357	1
name	surrinam	3358	1
name	svalbard and jan mayen	3359	1
name	swaziland	3360	1
name	sweden	3361	1
name	swedish kingdom	3362	1
name	swiss confederation	3363	1
name	switzerland	3364	1
name	syria	3365	1
name	syrian arab republic	3366	1
name	taiwan	3367	1
name	taiwan roc	3368	1
name	taiwan, province of china	3369	1
name	tajikistan	3370	1
name	tanzania	3371	1
name	tanzania, united republic of	3372	1
name	taprobane	3373	1
name	tci	3374	1
name	tenjiku	3375	1
name	territorial collectivity of martinique	3376	1
name	territorial collectivity of saint pierre and miquelon	3377	1
name	territory of american samoa	3378	1
name	territory of bermuda	3379	1
name	territory of christmas island	3380	1
name	territory of french polynesia	3381	1
name	territory of guam	3382	1
name	territory of heard island and mcdonald islands	3383	1
name	territory of new caledonia and dependencies	3384	1
name	territory of norfolk island	3385	1
name	territory of porto rico	3386	1
name	territory of puerto rico	3387	1
name	territory of the cocos (keeling) islands	3388	1
name	thailand	3389	1
name	the state of eritrea	3390	1
name	the state of palestine	3391	1
name	third yugoslavia	3392	1
name	tianzhu	3393	1
name	timor-leste	3394	1
name	togo	3395	1
name	togolese republic	3396	1
name	tokelau	3397	1
name	tokelau islands	3398	1
name	tonga	3399	1
name	tonga islands	3400	1
name	trinidad and tobago	3401	1
name	trust territory of the pacific islands	3402	1
name	ttpi	3403	1
name	tunisia	3404	1
name	tunisian republic	3405	1
name	turkey	3406	1
name	turkiye	3407	1
name	turkmenia	3408	1
name	turkmenistan	3409	1
name	turks and caicos	3410	1
name	turks and caicos islands	3411	1
name	tuvalu	3412	1
name	u. s.	3413	1
name	u.a.e.	3414	1
name	u.s. minor outlying islands	3415	1
name	u.s. of a	3416	1
name	u.s. of america	3417	1
name	u.s. samoa	3418	1
name	u.s. virgin islands	3419	1
name	u.s.s.r.	3420	1
name	udzima wa komori	3421	1
name	uganda	3422	1
name	ugandah	3423	1
name	uk	3424	1
name	ukraina	3425	1
name	ukraine	3426	1
name	ukrainia	3427	1
name	uman	3428	1
name	umbuso weswatini	3429	1
name	union des comores	3430	1
name	union islands	3431	1
name	union of burma	3432	1
name	union of soviet socialist republics	3433	1
name	union of the comoros	3434	1
name	united arab emirates	3435	1
name	united kingdom	3436	1
name	united kingdom of great britain and northern ireland	3437	1
name	united mexican states	3438	1
name	united republic of tanganyika and zanzibar	3439	1
name	united republic of tanzania	3440	1
name	united states	3441	1
name	united states minor outlying islands	3442	1
name	united states miscellaneous pacific islands	3443	1
name	united states of america	3444	1
name	united states of mexico	3445	1
name	united states virgin islands	3446	1
name	upper volta	3447	1
name	upper volta, republic of	3448	1
name	uruguay	3449	1
name	us minor outlying islands	3450	1
name	us miscellaneous pacific islands	3451	1
name	us of a	3452	1
name	us of america	3453	1
name	us samoa	3454	1
name	us virgin islands	3455	1
name	usmoi	3456	1
name	ussr	3457	1
name	ussr, union of soviet socialist republics	3458	1
name	usvi	3459	1
name	uzbekistan	3460	1
name	vanuatu	3461	1
name	vatican	3462	1
name	vatican city	3463	1
name	vatican city state	3464	1
name	venezuela	3465	1
name	venezuela, bolivarian republic of	3466	1
name	viet nam	3467	1
name	viet-nam, democratic republic of	3468	1
name	vietnam	3469	1
name	vietnam (north)	3470	1
name	virgin islands of the united kingdom	3471	1
name	virgin islands of the united states	3472	1
name	virgin islands, british	3473	1
name	virgin islands, u.s.	3474	1
name	virgineola	3475	1
name	viti	3476	1
name	wai'tu kubuli	3477	1
name	wake atoll	3478	1
name	wake island	3479	1
name	wallis and futuna	3480	1
name	wallis and futuna islands	3481	1
name	wanakaera	3482	1
name	west sahara	3483	1
name	western sahara	3484	1
name	western samoa	3485	1
name	white russia	3486	1
name	white russian soviet socialist republic	3487	1
name	white ruthenia	3488	1
name	yarden	3489	1
name	yemen	3490	1
name	yemen (aden)	3491	1
name	yemen, democratic, people's democratic republic of	3492	1
name	yisrael	3493	1
name	ysland	3494	1
name	yugoslavia	3495	1
name	yugoslavia, (socialist) federal republic of	3496	1
name	zaire	3497	1
name	zaire, republic of	3498	1
name	zambia	3499	1
name	zimbabwe	3500	1
name	zimbabwe rhodesia	3501	1
name	zona del canal de panama	3502	1
