4	3
8	6
10	9
12	62
16	11
20	1
24	8
28	4
31	16
32	10
36	13
40	12
44	32
48	23
50	19
51	7
52	18
56	20
60	27
64	33
68	29
70	17
72	35
74	34
76	31
84	37
86	106
90	194
92	239
96	28
100	22
104	146
108	24
112	36
116	117
120	47
124	38
132	52
136	124
140	41
144	130
148	215
152	46
156	48
158	228
162	54
166	39
170	49
174	119
175	246
178	42
180	40
184	45
188	50
191	98
192	51
196	55
203	56
204	25
208	59
212	60
214	61
218	63
222	210
226	88
231	69
232	67
233	64
234	74
238	72
239	90
242	71
246	70
248	15
250	75
254	80
258	175
260	216
262	58
266	76
268	79
270	85
275	183
276	57
288	82
292	83
296	118
300	89
304	84
308	78
312	87
316	92
320	91
324	86
328	94
332	99
334	96
336	236
340	97
344	95
348	100
352	109
356	105
360	101
364	108
368	107
372	102
376	103
380	110
384	44
388	112
392	114
398	125
400	113
404	115
408	121
410	122
414	123
417	116
418	126
422	127
426	132
428	135
430	131
434	136
438	129
440	133
442	134
446	148
450	142
454	156
458	158
462	155
466	145
470	153
474	150
478	151
480	154
484	157
492	138
496	147
498	139
499	140
500	152
504	137
508	159
512	172
516	160
520	169
524	168
528	166
531	53
533	14
534	211
535	30
540	161
548	242
554	171
558	165
562	162
566	164
570	170
574	163
578	167
580	149
581	232
583	73
584	143
585	185
586	178
591	173
598	176
600	186
604	174
608	177
612	181
616	179
620	184
624	93
626	221
630	182
634	187
638	188
642	189
643	191
646	192
652	26
654	199
659	120
660	5
662	128
663	141
666	180
670	237
674	204
678	209
682	193
686	205
688	190
690	195
694	203
702	198
703	202
704	241
705	200
706	206
710	247
716	249
724	68
728	208
729	196
732	66
740	207
744	201
748	213
752	197
756	43
760	212
762	219
764	218
768	217
772	220
776	224
780	226
784	2
788	223
792	225
795	222
796	214
798	227
800	231
804	230
807	144
818	65
826	77
831	81
832	111
833	104
834	229
840	233
850	240
854	21
858	234
860	235
862	238
876	243
882	244
887	245
894	248
