abw	14
ad	1
ae	2
af	3
afg	3
ag	4
ago	8
ai	5
aia	5
al	6
ala	15
alb	6
am	7
an	252
and	1
ant	252
ao	8
aq	9
ar	10
are	2
arg	10
arm	7
as	11
asm	11
at	12
ata	9
atf	216
atg	4
au	13
aus	13
aut	12
aw	14
ax	15
az	16
aze	16
ba	17
bb	18
bd	19
bdi	24
be	20
bel	20
ben	25
bes	30
bf	21
bfa	21
bg	22
bgd	19
bgr	22
bh	23
bhr	23
bhs	32
bi	24
bih	17
bj	25
bl	26
blm	26
blr	36
blz	37
bm	27
bmu	27
bn	28
bo	29
bol	29
bq	30
br	31
bra	31
brb	18
brn	28
bs	32
bt	33
btn	33
bv	34
bvt	34
bw	35
bwa	35
by	36
bz	37
ca	38
caf	41
can	38
cc	39
cck	39
cd	40
cf	41
cg	42
ch	43
che	43
chl	46
chn	48
ci	44
civ	44
ck	45
cl	46
cm	47
cmr	47
cn	48
co	49
cod	40
cog	42
cok	45
col	49
com	119
cp	253
cpv	52
cr	50
cri	50
cs	251
cu	51
cub	51
cuw	53
cv	52
cw	53
cx	54
cxr	54
cy	55
cym	124
cyp	55
cz	56
cze	56
de	57
deu	57
dg	254
dj	58
dji	58
dk	59
dm	60
dma	60
dnk	59
do	61
dom	61
dz	62
dza	62
ec	63
ecu	63
ee	64
eg	65
egy	65
eh	66
er	67
eri	67
es	68
esh	66
esp	68
est	64
et	69
eth	69
fi	70
fin	70
fj	71
fji	71
fk	72
flk	72
fm	73
fo	74
fr	75
fra	75
fro	74
fsm	73
ga	76
gab	76
gb	77
gbr	77
gd	78
ge	79
geo	79
gf	80
gg	81
ggy	81
gh	82
gha	82
gi	83
gib	83
gin	86
gl	84
glp	87
gm	85
gmb	85
gn	86
gnb	93
gnq	88
gp	87
gq	88
gr	89
grc	89
grd	78
grl	84
gs	90
gt	91
gtm	91
gu	92
guf	80
gum	92
guy	94
gw	93
gy	94
hk	95
hkg	95
hm	96
hmd	96
hn	97
hnd	97
hr	98
hrv	98
ht	99
hti	99
hu	100
hun	100
id	101
idn	101
ie	102
il	103
im	104
imn	104
in	105
ind	105
io	106
iot	106
iq	107
ir	108
irl	102
irn	108
irq	107
is	109
isl	109
isr	103
it	110
ita	110
jam	112
je	111
jey	111
jm	112
jo	113
jor	113
jp	114
jpn	114
kaz	125
ke	115
ken	115
kg	116
kgz	116
kh	117
khm	117
ki	118
kir	118
km	119
kn	120
kna	120
kor	122
kp	121
kr	122
kw	123
kwt	123
ky	124
kz	125
la	126
lao	126
lb	127
lbn	127
lbr	131
lby	136
lc	128
lca	128
li	129
lie	129
lk	130
lka	130
lr	131
ls	132
lso	132
lt	133
ltu	133
lu	134
lux	134
lv	135
lva	135
ly	136
ma	137
mac	148
maf	141
mar	137
mc	138
mco	138
md	139
mda	139
mdg	142
mdv	155
me	140
mex	157
mf	141
mg	142
mh	143
mhl	143
mk	144
mkd	144
ml	145
mli	145
mlt	153
mm	146
mmr	146
mn	147
mne	140
mng	147
mnp	149
mo	148
moz	159
mp	149
mq	150
mr	151
mrt	151
ms	152
msr	152
mt	153
mtq	150
mu	154
mus	154
mv	155
mw	156
mwi	156
mx	157
my	158
mys	158
myt	246
mz	159
na	160
nam	160
nc	161
ncl	161
ne	162
ner	162
nf	163
nfk	163
ng	164
nga	164
ni	165
nic	165
niu	170
nl	166
nld	166
no	167
nor	167
np	168
npl	168
nr	169
nru	169
nu	170
nz	171
nzl	171
om	172
omn	172
pa	173
pak	178
pan	173
pcn	181
pe	174
per	174
pf	175
pg	176
ph	177
phl	177
pk	178
pl	179
plw	185
pm	180
pn	181
png	176
pol	179
pr	182
pri	182
prk	121
prt	184
pry	186
ps	183
pse	183
pt	184
pw	185
py	186
pyf	175
qa	187
qat	187
re	188
reu	188
ro	189
rou	189
rs	190
ru	191
rus	191
rw	192
rwa	192
sa	193
sau	193
sb	194
sc	195
scg	251
sd	196
sdn	196
se	197
sen	205
sg	198
sgp	198
sgs	90
sh	199
shn	199
si	200
sj	201
sjm	201
sk	202
sl	203
slb	194
sle	203
slv	210
sm	204
smr	204
sn	205
so	206
som	206
spm	180
sr	207
srb	190
ss	208
ssd	208
st	209
stp	209
sur	207
sv	210
svk	202
svn	200
swe	197
swz	213
sx	211
sxm	211
sy	212
syc	195
syr	212
sz	213
tc	214
tca	214
tcd	215
td	215
tf	216
tg	217
tgo	217
th	218
tha	218
tj	219
tjk	219
tk	220
tkl	220
tkm	222
tl	221
tls	221
tm	222
tn	223
to	224
ton	224
tr	225
tt	226
tto	226
tun	223
tur	225
tuv	227
tv	227
tw	228
twn	228
tz	229
tza	229
ua	230
ug	231
uga	231
ukr	230
um	232
umi	232
ury	234
us	233
usa	233
uy	234
uz	235
uzb	235
va	236
vat	236
vc	237
vct	237
ve	238
ven	238
vg	239
vgb	239
vi	240
vir	240
vn	241
vnm	241
vu	242
vut	242
wf	243
wlf	243
ws	244
wsm	244
xk	250
xkx	250
ye	245
yem	245
yt	246
za	247
zaf	247
zm	248
zmb	248
zw	249
zwe	249
