 & 	0	1
 (b	1	1
 (c	2	1
 (d	3	1
 (f	4	1
 (k	5	2
 (m	7	1
 a 	8	2
 ab	10	2
 ad	12	2
 af	14	5
 ag	19	1
 ah	20	1
 al	21	7
 am	28	3
 an	31	24
 ao	55	2
 ar	57	9
 as	66	2
 au	68	2
 ay	70	1
 az	71	1
 ba	72	8
 be	80	6
 bh	86	2
 bi	88	2
 bo	90	8
 br	98	7
 bu	105	4
 by	109	1
 ca	110	9
 ce	119	2
 ch	121	10
 ci	131	2
 co	133	14
 cr	147	2
 cu	149	3
 cy	152	1
 cz	153	1
 d'	154	1
 da	155	6
 de	161	12
 dj	173	1
 do	174	2
 dp	176	1
 dr	177	2
 du	179	4
 ea	183	4
 ec	187	1
 ee	188	1
 eg	189	1
 ei	190	1
 el	191	3
 em	194	1
 en	195	1
 eq	196	1
 er	197	1
 es	198	3
 et	201	1
 eu	202	1
 fa	203	3
 fe	206	8
 fi	214	2
 fo	216	1
 fr	217	6
 fu	223	1
 ga	224	7
 ge	231	3
 gh	234	1
 gi	235	2
 go	237	1
 gr	238	8
 gu	246	11
 gw	257	1
 ha	258	4
 he	262	7
 hi	269	4
 hk	273	1
 ho	274	5
 hu	279	1
 i.	280	1
 ic	281	1
 ie	282	1
 ig	283	1
 in	284	5
 io	289	1
 ir	290	5
 is	295	34
 it	329	1
 iv	330	1
 iy	331	1
 ja	332	5
 je	337	1
 ji	338	1
 jo	339	3
 ju	342	1
 ka	343	5
 ke	348	2
 ki	350	20
 ko	370	6
 ku	376	2
 ky	378	1
 la	379	9
 le	388	5
 li	393	5
 lm	398	1
 lp	399	1
 lu	400	4
 m.	404	1
 ma	405	25
 mc	430	1
 me	431	2
 mi	433	5
 mo	438	11
 mu	449	3
 my	452	1
 mz	453	1
 na	454	5
 ne	459	9
 ni	468	5
 no	473	10
 nu	483	1
 ny	484	1
 o 	485	1
 oc	486	2
 oe	488	1
 of	489	162
 om	651	1
 or	652	1
 os	653	1
 ou	654	3
 pa	657	9
 pe	666	10
 ph	676	1
 pi	677	2
 pl	679	2
 po	681	4
 pr	685	4
 pu	689	1
 qa	690	2
 re	692	133
 rh	825	2
 ri	827	3
 ro	830	3
 ru	833	3
 rw	836	1
 sa	837	18
 sc	855	1
 se	856	5
 sh	861	2
 si	863	5
 sl	868	2
 sm	870	1
 so	871	12
 sp	883	3
 sr	886	2
 st	888	18
 su	906	9
 sv	915	3
 sw	918	3
 sy	921	1
 ta	922	4
 te	926	4
 th	930	26
 ti	956	1
 to	957	5
 tr	962	2
 tu	964	6
 ub	970	1
 ud	971	1
 ug	972	1
 uk	973	2
 um	975	2
 un	977	9
 up	986	1
 ur	987	1
 us	988	3
 uz	991	1
 va	992	5
 ve	997	2
 vi	999	6
 vo	1005	1
 wa	1006	3
 we	1009	4
 wh	1013	1
 ya	1014	1
 ye	1015	1
 ys	1016	1
 yu	1017	2
 za	1019	3
 ze	1022	1
 zh	1023	1
 zi	1024	1
 zo	1025	1
& n	1026	1
'iv	1027	1
'lv	1028	1
's 	1029	5
'tu	1034	1
'yu	1035	1
(br	1036	1
(co	1037	1
(du	1038	1
(fr	1039	1
(ke	1040	1
(ki	1041	1
(ma	1042	1
) f	1043	1
) i	1044	1
) s	1045	2
) z	1047	1
, a	1048	1
, s	1049	1
, t	1050	1
-ba	1051	1
-bi	1052	1
-br	1053	1
-ca	1054	1
-co	1055	1
-d'	1056	1
-he	1057	1
-it	1058	1
-ki	1059	1
-ko	1060	1
-le	1061	1
-ma	1062	2
-mo	1064	1
-oa	1065	1
-qa	1066	1
-qu	1067	1
-su	1068	1
-ua	1069	1
. b	1070	1
. m	1071	2
. v	1073	1
.s.	1074	1
a (	1075	1
a a	1076	19
a b	1095	10
a c	1105	15
a d	1120	5
a e	1125	7
a f	1132	10
a g	1142	10
a h	1152	6
a i	1158	10
a j	1168	3
a k	1171	6
a l	1177	6
a m	1183	11
a n	1194	11
a o	1205	5
a p	1210	7
a r	1217	41
a s	1258	17
a t	1275	7
a u	1282	5
a v	1287	2
a w	1289	6
a y	1295	1
a z	1296	3
a) 	1299	1
a, 	1300	1
a-b	1301	1
a-c	1302	1
a-h	1303	1
aal	1304	1
aan	1305	1
aar	1306	2
aat	1308	1
ab 	1309	4
aba	1313	3
abi	1316	2
abo	1318	3
abu	1321	1
abw	1322	1
aby	1323	1
aca	1324	3
ace	1327	2
aco	1329	2
ad 	1331	3
ada	1334	5
ade	1339	2
adi	1341	2
adl	1343	1
adm	1344	2
ado	1346	4
aeh	1350	1
ael	1351	1
aer	1352	2
afg	1354	1
afr	1355	4
aga	1359	2
ago	1361	1
agr	1362	1
agu	1363	2
agy	1365	1
aha	1366	3
ahi	1369	1
aho	1370	1
ahr	1371	1
ahv	1372	1
ai'	1373	1
ai-	1374	1
aic	1375	2
aij	1377	2
ail	1379	2
ain	1381	14
aip	1395	1
air	1396	3
ais	1399	1
ait	1400	2
aiw	1402	1
aji	1403	1
ajy	1404	2
ak 	1406	1
aka	1407	1
ake	1408	1
akh	1409	1
aki	1410	2
akr	1412	1
aku	1413	1
aky	1414	1
al 	1415	14
al-	1429	4
ala	1433	10
alb	1443	2
ald	1445	2
ale	1447	2
alg	1449	1
ali	1450	9
alk	1459	1
all	1460	5
alt	1465	6
alu	1471	1
alv	1472	2
aly	1474	1
am 	1475	4
ama	1479	5
amb	1484	4
ame	1488	5
ami	1493	6
aml	1499	1
amo	1500	3
amp	1503	1
an 	1504	38
ana	1542	15
anc	1557	2
and	1559	65
ane	1624	3
ang	1627	5
ani	1632	12
ank	1644	1
anm	1645	4
ann	1649	2
ano	1651	3
anr	1654	1
ans	1655	2
ant	1657	6
anu	1663	1
anx	1664	1
any	1665	3
anz	1668	1
ao 	1669	4
aoe	1673	1
aom	1674	1
aos	1675	1
aot	1676	1
apa	1677	2
ape	1679	2
apo	1681	1
apu	1682	1
aq 	1683	1
aqs	1684	1
ar 	1685	7
ara	1692	11
arb	1703	3
arc	1706	2
ard	1708	4
arg	1712	1
ari	1713	7
ark	1720	1
arl	1721	1
arm	1722	1
aro	1723	4
ars	1727	2
art	1729	4
aru	1733	4
ary	1737	1
as 	1738	4
as)	1742	1
as-	1743	1
asa	1744	5
asc	1749	2
ash	1751	1
asi	1752	1
ask	1753	1
aso	1754	1
ast	1755	6
asy	1761	1
at 	1762	6
ata	1768	3
ate	1771	19
ati	1790	22
ato	1812	1
ats	1813	1
atu	1814	1
atv	1815	2
au 	1817	5
aud	1822	1
aur	1823	3
aus	1826	2
ava	1828	1
avi	1829	3
awe	1832	1
awi	1833	1
awl	1834	1
ay 	1835	3
aya	1838	2
ayc	1840	1
aye	1841	1
ayi	1842	1
aym	1843	1
ayn	1844	1
ayo	1845	1
ays	1846	1
aza	1847	3
aze	1850	1
azi	1851	2
azz	1853	1
b a	1854	1
b c	1855	1
b e	1856	1
b j	1857	1
b r	1858	2
ba 	1860	3
bab	1863	1
bad	1864	1
bag	1865	1
bah	1866	2
bai	1868	2
bam	1870	1
ban	1871	4
bar	1875	6
bat	1881	1
bay	1882	1
bbe	1883	1
bea	1884	1
bek	1885	1
bel	1886	4
ben	1890	1
ber	1891	3
bha	1894	1
bhu	1895	1
bia	1896	8
bie	1904	1
bij	1905	1
bim	1906	1
biq	1907	1
bis	1908	1
bli	1909	130
bna	2039	1
bo 	2040	1
bod	2041	2
boj	2043	1
bol	2044	2
bon	2046	3
bor	2049	1
bos	2050	1
bot	2051	1
bou	2052	4
boy	2056	1
bra	2057	3
bri	2060	6
bru	2066	1
bud	2067	1
bul	2068	2
bur	2070	4
bus	2074	1
but	2075	1
buu	2076	1
bwe	2077	1
bya	2078	1
bye	2079	1
bys	2080	1
c a	2081	1
c c	2082	3
c d	2085	1
c f	2086	1
c g	2087	2
c i	2089	1
c k	2090	1
c l	2091	4
c o	2095	115
c p	2210	2
c r	2212	14
c s	2226	3
c t	2229	2
ca 	2231	8
cab	2239	1
cae	2240	1
cai	2241	2
cal	2243	1
cam	2244	3
can	2247	9
cao	2256	2
cap	2258	1
car	2259	3
cat	2262	1
cau	2263	2
cay	2265	1
cco	2266	1
cdo	2267	1
ce 	2268	3
ce)	2271	1
cea	2272	2
ced	2274	1
ceg	2275	1
cel	2276	1
cen	2277	3
cey	2280	1
ch 	2281	11
cha	2292	1
che	2293	2
chi	2295	7
chl	2302	1
cho	2303	2
chr	2305	2
cht	2307	1
chw	2308	1
chy	2309	1
cia	2310	5
cip	2315	4
cit	2319	2
ck 	2321	1
co 	2322	4
coa	2326	2
coc	2328	1
col	2329	2
com	2331	4
con	2335	4
coo	2339	1
cos	2340	3
cot	2343	1
cou	2344	2
cra	2346	9
crn	2355	1
cro	2356	2
cti	2358	3
cua	2361	1
cub	2362	1
cun	2363	1
cur	2364	1
cyp	2365	1
cze	2366	1
d a	2367	8
d b	2375	3
d c	2378	3
d d	2381	1
d e	2382	1
d f	2383	2
d g	2385	2
d h	2387	3
d i	2390	5
d j	2395	1
d k	2396	2
d l	2398	2
d m	2400	4
d n	2404	5
d o	2409	5
d p	2414	2
d r	2416	6
d s	2422	8
d t	2430	6
d u	2436	1
d y	2437	1
d z	2438	1
d'i	2439	1
d'l	2440	1
da 	2441	9
dad	2450	1
dae	2451	1
dag	2452	1
dah	2453	1
dan	2454	5
dar	2459	1
dav	2460	1
daw	2461	1
de 	2462	3
del	2465	1
dem	2466	9
den	2475	7
dep	2482	2
der	2484	10
des	2494	5
deu	2499	1
di 	2500	2
dia	2502	7
dib	2509	1
die	2510	1
din	2511	2
div	2513	1
dji	2514	1
dlo	2515	1
dly	2516	1
dmi	2517	2
dom	2519	19
don	2538	4
doo	2542	1
dor	2543	3
dos	2546	3
dov	2549	1
dpr	2550	1
dr 	2551	1
drc	2552	1
dru	2553	1
ds 	2554	19
duc	2573	1
dur	2574	2
dus	2576	1
dut	2577	3
dwi	2580	1
dzh	2581	1
dzi	2582	1
e a	2583	3
e b	2586	4
e c	2590	7
e d	2597	5
e e	2602	2
e f	2604	1
e g	2605	3
e h	2608	1
e i	2609	7
e k	2616	3
e l	2619	2
e m	2621	6
e n	2627	4
e o	2631	11
e p	2642	2
e r	2644	20
e s	2664	11
e t	2675	5
e u	2680	2
e v	2682	3
e z	2685	1
e's	2686	5
e) 	2691	1
e, 	2692	1
e-c	2693	1
e-d	2694	1
ea 	2695	7
ea-	2702	2
eac	2704	1
eal	2705	4
ean	2709	3
ear	2712	3
eas	2715	5
eat	2720	1
eba	2721	1
ebr	2722	1
ece	2723	1
ech	2724	2
eci	2726	2
ect	2728	1
ecu	2729	1
ed 	2730	8
ede	2738	11
edo	2749	2
ee 	2751	1
eec	2752	1
eek	2753	1
eel	2754	2
een	2756	1
eep	2757	1
ees	2758	1
ega	2759	1
egi	2760	2
ego	2762	1
egr	2763	2
egu	2765	1
egy	2766	1
eha	2767	1
ei 	2768	1
ei,	2769	1
eic	2770	1
ein	2771	1
eir	2772	1
eiz	2773	1
eja	2774	1
ek 	2775	1
eki	2776	1
el 	2777	2
ela	2779	9
ele	2788	3
elg	2791	1
eli	2792	2
ell	2794	4
elo	2798	3
ema	2801	1
emb	2802	1
eme	2803	1
emi	2804	2
emo	2806	9
emy	2815	1
en 	2816	8
ena	2824	4
enc	2828	6
end	2834	4
ene	2838	4
eng	2842	1
eni	2843	5
enl	2848	1
enm	2849	1
ens	2850	3
ent	2853	6
eny	2859	1
eol	2860	1
eon	2861	2
eop	2863	5
eor	2868	2
ep 	2870	1
epa	2871	1
epe	2872	2
epu	2874	130
equ	3004	1
er 	3005	5
era	3010	11
erb	3021	3
erc	3024	1
erd	3025	1
ere	3026	1
eri	3027	9
erl	3036	4
erm	3040	2
ern	3042	11
ero	3053	2
err	3055	9
ers	3064	2
ert	3066	2
eru	3068	1
erv	3069	1
erz	3070	1
es 	3071	15
ese	3086	6
esh	3092	1
esi	3093	5
eso	3098	2
est	3100	7
esw	3107	1
et 	3108	2
eta	3110	1
eth	3111	4
etm	3115	1
etn	3116	1
etu	3117	2
eun	3119	1
eus	3120	1
eut	3121	1
evi	3122	1
ew 	3123	6
ewa	3129	1
exi	3130	1
ey 	3131	3
eyc	3134	1
eyl	3135	1
eys	3136	1
ezu	3137	1
f a	3138	13
f b	3151	13
f c	3164	15
f d	3179	3
f e	3182	8
f f	3190	2
f g	3192	8
f h	3200	2
f i	3202	6
f j	3208	1
f k	3209	6
f l	3215	6
f m	3221	14
f n	3235	7
f o	3242	1
f p	3243	9
f q	3252	1
f s	3253	20
f t	3273	23
f u	3296	3
f v	3299	3
f y	3302	1
f z	3303	2
fae	3305	1
fal	3306	1
far	3307	1
fas	3308	1
fed	3309	9
fgh	3318	1
fij	3319	1
fin	3320	1
fol	3321	1
for	3322	1
fra	3323	2
fre	3325	6
fri	3331	5
fut	3336	1
g g	3337	1
g h	3338	1
g i	3339	2
g k	3341	1
g l	3342	1
g s	3343	2
g) 	3345	1
ga 	3346	1
gab	3347	2
gal	3349	3
gam	3352	1
gan	3353	5
gap	3358	1
gar	3359	3
gas	3362	1
gaw	3363	1
gdo	3364	17
gen	3381	1
geo	3382	2
ger	3384	4
ggu	3388	1
gha	3389	2
ghi	3391	1
gia	3392	2
gib	3394	1
gie	3395	1
gin	3396	3
gio	3399	3
giq	3402	1
giu	3403	1
gla	3404	2
go 	3406	4
go-	3410	2
gol	3412	3
gor	3415	1
gos	3416	1
gov	3417	1
gra	3418	1
gre	3419	6
gri	3425	1
gro	3426	4
gua	3430	8
gue	3438	2
gui	3440	8
guk	3448	1
guo	3449	1
guy	3450	2
gwa	3452	1
gya	3453	1
gyp	3454	1
gyz	3455	1
h a	3456	3
h b	3459	1
h g	3460	4
h h	3464	2
h i	3466	2
h k	3468	2
h m	3470	1
h o	3471	4
h p	3475	4
h r	3479	2
h s	3481	6
h v	3487	1
h w	3488	1
ha 	3489	2
had	3491	2
hai	3493	2
hal	3495	1
ham	3496	1
han	3497	6
har	3503	2
has	3505	2
hay	3507	1
he 	3508	24
hea	3532	2
heb	3534	1
hee	3535	1
hel	3536	4
hem	3540	1
her	3541	11
hew	3552	1
hia	3553	2
hib	3555	1
hil	3556	3
hin	3559	5
hio	3564	1
hir	3565	2
his	3567	1
hit	3568	1
hiz	3569	1
hks	3570	1
hla	3571	1
ho 	3572	1
hod	3573	2
hol	3575	3
hom	3578	1
hon	3579	5
hos	3584	2
hou	3586	2
hqi	3588	1
hra	3589	1
hri	3590	2
hs 	3592	1
hst	3593	1
hte	3594	1
hua	3595	1
hun	3596	1
hut	3597	1
hve	3598	1
hwe	3599	1
hy 	3600	1
i a	3601	2
i b	3603	1
i d	3604	2
i f	3606	2
i g	3608	2
i h	3610	2
i i	3612	2
i j	3614	2
i k	3616	2
i l	3618	1
i m	3619	4
i n	3623	2
i r	3625	8
i s	3633	1
i u	3634	2
i v	3636	1
i w	3637	2
i't	3639	1
i, 	3640	1
i-o	3641	1
i-u	3642	1
i. 	3643	1
ia 	3644	50
ia-	3694	1
ial	3695	5
iam	3700	1
ian	3701	11
ib 	3712	2
iba	3714	2
ibb	3716	1
ibe	3717	2
ibi	3719	1
ibo	3720	1
ibr	3721	1
ibu	3722	1
iby	3723	1
ic 	3724	131
ica	3855	17
ice	3872	3
ich	3875	2
ick	3877	1
ico	3878	3
icr	3881	1
ida	3882	1
ide	3883	1
ido	3884	1
ie 	3885	1
iec	3886	1
iel	3887	2
ien	3889	2
ier	3891	3
ies	3894	2
iet	3896	2
ige	3898	3
igu	3901	2
iha	3903	1
iho	3904	1
iik	3905	1
ija	3906	5
iji	3911	1
ik 	3912	1
ika	3913	1
ike	3914	1
iki	3915	2
il 	3917	1
ila	3918	2
ile	3920	2
ili	3922	2
ill	3924	5
ima	3929	1
imb	3930	1
imo	3931	1
ims	3932	1
in 	3933	11
ina	3944	12
inc	3956	5
ind	3961	5
ine	3966	11
ing	3977	22
ini	3999	10
inl	4009	1
inn	4010	1
ino	4011	3
inq	4014	1
ins	4015	1
int	4016	9
ion	4025	11
iop	4036	1
ior	4037	1
iot	4038	1
iou	4039	2
ipa	4041	3
ipe	4044	3
ipp	4047	2
iqu	4049	5
ira	4054	3
ire	4057	6
irg	4063	4
iri	4067	3
irn	4070	1
is 	4071	3
ise	4074	2
ish	4076	4
isi	4080	2
isl	4082	33
isp	4115	1
isr	4116	2
iss	4118	2
ist	4120	12
it 	4132	2
ita	4134	4
itc	4138	1
ite	4139	10
ith	4149	1
iti	4150	8
ito	4158	4
itr	4162	1
itt	4163	2
itu	4165	1
ity	4166	6
itz	4172	1
iue	4173	1
ium	4174	1
ius	4175	2
iva	4177	1
ive	4178	4
ivi	4182	2
ivo	4184	1
iwa	4185	1
iwi	4186	1
iya	4187	3
iye	4190	1
iyo	4191	1
iys	4192	1
iz 	4193	1
ize	4194	1
izi	4195	1
izr	4196	1
izz	4197	1
ja 	4198	2
jab	4200	1
jam	4201	2
jan	4203	2
jap	4205	1
jer	4206	1
ji 	4207	1
jib	4208	1
jik	4209	1
jor	4210	1
jos	4211	1
jou	4212	1
juz	4213	1
jya	4214	2
k c	4216	2
k d	4218	2
k e	4220	1
k g	4221	1
k h	4222	1
k i	4223	2
k j	4225	1
k k	4226	1
k o	4227	1
k r	4228	1
k u	4229	1
k y	4230	1
ka 	4231	2
kal	4233	1
kam	4234	1
kan	4235	1
kar	4236	2
kat	4238	1
kay	4239	1
kaz	4240	1
kee	4241	1
kel	4242	1
ken	4243	2
ker	4245	1
kes	4246	1
key	4247	1
khs	4248	1
ki 	4249	1
kia	4250	1
kin	4251	19
kir	4270	2
kis	4272	3
kit	4275	1
kiy	4276	1
kla	4277	1
kme	4278	1
kok	4279	1
kom	4280	1
kon	4281	1
kor	4282	3
kos	4285	1
kra	4286	1
kry	4287	1
ks 	4288	1
ksa	4289	1
ku 	4290	1
ku-	4291	1
kub	4292	1
kuw	4293	1
kyr	4294	1
l a	4295	3
l b	4298	1
l d	4299	2
l f	4301	2
l g	4303	1
l i	4304	2
l l	4306	1
l n	4307	1
l o	4308	1
l p	4309	1
l r	4310	4
l s	4314	6
l z	4320	1
l-b	4321	1
l-i	4322	1
l-m	4323	1
l-q	4324	1
l-s	4325	1
la 	4326	6
laa	4332	1
lad	4333	2
lag	4335	1
lak	4336	2
lal	4338	1
lam	4339	5
lan	4344	49
lao	4393	1
lar	4394	1
las	4395	2
lat	4397	2
lau	4399	2
lav	4401	1
law	4402	1
lay	4403	1
lba	4404	2
ld 	4406	1
lda	4407	1
ldi	4408	1
ldo	4409	1
le 	4410	3
le'	4413	5
le)	4418	1
le-	4419	1
lea	4420	1
leb	4421	1
lec	4422	1
led	4423	1
lem	4424	1
len	4425	2
leo	4427	1
les	4428	8
let	4436	1
lew	4437	1
ley	4438	1
lga	4439	1
lge	4440	1
lgi	4441	1
li 	4442	3
lia	4445	4
lib	4449	2
lic	4451	131
lie	4582	2
lin	4584	1
lio	4585	2
lip	4587	1
lis	4588	3
lit	4591	5
liv	4596	2
liw	4598	1
liz	4599	1
lk 	4600	1
lkl	4601	1
ll 	4602	1
lla	4603	4
lle	4607	8
lli	4615	4
lls	4619	1
lma	4620	1
lom	4621	2
lon	4623	2
lor	4625	1
lou	4626	1
lov	4627	2
lpd	4629	1
lsk	4630	1
lta	4631	5
lth	4636	3
lu 	4639	1
lub	4640	1
luc	4641	1
lur	4642	1
lus	4643	1
lux	4644	1
lva	4645	1
lvi	4646	1
lvo	4647	1
ly 	4648	3
lyi	4651	1
lyn	4652	1
m b	4653	3
m d	4656	1
m g	4657	1
m k	4658	1
m o	4659	17
m s	4676	1
m u	4677	1
m v	4678	1
m. 	4679	1
ma 	4680	4
maa	4684	2
mac	4686	2
mad	4688	2
mag	4690	2
mah	4692	1
mai	4693	1
mal	4694	10
mam	4704	1
man	4705	5
mar	4710	10
mas	4720	2
mat	4722	2
mau	4724	2
may	4726	2
mba	4728	1
mbi	4729	4
mbo	4733	2
mbu	4735	2
mcd	4737	1
me 	4738	2
men	4740	5
mer	4745	4
mes	4749	1
mex	4750	1
mey	4751	1
mia	4752	1
mib	4753	1
mic	4754	5
mil	4759	1
min	4760	6
miq	4766	1
mir	4767	1
mis	4768	1
mit	4769	1
mla	4770	1
mmo	4771	3
mo 	4774	1
moa	4775	2
moc	4777	10
moi	4787	1
mol	4788	1
mon	4789	9
mor	4798	5
mos	4803	1
mou	4804	1
moz	4805	1
mpu	4806	1
msh	4807	1
mud	4808	1
mun	4809	1
mur	4810	2
mus	4812	1
my 	4813	1
mya	4814	1
mza	4815	1
n (	4816	2
n a	4818	8
n b	4826	6
n c	4832	6
n d	4838	5
n e	4843	1
n f	4844	2
n g	4846	4
n h	4850	3
n i	4853	12
n j	4865	2
n k	4867	7
n l	4874	4
n m	4878	6
n n	4884	2
n o	4886	6
n p	4892	5
n q	4897	1
n r	4898	19
n s	4917	15
n t	4932	8
n u	4940	3
n v	4943	2
n y	4945	2
n-k	4947	1
na 	4948	18
na,	4966	1
naa	4967	2
nac	4969	2
nad	4971	3
nai	4974	3
nak	4977	2
nal	4979	3
nam	4982	4
nan	4986	2
nao	4988	1
nar	4989	2
nas	4991	2
nat	4993	3
nau	4996	1
nce	4997	3
nch	5000	6
nci	5006	4
nd 	5010	40
nda	5050	3
nde	5053	4
ndi	5057	8
ndl	5065	1
ndo	5066	3
nds	5069	26
ndu	5095	3
ndw	5098	1
ne 	5099	6
nea	5105	4
ned	5109	1
neg	5110	4
nei	5114	1
neo	5115	1
nep	5116	1
nes	5117	8
net	5125	3
nev	5128	1
new	5129	5
nez	5134	1
nfe	5135	1
ng 	5136	4
ng)	5140	1
nga	5141	4
ngd	5145	17
ngg	5162	1
ngl	5163	2
ngo	5165	4
ngu	5169	2
nha	5171	1
ni 	5172	3
nia	5175	21
nic	5196	5
nid	5201	2
nie	5203	1
nig	5204	2
nih	5206	1
nij	5207	1
nik	5208	1
nin	5209	3
nio	5212	3
nip	5215	1
niq	5216	1
nis	5217	5
nit	5222	8
niu	5230	1
nka	5231	1
nla	5232	2
nma	5234	3
nmi	5237	1
nn 	5238	1
nna	5239	1
nni	5240	2
no 	5242	2
nol	5244	1
non	5245	1
nor	5246	9
nos	5255	1
nou	5256	1
nov	5257	2
nqu	5259	1
nra	5260	1
nse	5261	1
nsh	5262	1
nsi	5263	2
nsk	5265	1
nst	5266	1
nt 	5267	12
nt-	5279	1
nta	5280	4
nte	5284	2
nti	5286	4
ntr	5290	3
nts	5293	1
nua	5294	1
nun	5295	1
nwe	5296	3
nx 	5299	1
ny 	5300	1
nya	5301	3
nyi	5304	1
nza	5305	1
nzi	5306	1
o (	5307	2
o b	5309	2
o c	5311	4
o d	5315	1
o e	5316	1
o k	5317	4
o l	5321	2
o m	5323	5
o p	5328	4
o r	5332	4
o s	5336	2
o t	5338	4
o u	5342	2
o v	5344	3
o w	5347	1
o z	5348	2
o-b	5350	1
o-k	5351	1
oa 	5352	4
oan	5356	1
oas	5357	1
oat	5358	1
oba	5359	1
oc 	5360	2
oca	5362	2
occ	5364	1
oce	5365	2
oci	5367	2
oco	5369	1
ocr	5370	9
ode	5379	3
odi	5382	1
odz	5383	1
oe 	5384	1
oen	5385	1
oer	5386	2
oes	5388	1
of 	5389	162
ogo	5551	1
oir	5552	1
oja	5553	1
ok 	5554	1
oke	5555	1
oku	5556	1
ol 	5557	1
ola	5558	4
old	5562	1
ole	5563	1
oli	5564	3
olk	5567	1
oll	5568	3
olo	5571	2
ols	5573	1
olt	5574	1
oly	5575	2
om 	5577	17
oma	5594	3
omb	5597	1
ome	5598	4
omi	5602	3
omm	5605	3
omo	5608	2
on 	5610	17
on-	5627	1
ona	5628	6
ond	5634	2
one	5636	5
onf	5641	1
ong	5642	6
oni	5648	3
ono	5651	1
ont	5652	3
onw	5655	3
ook	5658	1
oon	5659	1
oos	5660	1
oph	5661	1
opi	5662	1
opl	5663	5
opo	5668	1
or 	5669	4
or-	5673	1
ora	5674	1
ord	5675	1
ore	5676	3
orf	5679	1
org	5680	3
ori	5683	7
orm	5690	1
oro	5691	2
orr	5693	2
ors	5695	2
ort	5697	7
oru	5704	1
orw	5705	1
ory	5706	4
os 	5710	6
osa	5716	1
ose	5717	1
osl	5718	1
osn	5719	1
oso	5720	3
oss	5723	1
ost	5724	3
ot 	5727	1
ota	5728	1
ote	5729	2
oth	5731	1
ots	5732	1
ott	5733	1
ou 	5734	1
oua	5735	1
oug	5736	1
ouh	5737	1
oum	5738	1
oun	5739	4
oup	5743	2
our	5745	2
ous	5747	2
out	5749	11
ouv	5760	2
ova	5762	4
ove	5766	2
ovi	5768	1
ovo	5769	1
oya	5770	1
oza	5771	1
p g	5772	1
p i	5773	1
pai	5774	1
pak	5775	1
pal	5776	7
pan	5783	3
pap	5786	2
par	5788	3
pdr	5791	1
pe 	5792	3
pea	5795	2
pec	5797	2
pei	5799	1
pel	5800	1
pen	5801	2
peo	5803	5
per	5808	4
pet	5812	1
phe	5813	1
phi	5814	1
pia	5815	1
pie	5816	1
pin	5817	1
pit	5818	1
ple	5819	6
plu	5825	1
pol	5826	2
pon	5828	1
por	5829	3
pot	5832	1
ppe	5833	1
ppi	5834	1
ppo	5835	1
pri	5836	5
prk	5841	1
pru	5842	1
pt 	5843	1
pua	5844	1
pub	5845	130
puc	5975	1
pue	5976	1
q i	5977	1
q m	5978	1
q r	5979	1
qam	5980	1
qat	5981	1
qaz	5982	1
qip	5983	1
qst	5984	1
qua	5985	1
que	5986	5
qum	5991	1
r a	5992	4
r b	5996	1
r c	5997	1
r e	5998	2
r f	6000	1
r g	6001	2
r j	6003	1
r l	6004	1
r m	6005	3
r n	6008	1
r o	6009	2
r q	6011	1
r r	6012	6
r s	6018	2
r t	6020	1
r v	6021	1
r-l	6022	1
ra 	6023	6
rab	6029	6
rac	6035	1
rae	6036	1
rag	6037	2
rai	6039	2
raj	6041	2
ral	6043	8
ran	6051	4
rap	6055	1
raq	6056	1
ras	6057	4
rat	6061	18
ray	6079	1
raz	6080	3
rba	6083	2
rbi	6085	2
rbo	6087	1
rbu	6088	1
rc 	6089	1
rce	6090	1
rct	6091	2
rd 	6093	2
rda	6095	1
rde	6096	3
re 	6099	5
re,	6104	1
rea	6105	4
ree	6109	3
reg	6112	2
rei	6114	1
rel	6115	2
ren	6117	9
rep	6126	130
ret	6256	1
reu	6257	1
rfo	6258	1
rg 	6259	1
rge	6260	2
rgh	6262	1
rgi	6263	5
rgy	6268	1
rho	6269	2
ri 	6271	3
ria	6274	10
rib	6284	3
ric	6287	10
rid	6297	1
rie	6298	3
rig	6301	1
rii	6302	1
rik	6303	1
rin	6304	9
rio	6313	1
riq	6314	1
ris	6315	6
rit	6321	12
riy	6333	2
rk 	6335	2
rke	6337	1
rki	6338	2
rkm	6340	1
rks	6341	1
rl 	6342	1
rla	6343	4
rma	6347	2
rme	6349	1
rmo	6350	1
rmu	6351	1
rn 	6352	10
rna	6362	1
rni	6363	1
rns	6364	1
ro 	6365	2
roa	6367	2
roc	6369	3
roe	6372	2
rom	6374	1
ron	6375	1
roo	6376	1
ror	6377	1
ros	6378	2
rou	6380	2
rra	6382	4
rre	6386	2
rri	6388	6
rse	6394	1
rsh	6395	2
rsi	6397	1
rso	6398	1
rsz	6399	1
rt)	6400	2
rte	6402	1
rth	6403	6
rti	6409	3
rto	6412	1
rtr	6413	1
rts	6414	1
rtu	6415	1
ru 	6416	2
rub	6418	1
rug	6419	1
ruk	6420	2
rum	6422	1
run	6423	2
rus	6425	4
rut	6429	1
rve	6430	1
rwa	6431	2
ry 	6433	6
ry)	6439	1
rya	6440	1
rze	6441	1
s &	6442	1
s (	6443	2
s a	6445	8
s b	6453	5
s c	6458	9
s d	6467	3
s e	6470	1
s f	6471	4
s g	6475	1
s h	6476	4
s i	6480	4
s k	6484	3
s l	6487	1
s m	6488	6
s n	6494	2
s o	6496	4
s p	6500	1
s r	6501	11
s s	6512	9
s t	6521	4
s u	6525	6
s v	6531	1
s) 	6532	1
s-s	6533	1
s. 	6534	1
sa 	6535	2
sa)	6537	1
sab	6538	1
sah	6539	1
sai	6540	9
sal	6549	3
sam	6552	2
san	6554	5
sao	6559	2
sar	6561	2
sau	6563	2
sav	6565	1
sca	6566	2
sce	6568	1
sch	6569	2
se 	6571	7
see	6578	1
sen	6579	1
seo	6580	1
ser	6581	4
sey	6585	3
sh 	6588	6
sha	6594	2
she	6596	2
shi	6598	1
shq	6599	1
sia	6600	11
sie	6611	2
sil	6613	1
sin	6614	5
sio	6619	1
sit	6620	1
siy	6621	1
ska	6622	3
sko	6625	1
sla	6626	33
sle	6659	1
slo	6660	2
smi	6662	1
smo	6663	1
sni	6664	1
so 	6665	2
soc	6667	2
sol	6669	1
som	6670	1
son	6671	2
sop	6673	1
sot	6674	1
sou	6675	9
sov	6684	1
spa	6685	1
spe	6686	2
sr 	6688	1
sra	6689	1
srb	6690	1
sri	6691	1
ss 	6692	2
ssa	6694	2
sse	6696	1
ssi	6697	4
ssr	6701	1
st 	6702	7
st.	6709	2
sta	6711	28
ste	6739	7
sti	6746	2
stl	6748	1
stm	6749	1
sto	6750	2
str	6752	4
sud	6756	3
sui	6759	1
sul	6760	1
sun	6761	1
suo	6762	1
sur	6763	2
sva	6765	1
sve	6766	1
svi	6767	2
swa	6769	2
swe	6771	1
swi	6772	1
sy 	6773	1
syr	6774	1
sza	6775	1
t a	6776	5
t b	6781	2
t c	6783	2
t e	6785	2
t g	6787	2
t h	6789	1
t i	6790	3
t k	6793	2
t l	6795	1
t m	6796	4
t n	6800	2
t p	6802	1
t r	6803	2
t s	6805	4
t t	6809	1
t v	6810	1
t'y	6811	1
t) 	6812	2
t-m	6814	1
t. 	6815	2
ta 	6817	4
taa	6821	1
tad	6822	1
tai	6823	3
taj	6826	1
tal	6827	2
tam	6829	1
tan	6830	16
tar	6846	4
tas	6850	1
tat	6851	17
tca	6868	1
tch	6869	3
te 	6872	16
te-	6888	1
tea	6889	1
ted	6890	8
tei	6898	1
tem	6899	1
ten	6900	4
ter	6904	10
tes	6914	6
th 	6920	12
tha	6932	1
the	6933	31
thi	6964	1
tho	6965	3
ths	6968	1
thu	6969	1
ti 	6970	5
tia	6975	1
tic	6976	12
tig	6988	1
tih	6989	1
til	6990	2
tim	6992	1
tin	6993	6
tio	6999	4
tis	7003	4
tiu	7007	2
tiv	7009	4
tla	7013	1
tly	7014	1
tma	7015	1
tmo	7016	1
tna	7017	1
to 	7018	1
tob	7019	1
tog	7020	1
tok	7021	1
tom	7022	1
ton	7023	2
top	7025	1
tor	7026	5
tra	7031	5
tre	7036	1
tri	7037	4
try	7041	2
ts 	7043	1
tsc	7044	1
tse	7045	1
tsi	7046	1
tsw	7047	1
tte	7048	1
tti	7049	1
tts	7050	1
tu 	7051	3
tug	7054	2
tun	7056	2
tur	7058	3
tut	7061	1
tuv	7062	2
tva	7064	1
tve	7065	1
tvi	7066	1
ty 	7067	6
tze	7073	1
u c	7074	1
u e	7075	1
u g	7076	1
u k	7077	1
u m	7078	1
u n	7079	3
u p	7082	2
u r	7084	5
u s	7089	1
u t	7090	3
u u	7093	1
u v	7094	1
u-m	7095	1
u.s	7096	1
ua 	7097	3
uad	7100	2
uah	7102	1
uam	7103	1
uan	7104	3
uat	7107	3
uay	7110	2
uba	7112	2
ubl	7114	130
ubn	7244	1
ubu	7245	2
uch	7247	2
uci	7249	1
uda	7250	5
udi	7255	1
udz	7256	1
ue 	7257	4
uel	7261	2
uen	7263	1
uer	7264	2
ues	7266	1
uga	7267	3
ugo	7270	1
ugu	7271	2
uha	7273	1
uia	7274	3
uil	7277	1
uin	7278	4
uis	7282	1
uk 	7283	3
uke	7286	1
ukr	7287	1
ulg	7288	1
uli	7289	1
ult	7290	1
um 	7291	1
uma	7292	2
umb	7294	1
umu	7295	1
un 	7296	2
una	7298	3
und	7301	1
une	7302	2
ung	7304	1
unh	7305	1
uni	7306	11
unt	7317	3
uo 	7320	1
uom	7321	1
up 	7322	1
upe	7323	1
upp	7324	1
ur 	7325	1
ura	7326	3
urb	7329	1
ure	7330	1
urg	7331	1
uri	7332	5
urk	7337	4
urm	7341	1
uro	7342	1
urr	7343	1
uru	7344	4
ury	7348	1
us 	7349	5
usa	7354	2
usc	7356	1
usi	7357	1
usm	7358	1
uso	7359	1
uss	7360	4
ust	7364	4
usv	7368	1
ut'	7369	1
uta	7370	2
utc	7372	3
ute	7375	1
uth	7376	8
uti	7384	1
utl	7385	1
uts	7386	1
utu	7387	1
uut	7388	1
uva	7389	2
uve	7391	2
uwa	7393	1
uxe	7394	1
uya	7395	2
uzb	7397	1
uzu	7398	1
va 	7399	3
vab	7402	2
vad	7404	1
vak	7405	1
val	7406	4
van	7410	1
var	7411	2
vat	7413	1
ve 	7414	4
vej	7418	1
vel	7419	1
ven	7420	4
ver	7424	2
ves	7426	1
vet	7427	1
vey	7428	1
vi 	7429	1
via	7430	4
vie	7434	1
vij	7435	1
vil	7436	1
vin	7437	3
vir	7440	3
vis	7443	1
vit	7444	2
viz	7446	1
vo 	7447	1
voi	7448	1
vol	7449	1
vor	7450	1
w b	7451	1
w c	7452	1
w g	7453	1
w h	7454	2
w z	7456	1
wa 	7457	1
wad	7458	1
wai	7459	2
wak	7461	1
wal	7462	1
wan	7463	4
wat	7467	1
way	7468	1
waz	7469	1
we 	7470	1
wea	7471	3
wed	7474	1
wei	7475	1
wej	7476	1
wes	7477	4
whi	7481	1
wi 	7482	1
wic	7483	2
wis	7485	1
wit	7486	1
wla	7487	1
x m	7488	1
xem	7489	1
xic	7490	1
y b	7491	3
y c	7494	1
y d	7495	1
y e	7496	1
y f	7497	1
y g	7498	3
y h	7501	1
y i	7502	3
y j	7505	1
y k	7506	1
y m	7507	1
y n	7508	1
y o	7509	7
y p	7516	3
y r	7519	2
y s	7521	2
y u	7523	1
ya 	7524	8
yan	7532	4
yar	7536	2
yas	7538	2
yca	7540	1
ych	7541	1
ye 	7542	1
yel	7543	1
yem	7544	1
yen	7545	1
yik	7546	1
yin	7547	1
yit	7548	1
ylo	7549	1
yma	7550	1
yn 	7551	1
yne	7552	1
yon	7553	1
yot	7554	1
ypr	7555	1
ypt	7556	1
yrg	7557	1
yri	7558	1
ys 	7559	1
ysi	7560	1
ysk	7561	1
ysl	7562	1
yss	7563	1
yug	7564	1
yul	7565	1
yun	7566	1
yz 	7567	1
yzs	7568	1
z k	7569	1
z r	7570	1
z s	7571	1
zag	7572	1
zai	7573	1
zak	7574	1
zam	7575	2
zan	7577	2
zao	7579	1
zaq	7580	1
zar	7581	1
zav	7582	1
zbe	7583	1
ze 	7584	1
zea	7585	1
zec	7586	1
zee	7587	1
zeg	7588	1
zer	7589	2
zha	7591	1
zho	7592	1
zia	7593	1
zib	7594	1
zil	7595	2
zim	7597	2
zon	7599	1
zra	7600	1
zst	7601	1
zue	7602	1
zur	7603	1
zza	7604	1
zze	7605	1
