  a	0	7738
  b	7738	10306
  c	18044	9829
  d	27873	4680
  e	32553	2127
  f	34680	3769
  g	38449	5381
  h	43830	2958
  i	46788	4337
  j	51125	3174
  k	54299	4737
  l	59036	4592
  m	63628	8934
  n	72562	6528
  o	79090	6112
  p	85202	7235
  q	92437	493
  r	92930	11190
  s	104120	14005
  t	118125	6189
  u	124314	4925
  v	129239	3197
  w	132436	1023
  x	133459	109
  y	133568	891
  z	134459	1483
 a 	135942	45
 aa	135987	11
 ab	135998	124
 ac	136122	93
 ad	136215	162
 ae	136377	35
 af	136412	612
 ag	137024	286
 ah	137310	75
 ai	137385	286
 aj	137671	12
 ak	137683	88
 al	137771	2033
 am	139804	415
 an	140219	1331
 ao	141550	203
 ap	141753	84
 aq	141837	55
 ar	141892	1401
 as	143293	293
 at	143586	219
 au	143805	755
 av	144560	97
 aw	144657	16
 ax	144673	19
 ay	144692	50
 az	144742	180
 b 	144922	2
 ba	144924	1744
 bb	146668	11
 bd	146679	209
 be	146888	565
 bf	147453	58
 bg	147511	365
 bh	147876	83
 bi	147959	557
 bj	148516	112
 bl	148628	204
 bm	148832	11
 bn	148843	44
 bo	148887	1051
 bq	149938	3
 br	149941	6009
 bs	155950	32
 bt	155982	47
 bu	156029	1006
 bw	157035	41
 by	157076	165
 bz	157241	8
 ca	157249	3669
 cd	160918	221
 ce	161139	588
 cf	161727	91
 cg	161818	101
 ch	161919	1817
 ci	163736	143
 ck	163879	19
 cl	163898	258
 cm	164156	68
 cn	164224	394
 co	164618	2287
 cp	166905	56
 cr	166961	747
 cs	167708	7
 cu	167715	386
 cv	168101	56
 cy	168157	627
 cz	168784	112
 d 	168896	54
 da	168950	614
 de	169564	1614
 dh	171178	38
 di	171216	161
 dj	171377	26
 dk	171403	104
 dm	171507	10
 dn	171517	111
 do	171628	1444
 dr	173072	17
 du	173089	136
 dy	173225	7
 dz	173232	631
 e 	173863	91
 ea	173954	194
 eb	174148	13
 ec	174161	260
 ed	174421	32
 ee	174453	94
 eg	174547	165
 eh	174712	18
 ek	174730	16
 el	174746	282
 em	175028	47
 en	175075	205
 ep	175280	5
 eq	175285	63
 er	175348	115
 es	175463	452
 et	175915	168
 eu	176083	5
 ev	176088	14
 ex	176102	2
 ey	176104	16
 fa	176120	258
 fe	176378	2871
 fi	179249	142
 fj	179391	20
 fl	179411	78
 fm	179489	82
 fo	179571	92
 fr	179663	292
 fs	179955	82
 fu	180037	106
 ga	180143	326
 gb	180469	229
 gd	180698	7
 ge	180705	1282
 gf	181987	2
 gg	181989	11
 gh	182000	354
 gi	182354	269
 gj	182623	17
 gl	182640	11
 gm	182651	43
 gn	182694	135
 go	182829	465
 gp	183294	2
 gq	183296	42
 gr	183338	1275
 gt	184613	362
 gu	184975	1125
 gw	186100	100
 gy	186200	89
 ha	186289	602
 he	186891	155
 hh	187046	9
 hi	187055	150
 hk	187205	18
 hl	187223	22
 hn	187245	316
 ho	187561	817
 hr	188378	616
 ht	188994	52
 hu	189046	527
 hw	189573	40
 hy	189613	37
 i 	189650	15
 ia	189665	164
 ib	189829	94
 ic	189923	77
 id	190000	616
 ie	190616	36
 ig	190652	216
 ih	190868	3
 il	190871	240
 im	191111	70
 in	191181	1567
 io	192748	103
 ip	192851	4
 iq	192855	142
 ir	192997	720
 is	193717	1274
 it	194991	169
 iv	195160	86
 iw	195246	24
 iz	195270	58
 ja	195328	2617
 je	197945	122
 jh	198067	24
 ji	198091	115
 jm	198206	839
 jo	199045	152
 jp	199197	1237
 ju	200434	145
 k 	200579	8
 ka	200587	1366
 ke	201953	487
 kg	202440	58
 kh	202498	557
 ki	203055	484
 kl	203539	7
 km	203546	3
 kn	203549	36
 ko	203585	833
 kp	204418	214
 kr	204632	987
 ku	205619	304
 kv	205923	18
 kw	205941	158
 ky	206099	109
 kz	206208	300
 l 	206508	15
 la	206523	2285
 lb	208808	300
 lc	209108	556
 le	209664	651
 li	210315	557
 lj	210872	14
 lk	210886	34
 ll	210920	212
 lo	211132	352
 lr	211484	239
 ls	211723	25
 lt	211748	70
 lu	211818	904
 lv	212722	637
 ly	213359	23
 m 	213382	15
 ma	213397	2975
 mb	216372	15
 mc	216387	18
 md	216405	206
 me	216611	2869
 mg	219480	148
 mh	219628	35
 mi	219663	1781
 mk	221444	81
 ml	221525	129
 mm	221654	88
 mn	221742	450
 mo	222192	1277
 mp	223469	25
 mq	223494	2
 mr	223496	70
 ms	223566	3
 mt	223569	82
 mu	223651	264
 mv	223915	21
 mw	223936	38
 mx	223974	2503
 my	226477	273
 mz	226750	175
 na	226925	1549
 nc	228474	36
 nd	228510	19
 ne	228529	1622
 ng	230151	911
 ni	231062	1391
 nj	232453	6
 nl	232459	360
 no	232819	2103
 np	234922	84
 nr	235006	14
 nt	235020	11
 nu	235031	123
 ny	235154	6
 nz	235160	95
 o 	235255	3
 oa	235258	570
 ob	235828	2020
 oc	237848	149
 od	237997	37
 oe	238034	9
 of	238043	2025
 og	240068	91
 oh	240159	92
 oi	240251	22
 ok	240273	170
 ol	240443	157
 om	240600	140
 on	240740	91
 op	240831	12
 or	240843	260
 os	241103	169
 ot	241272	21
 ou	241293	136
 ov	241429	49
 oy	241478	33
 oz	241511	2
 pa	241513	2530
 pe	244043	1109
 pf	245152	53
 pg	245205	109
 ph	245314	391
 pi	245705	288
 pk	245993	164
 pl	246157	635
 pm	246792	2
 pn	246794	109
 po	246903	1058
 pr	247961	2378
 ps	250339	44
 pt	250383	328
 pu	250711	1325
 pw	252036	17
 py	252053	319
 qa	252372	160
 qi	252532	14
 qo	252546	39
 qu	252585	271
 qy	252856	9
 ra	252865	307
 re	253172	3096
 rh	256268	18
 ri	256286	2128
 ro	258414	3485
 rs	261899	33
 ru	261932	2776
 rw	264708	35
 ry	264743	42
 s 	264785	408
 sa	265193	4656
 sb	269849	193
 sc	270042	90
 sd	270132	108
 se	270240	844
 sf	271084	16
 sg	271100	5
 sh	271105	597
 si	271702	761
 sj	272463	23
 sk	272486	274
 sl	272760	638
 sm	273398	60
 sn	273458	59
 so	273517	1238
 sp	274755	144
 sr	274899	184
 ss	275083	38
 st	275121	3578
 su	278699	1427
 sv	280126	500
 sw	280626	542
 sy	281168	136
 sz	281304	64
 ta	281368	820
 tb	282188	9
 tc	282197	156
 td	282353	156
 te	282509	846
 tf	283355	10
 tg	283365	35
 th	283400	1469
 ti	284869	376
 tj	285245	80
 tk	285325	66
 tl	285391	158
 tm	285549	63
 tn	285612	288
 to	285900	601
 tr	286501	1331
 ts	287832	19
 tt	287851	51
 tu	287902	1633
 tv	289535	55
 tw	289590	26
 ty	289616	54
 tz	289670	201
 u 	289871	29
 ua	289900	173
 ub	290073	35
 uc	290108	4
 ud	290112	48
 ue	290160	15
 ug	290175	139
 ui	290314	16
 uk	290330	173
 ul	290503	61
 um	290564	12
 un	290576	3676
 up	294252	49
 uq	294301	1
 ur	294302	149
 us	294451	3216
 ut	297667	253
 uu	297920	8
 uv	297928	28
 uy	297956	160
 uz	298116	235
 va	298351	567
 vc	298918	6
 ve	298924	848
 vi	299772	1363
 vl	301135	35
 vn	301170	786
 vo	301956	293
 vr	302249	83
 vu	302332	37
 vy	302369	5
 wa	302374	286
 we	302660	539
 wf	303199	8
 wh	303207	13
 wi	303220	118
 wl	303338	8
 wo	303346	11
 ws	303357	25
 wu	303382	8
 wy	303390	23
 xa	303413	16
 xe	303429	4
 xi	303433	31
 xk	303464	45
 xo	303509	13
 y 	303522	19
 ya	303541	227
 ye	303768	379
 yo	304147	110
 ys	304257	5
 yt	304262	17
 yu	304279	134
 za	304413	589
 ze	305002	124
 zh	305126	62
 zi	305188	152
 zl	305340	4
 zm	305344	118
 zo	305462	17
 zu	305479	649
 zw	306128	72
aa 	306200	111
aad	306311	2
aag	306313	27
aak	306340	12
aal	306352	14
aam	306366	25
aan	306391	25
aar	306416	18
aat	306434	35
aay	306469	12
aaz	306481	11
ab 	306492	254
aba	306746	430
abb	307176	20
abe	307196	194
abi	307390	268
abj	307658	1
abk	307659	8
abl	307667	9
abo	307676	261
abp	307937	25
abr	307962	291
abs	308253	2
abu	308255	154
abw	308409	89
aby	308498	14
abz	308512	18
ac 	308530	38
aca	308568	1031
acc	309599	36
ace	309635	106
ach	309741	210
aci	309951	231
ack	310182	150
acn	310332	4
aco	310336	97
acr	310433	234
acs	310667	15
acu	310682	32
ad 	310714	504
ada	311218	2059
add	313277	20
ade	313297	326
adg	313623	7
adh	313630	74
adi	313704	128
adj	313832	22
adm	313854	6
ado	313860	748
adr	314608	54
ads	314662	674
adt	315336	1
adu	315337	63
adw	315400	1
ady	315401	15
ae 	315416	54
aeb	315470	2
aed	315472	7
aeg	315479	8
aej	315487	5
ael	315492	53
aen	315545	55
aeo	315600	9
aes	315609	3
aev	315612	10
af 	315622	587
afa	316209	21
aff	316230	10
afg	316240	432
afi	316672	16
afo	316688	131
afr	316819	167
afs	316986	11
aft	316997	5
afy	317002	18
ag 	317020	62
aga	317082	425
agd	317507	55
age	317562	73
agh	317635	81
agi	317716	24
agm	317740	13
agn	317753	16
ago	317769	579
agr	318348	61
agu	318409	623
agw	319032	5
agy	319037	9
ah 	319046	591
aha	319637	316
ahd	319953	11
ahe	319964	5
ahi	319969	497
ahl	320466	9
ahm	320475	40
aho	320515	265
ahr	320780	71
ahu	320851	122
ahw	320973	9
ahy	320982	13
ai 	320995	312
aia	321307	42
aib	321349	232
aic	321581	884
aid	322465	105
aie	322570	2
aig	322572	17
aii	322589	5
aij	322594	93
aik	322687	10
ail	322697	1060
aim	323757	15
ain	323772	1457
aio	325229	6
aip	325235	26
air	325261	200
ais	325461	910
ait	326371	263
aiv	326634	4
aiw	326638	26
aiy	326664	16
aiz	326680	21
aj 	326701	230
aja	326931	272
ajd	327203	10
aji	327213	96
ajj	327309	31
ajl	327340	2
ajm	327342	3
ajr	327345	8
ajs	327353	8
aju	327361	62
ak 	327423	323
aka	327746	281
akc	328027	9
ake	328036	46
akh	328082	681
aki	328763	423
akk	329186	32
akl	329218	3
akn	329221	5
ako	329226	149
akr	329375	1
aks	329376	11
akt	329387	30
aku	329417	3
akw	329420	31
aky	329451	5
al 	329456	1805
ala	331261	1593
alb	332854	520
alc	333374	136
ald	333510	104
ale	333614	323
alg	333937	699
alh	334636	9
ali	334645	1183
alk	335828	45
all	335873	150
alm	336023	131
alo	336154	169
alp	336323	60
alq	336383	5
als	336388	24
alt	336412	326
alu	336738	121
alv	336859	83
aly	336942	155
alz	337097	20
am 	337117	2043
ama	339160	1869
amb	341029	1007
amc	342036	16
ame	342052	264
amf	342316	14
ami	342330	591
amk	342921	35
amm	342956	161
amn	343117	8
amo	343125	157
amp	343282	298
amr	343580	24
ams	343604	22
amt	343626	169
amu	343795	134
amv	343929	5
amx	343934	7
amy	343941	7
an 	343948	10647
ana	354595	3416
anb	358011	53
anc	358064	415
and	358479	5486
ane	363965	279
ang	364244	1356
anh	365600	298
ani	365898	5063
anj	370961	81
ank	371042	135
anl	371177	32
anm	371209	155
ann	371364	116
ano	371480	256
anp	371736	25
anq	371761	8
anr	371769	3
ans	371772	510
ant	372282	1377
anu	373659	93
anx	373752	21
any	373773	61
anz	373834	287
ao 	374121	1374
aoh	375495	8
aol	375503	3
aom	375506	18
aon	375524	14
aor	375538	5
aos	375543	2
aot	375545	5
aou	375550	12
ap 	375562	77
apa	375639	1476
ape	377115	60
aph	377175	26
api	377201	65
apl	377266	4
apo	377270	15
app	377285	10
aps	377295	60
apu	377355	244
aq 	377599	146
aqa	377745	26
aqm	377771	24
aqq	377795	3
aqs	377798	65
aqt	377863	17
aqu	377880	33
ar 	377913	1438
ara	379351	3354
arb	382705	128
arc	382833	193
ard	383026	148
are	383174	349
arf	383523	24
arg	383547	802
arh	384349	82
ari	384431	1353
arj	385784	21
ark	385805	321
arl	386126	42
arm	386168	130
arn	386298	154
aro	386452	332
arp	386784	38
arq	386822	83
arr	386905	49
ars	386954	468
art	387422	127
aru	387549	245
arv	387794	3
arw	387797	33
ary	387830	465
arz	388295	11
as 	388306	3114
asa	391420	231
asc	391651	383
ase	392034	12
ash	392046	437
asi	392483	317
ask	392800	996
asl	393796	112
asm	393908	49
asn	393957	176
aso	394133	134
asp	394267	2
asq	394269	6
asr	394275	6
ass	394281	131
ast	394412	2301
asu	396713	1
asv	396714	8
asw	396722	3
asy	396725	18
asz	396743	9
at 	396752	455
ata	397207	787
atc	397994	842
ate	398836	4135
atf	402971	10
atg	402981	8
ath	402989	110
ati	403099	4284
atk	407383	3
atl	407386	72
atm	407458	19
atn	407477	21
ato	407498	385
atr	407883	15
ats	407898	97
att	407995	76
atu	408071	94
atv	408165	630
aty	408795	60
au 	408855	1053
aua	409908	14
aub	409922	11
auc	409933	141
aud	410074	207
aug	410281	34
aui	410315	224
auj	410539	16
auk	410555	21
aul	410576	703
aun	411279	18
aup	411297	6
aur	411303	100
aus	411403	702
aut	412105	214
auv	412319	13
aux	412332	25
ava	412357	284
ave	412641	265
avh	412906	25
avi	412931	56
avl	412987	25
avn	413012	22
avo	413034	27
avp	413061	1
avr	413062	37
avs	413099	96
avt	413195	68
avu	413263	4
avy	413267	3
aw 	413270	2
awa	413272	343
awd	413615	5
awe	413620	81
awf	413701	15
awi	413716	31
awk	413747	4
awn	413751	38
awr	413789	3
aws	413792	34
awt	413826	28
aww	413854	7
ax 	413861	47
axa	413908	570
axc	414478	69
axi	414547	7
ay 	414554	1405
aya	415959	2056
ayb	418015	3
ayd	418018	66
aye	418084	113
ayf	418197	10
ayi	418207	4
ayj	418211	37
ayk	418248	66
aym	418314	29
ayn	418343	11
ayo	418354	64
ayr	418418	23
ays	418441	266
ayt	418707	2
ayu	418709	27
ayw	418736	1
ayy	418737	13
az 	418750	488
aza	419238	546
azd	419784	38
aze	419822	92
azg	419914	7
azi	419921	5642
azm	425563	13
azn	425576	21
azo	425597	147
azu	425744	110
azv	425854	6
azz	425860	1
ba 	425861	829
baa	426690	29
bab	426719	98
bac	426817	160
bad	426977	77
baf	427054	6
bag	427060	103
bah	427163	512
bai	427675	92
baj	427767	39
bak	427806	42
bal	427848	204
bam	428052	93
ban	428145	401
bao	428546	19
bap	428565	11
baq	428576	5
bar	428581	394
bas	428975	176
bat	429151	115
bau	429266	61
bay	429327	219
baz	429546	19
bb 	429565	31
bba	429596	9
bbe	429605	20
bbi	429625	32
bd 	429657	72
bdi	429729	137
be 	429866	140
bec	430006	25
bee	430031	15
bei	430046	51
bej	430097	42
bek	430139	244
bel	430383	376
ben	430759	236
beq	430995	11
ber	431006	778
bes	431784	52
bet	431836	64
beu	431900	16
bey	431916	6
bez	431922	23
bf 	431945	58
bfa	432003	58
bg 	432061	293
bgd	432354	72
bgr	432426	293
bh 	432719	4
bhr	432723	4
bhs	432727	32
bhu	432759	47
bi 	432806	265
bia	433071	1593
bib	434664	1
bic	434665	10
bid	434675	10
bie	434685	39
bih	434724	170
bij	434894	4
bil	434898	75
bin	434973	103
bio	435076	18
biq	435094	178
bir	435272	49
bis	435321	127
bit	435448	15
biu	435463	64
biy	435527	11
biz	435538	14
bj 	435552	89
bja	435641	1
bje	435642	23
bkh	435665	8
bla	435673	2124
ble	437797	8
bli	437805	2876
blj	440681	14
blr	440695	165
blu	440860	2
bly	440862	265
blz	441127	8
bm 	441135	11
bmu	441146	11
bn 	441157	82
bna	441239	8
bo 	441247	315
boa	441562	28
bob	441590	20
boc	441610	5
bod	441615	224
boe	441839	6
bog	441845	1
bok	441846	13
bol	441859	572
bom	442431	52
bon	442483	171
boq	442654	3
bor	442657	147
bos	442804	21
bot	442825	150
bou	442975	240
bov	443215	122
bow	443337	8
boy	443345	124
bpi	443469	25
bq 	443494	3
br 	443497	6058
bra	449555	6232
brb	455787	11
bre	455798	23
bri	455821	51
brn	455872	44
bro	455916	73
bru	455989	64
bry	456053	35
bs 	456088	32
bse	456120	2
bsk	456122	25
bt 	456147	47
btn	456194	47
bu 	456241	17
bua	456258	7
bub	456265	5
buc	456270	229
bud	456499	31
bue	456530	168
bug	456698	9
buh	456707	11
buj	456718	18
buk	456736	60
bul	456796	379
bun	457175	22
bur	457197	528
bus	457725	59
but	457784	15
bux	457799	15
buz	457814	87
bw 	457901	41
bwa	457942	59
bwe	458001	72
by 	458073	191
bya	458264	34
bye	458298	45
byg	458343	9
byl	458352	16
bys	458368	13
bz 	458381	8
bzo	458389	18
ca 	458407	4292
caa	462699	33
cab	462732	88
cac	462820	6
cad	462826	2
cae	462828	12
caf	462840	91
cag	462931	16
cai	462947	18
caj	462965	13
cal	462978	278
cam	463256	456
can	463712	2392
cao	466104	41
cap	466145	82
caq	466227	16
car	466243	607
cas	466850	281
cat	467131	556
cau	467687	183
cav	467870	7
cay	467877	32
cca	467909	7
cci	467916	17
cco	467933	87
ccr	468020	29
ccs	468049	4
cd 	468053	377
ce 	468430	324
cea	468754	511
ced	469265	81
ceg	469346	10
ceh	469356	23
cei	469379	16
cel	469395	84
cen	469479	362
cep	469841	9
cer	469850	15
ces	469865	80
ceu	469945	1
cf 	469946	91
cg 	470037	101
ch 	470138	375
cha	470513	568
che	471081	1306
chh	472387	44
chi	472431	1364
chk	473795	11
chl	473806	85
chn	473891	394
cho	474285	420
cht	474705	45
chu	474750	187
chw	474937	6
ci 	474943	47
cia	474990	606
cib	475596	39
cid	475635	18
cie	475653	43
cij	475696	10
cik	475706	8
cil	475714	9
cin	475723	13
cio	475736	223
cip	475959	10
cis	475969	28
cit	475997	17
ciu	476014	31
civ	476045	56
ck 	476101	41
cka	476142	118
cke	476260	6
ckh	476266	26
cki	476292	67
ckl	476359	1
cko	476360	136
cky	476496	169
cl 	476665	108
cla	476773	100
cle	476873	17
clu	476890	81
cm 	476971	68
cmr	477039	68
cn 	477107	394
cna	477501	4
co 	477505	5093
coa	482598	72
cob	482670	3
coc	482673	22
cod	482695	221
cog	482916	101
coi	483017	17
coj	483034	9
cok	483043	19
col	483062	1297
com	484359	54
con	484413	535
coo	484948	19
cop	484967	35
coq	485002	3
cor	485005	185
cos	485190	153
cot	485343	136
cou	485479	84
cov	485563	69
cpv	485632	56
cr 	485688	89
cra	485777	630
cre	486407	64
cri	486471	103
cro	486574	702
cru	487276	235
cs 	487511	28
csa	487539	7
csk	487546	4
cso	487550	7
ct 	487557	16
cti	487573	17
cto	487590	84
cu 	487674	444
cua	488118	273
cub	488391	188
cuc	488579	11
cui	488590	14
cul	488604	6
cum	488610	24
cun	488634	133
cur	488767	5
cus	488772	19
cut	488791	9
cuv	488800	15
cuy	488815	14
cv 	488829	56
cy 	488885	621
cym	489506	6
cyp	489512	621
cz 	490133	112
cze	490245	112
da 	490357	2262
daa	492619	11
dab	492630	12
dad	492642	107
dae	492749	13
dag	492762	224
dah	492986	133
dai	493119	12
daj	493131	5
dak	493136	225
dal	493361	266
dam	493627	142
dan	493769	300
dap	494069	26
daq	494095	9
dar	494104	273
das	494377	51
dau	494428	28
dav	494456	7
daw	494463	1
day	494464	44
daz	494508	2
dbo	494510	7
dda	494517	26
ddi	494543	16
de 	494559	1411
dea	495970	20
deb	495990	1
dec	495991	5
def	495996	14
deg	496010	18
deh	496028	11
dei	496039	15
del	496054	193
dem	496247	601
den	496848	540
deo	497388	8
dep	497396	6
der	497402	3084
des	500486	307
det	500793	46
deu	500839	35
dey	500874	12
dez	500886	6
dg 	500892	148
dgh	501040	7
dgo	501047	17
dh 	501064	48
dha	501112	25
dhe	501137	20
dhi	501157	14
dhr	501171	26
dhy	501197	52
di 	501249	372
dia	501621	1172
dib	502793	4
did	502797	4
die	502801	57
dif	502858	6
dig	502864	23
dij	502887	20
dik	502907	2
dil	502909	65
dim	502974	64
din	503038	291
dio	503329	24
dir	503353	25
dis	503378	67
dit	503445	9
diu	503454	3
div	503457	39
diy	503496	32
dj 	503528	20
dja	503548	12
dje	503560	18
dji	503578	18
dju	503596	20
djy	503616	11
dk 	503627	104
dka	503731	25
dku	503756	31
dla	503787	343
dli	504130	5
dlo	504135	92
dm 	504227	10
dma	504237	10
dmi	504247	6
dmu	504253	28
dn 	504281	667
dni	504948	28
dnk	504976	104
do 	505080	1415
doa	506495	69
dob	506564	85
doc	506649	12
dod	506661	7
dof	506668	19
dol	506687	146
dom	506833	456
don	507289	1010
dor	508299	634
dos	508933	46
dou	508979	16
dov	508995	63
doy	509058	10
doz	509068	18
dra	509086	92
dre	509178	132
drh	509310	5
dri	509315	13
dro	509328	30
ds 	509358	1514
dsb	510872	9
dsc	510881	5
dsk	510886	263
dst	511149	30
dt 	511179	1
dtj	511180	19
du 	511199	95
dua	511294	7
dub	511301	35
duc	511336	4
dud	511340	3
due	511343	3
dug	511346	7
dum	511353	4
dun	511357	40
dur	511397	423
dus	511820	25
duu	511845	6
duz	511851	15
dv 	511866	21
dvo	511887	1
dwa	511888	4
dwe	511892	1
dy 	511893	26
dyg	511919	9
dyt	511928	7
dz 	511935	606
dza	512541	656
dzh	513197	19
dzi	513216	23
dzk	513239	24
ea 	513263	1021
eab	514284	12
eae	514296	13
eah	514309	12
eal	514321	97
eam	514418	83
ean	514501	14
ear	514515	193
eas	514708	194
eat	514902	37
eau	514939	45
eav	514984	114
eay	515098	9
eb 	515107	19
eba	515126	107
ebb	515233	32
ebe	515265	42
ebi	515307	6
ebl	515313	217
ebo	515530	23
ebr	515553	119
ebs	515672	25
ec 	515697	266
eca	515963	74
ece	516037	68
ech	516105	232
eci	516337	27
eck	516364	100
ect	516464	9
ecu	516473	245
ed 	516718	3774
eda	520492	31
ede	520523	3215
edh	523738	3
edi	523741	126
edo	523867	247
edr	524114	34
eds	524148	30
edv	524178	1
edw	524179	3
ee 	524182	210
eec	524392	68
eed	524460	3
eek	524463	1
eel	524464	25
eem	524489	16
een	524505	86
eep	524591	1
eer	524592	4
eew	524596	7
ef 	524603	33
efa	524636	9
efk	524645	174
efl	524819	14
eg 	524833	178
ega	525011	137
ege	525148	7
egh	525155	14
egi	525169	118
egn	525287	5
ego	525292	163
egr	525455	65
egu	525520	32
egy	525552	165
eh 	525717	48
eha	525765	1
ehe	525766	66
ehi	525832	47
ehr	525879	31
ehu	525910	33
ei 	525943	131
eia	526074	47
eib	526121	10
eic	526131	42
eie	526173	13
eij	526186	1
eil	526187	28
eim	526215	8
ein	526223	38
eio	526261	3
eir	526264	151
eit	526415	5
eja	526420	46
eje	526466	13
eji	526479	11
ejo	526490	1
eju	526491	2
ek 	526493	5
eka	526498	30
eke	526528	10
eki	526538	277
ekn	526815	39
eko	526854	15
eku	526869	3
el 	526872	448
ela	527320	1051
elb	528371	7
eld	528378	51
ele	528429	208
elf	528637	12
elg	528649	75
elh	528724	11
eli	528735	178
elk	528913	35
ell	528948	127
elm	529075	27
eln	529102	3
elo	529105	132
els	529237	66
elt	529303	41
elw	529344	10
ely	529354	49
em 	529403	428
ema	529831	400
emb	530231	159
emc	530390	20
eme	530410	555
emg	530965	4
emi	530969	63
emm	531032	3
emn	531035	8
emo	531043	665
emp	531708	44
ems	531752	39
en 	531791	1617
ena	533408	193
enb	533601	48
enc	533649	100
end	533749	131
ene	533880	522
enf	534402	8
eng	534410	733
enh	535143	14
eni	535157	574
enj	535731	12
enl	535743	19
enm	535762	112
enn	535874	240
eno	536114	163
enr	536277	4
ens	536281	297
ent	536578	1194
enu	537772	55
env	537827	31
eny	537858	85
enz	537943	55
eo 	537998	118
eok	538116	49
eol	538165	81
eon	538246	332
eop	538578	392
eor	538970	352
eou	539322	25
ep 	539347	60
epa	539407	90
epc	539497	9
epe	539506	59
epi	539565	10
epu	539575	2296
eq 	541871	3
equ	541874	151
er 	542025	952
era	542977	4160
erb	547137	181
erc	547318	10
erd	547328	160
ere	547488	183
erg	547671	123
eri	547794	1998
erk	549792	18
erl	549810	536
erm	550346	197
ern	550543	907
ero	551450	282
err	551732	270
ers	552002	156
ert	552158	1387
eru	553545	246
erv	553791	5
ery	553796	98
erz	553894	50
es 	553944	4930
esa	558874	45
esc	558919	46
ese	558965	3
esf	558968	25
esh	558993	270
esi	559263	726
esk	559989	58
esm	560047	7
eso	560054	245
esp	560299	748
ess	561047	138
est	561185	1234
esu	562419	39
esw	562458	42
esz	562500	16
et 	562516	1162
eta	563678	85
etc	563763	19
ete	563782	91
eth	563873	560
eti	564433	104
eto	564537	42
etr	564579	13
ets	564592	51
ett	564643	52
etu	564695	13
etv	564708	22
etz	564730	24
eu 	564754	93
eua	564847	2
euc	564849	6
euk	564855	45
eul	564900	69
eun	564969	2
euq	564971	16
eur	564987	13
eus	565000	3
eut	565003	1
eux	565004	46
ev 	565050	10
eva	565060	80
eve	565140	120
evg	565260	14
evi	565274	24
evo	565298	85
evr	565383	6
evs	565389	8
ew 	565397	603
ewa	566000	782
ewe	566782	5
ewf	566787	277
ewi	567064	6
ex 	567070	2503
exa	569573	254
exe	569827	8
exi	569835	2536
ext	572371	2
ey 	572373	103
eya	572476	21
eyc	572497	28
eym	572525	5
eys	572530	22
eyu	572552	12
ez 	572564	79
eze	572643	30
ezh	572673	38
ezi	572711	40
ezo	572751	1
ezs	572752	6
ezu	572758	360
ezz	573118	2
fa 	573120	110
faf	573230	3
fag	573233	3
fah	573236	29
faj	573265	9
fal	573274	45
fan	573319	28
far	573347	190
fas	573537	58
fat	573595	9
fax	573604	16
fay	573620	4
fe 	573624	19
fed	573643	2830
fej	576473	8
fer	576481	5
fes	576486	9
ffa	576495	6
ffh	576501	6
ffo	576507	6
ffr	576513	4
fg 	576517	432
fgh	576949	432
fha	577381	6
fi 	577387	95
fia	577482	30
fie	577512	6
fij	577518	20
fil	577538	10
fin	577548	103
fir	577651	17
fit	577668	3
fiy	577671	5
fj 	577676	20
fji	577696	20
fko	577716	174
fla	577890	14
fle	577904	6
flo	577910	72
fm 	577982	82
fo 	578064	53
fog	578117	1
fol	578118	18
for	578136	126
fos	578262	125
fou	578387	277
fov	578664	40
fr 	578704	135
fra	578839	167
fre	579006	70
fri	579076	224
fro	579300	35
fry	579335	18
fsa	579353	11
fsm	579364	82
ft 	579446	5
fu 	579451	30
fud	579481	7
fue	579488	13
fuj	579501	11
fuk	579512	82
fur	579594	17
fut	579611	8
fyo	579619	18
ga 	579637	1265
gaa	580902	3
gab	580905	85
gac	580990	8
gad	580998	36
gaf	581034	11
gah	581045	70
gai	581115	41
gal	581156	562
gam	581718	69
gan	581787	533
gao	582320	4
gap	582324	5
gar	582329	672
gas	583001	217
gat	583218	75
gau	583293	21
gav	583314	56
gaw	583370	65
gay	583435	51
gaz	583486	21
gb 	583507	222
gba	583729	7
gbr	583736	222
gbu	583958	34
gch	583992	46
gd 	584038	88
gda	584126	30
gde	584156	31
gdh	584187	4
gdi	584191	4
gdo	584195	243
gdu	584438	3
ge 	584441	171
ged	584612	25
gee	584637	14
geg	584651	5
gei	584656	5
gel	584661	81
gen	584742	584
geo	585326	255
ger	585581	2433
ges	588014	167
gev	588181	3
gew	588184	5
gey	588189	9
gez	588198	7
gf 	588205	2
gg 	588207	11
gga	588218	59
ggh	588277	7
ggi	588284	34
ggo	588318	5
ggy	588323	11
gh 	588334	286
gha	588620	853
ghd	589473	30
ghe	589503	21
ghi	589524	86
ghl	589610	32
ghm	589642	5
gho	589647	26
ght	589673	6
ghy	589679	32
gi 	589711	112
gia	589823	339
gib	590162	3
gid	590165	6
gif	590171	30
gil	590201	52
gin	590253	256
gio	590509	88
gip	590597	75
gir	590672	16
gis	590688	1
git	590689	35
giu	590724	72
giy	590796	15
gja	590811	4
gji	590815	26
gju	590841	5
gka	590846	19
gkh	590865	26
gku	590891	10
gl 	590901	8
gla	590909	244
gle	591153	12
gli	591165	6
glp	591171	2
gm 	591173	43
gma	591216	13
gmb	591229	43
gn 	591272	42
gna	591314	290
gnb	591604	51
gne	591655	28
gng	591683	8
gnq	591691	42
go 	591733	970
goa	592703	104
god	592807	26
goe	592833	14
gog	592847	49
goh	592896	2
goi	592898	246
gol	593144	633
gom	593777	25
gon	593802	58
goo	593860	24
gor	593884	344
gos	594228	70
got	594298	64
gou	594362	32
gov	594394	112
goz	594506	47
gp 	594553	7
gph	594560	12
gpu	594572	23
gq 	594595	42
gqi	594637	1
gr 	594638	361
gra	594999	960
grc	595959	68
grd	596027	7
gre	596034	243
gri	596277	14
grl	596291	8
gro	596299	362
gs 	596661	31
gsa	596692	61
gsd	596753	27
gsk	596780	48
gst	596828	24
gsu	596852	13
gt 	596865	362
gtm	597227	362
gto	597589	77
gu 	597666	44
gua	597710	1354
guc	599064	17
gud	599081	6
gue	599087	187
guf	599274	2
gui	599276	332
guj	599608	33
gul	599641	37
gum	599678	30
gun	599708	51
gur	599759	43
gus	599802	10
guy	599812	28
guz	599840	9
gw 	599849	51
gwa	599900	54
gwe	599954	26
gwo	599980	18
gxi	599998	30
gy 	600028	194
gya	600222	25
gye	600247	121
gyk	600368	9
gyo	600377	7
gyp	600384	165
gyz	600549	54
gz 	600603	54
gzu	600657	14
ha 	600671	1515
haa	602186	24
hab	602210	140
hac	602350	36
had	602386	189
hae	602575	11
haf	602586	17
hag	602603	1
hah	602604	38
hai	602642	1196
haj	603838	50
hak	603888	36
hal	603924	164
ham	604088	240
han	604328	1333
hao	605661	217
hap	605878	35
har	605913	437
has	606350	76
hat	606426	160
hau	606586	65
hav	606651	3
haw	606654	23
hay	606677	79
haz	606756	34
hba	606790	14
hch	606804	9
hd 	606813	17
hda	606830	13
hdi	606843	11
he 	606854	493
hea	607347	8
heb	607355	11
hec	607366	21
hed	607387	66
hee	607453	4
heg	607457	63
heh	607520	16
hei	607536	18
hej	607554	11
hek	607565	1
hel	607566	119
hem	607685	4
hen	607689	362
heo	608051	36
hep	608087	50
her	608137	721
hes	608858	111
het	608969	91
heu	609060	6
hev	609066	7
hew	609073	775
hex	609848	8
hey	609856	5
hez	609861	8
hgi	609869	8
hha	609877	33
hhn	609910	8
hho	609918	9
hhu	609927	3
hi 	609930	224
hia	610154	700
hib	610854	45
hic	610899	12
hid	610911	110
hie	611021	12
hig	611033	146
hih	611179	67
hii	611246	4
hij	611250	20
hik	611270	32
hil	611302	212
him	611514	197
hin	611711	520
hio	612231	230
hip	612461	9
hiq	612470	70
hir	612540	119
his	612659	76
hit	612735	115
hiv	612850	5
hiw	612855	13
hiy	612868	14
hiz	612882	28
hja	612910	16
hjo	612926	15
hk 	612941	18
hke	612959	35
hkg	612994	18
hkh	613012	11
hko	613023	82
hl 	613105	211
hla	613316	78
hle	613394	15
hli	613409	9
hm 	613418	224
hma	613642	45
hme	613687	3
hmi	613690	30
hmu	613720	7
hn 	613727	725
hna	614452	8
hnd	614460	316
hno	614776	14
hnp	614790	12
ho 	614802	218
hoa	615020	165
hob	615185	1
hoc	615186	45
hod	615231	44
hoe	615275	19
hof	615294	7
hoh	615301	9
hoi	615310	67
hok	615377	99
hol	615476	150
hom	615626	197
hon	615823	708
hoo	616531	13
hop	616544	9
hor	616553	202
hos	616755	111
hot	616866	18
hou	616884	63
hov	616947	180
hq 	617127	10
hqa	617137	18
hr 	617155	614
hra	617769	133
hri	617902	14
hro	617916	23
hrv	617939	593
hs 	618532	32
hsh	618564	37
hsi	618601	1
hsk	618602	88
hst	618690	300
ht 	618990	84
hta	619074	1
hte	619075	24
hti	619099	61
htr	619160	36
htu	619196	39
hu 	619235	280
hua	619515	236
hub	619751	32
hud	619783	29
hue	619812	42
hui	619854	110
huk	619964	21
hul	619985	19
hum	620004	73
hun	620077	375
huq	620452	10
hur	620462	29
hus	620491	35
hut	620526	47
huu	620573	40
huv	620613	26
huy	620639	9
huz	620648	27
hwa	620675	79
hwe	620754	36
hwi	620790	9
hwy	620799	6
hya	620805	65
hyb	620870	39
hye	620909	71
hyg	620980	25
hym	621005	1
hyo	621006	37
hys	621043	32
hyt	621075	4
ia 	621079	14877
iaa	635956	2
iad	635958	1
iag	635959	68
ial	636027	117
iam	636144	3
ian	636147	3608
iao	639755	44
iap	639799	141
iar	639940	44
ias	639984	391
iat	640375	7
iau	640382	258
iaz	640640	14
ib 	640654	20
iba	640674	373
ibb	641047	20
ibe	641067	328
ibi	641395	178
ibo	641573	106
ibu	641679	17
iby	641696	23
ic 	641719	2444
ica	644163	1553
ice	645716	75
ich	645791	377
ici	646168	46
ick	646214	105
ico	646319	3641
icr	649960	82
ict	650042	89
icu	650131	9
id 	650140	635
ida	650775	331
ide	651106	22
idi	651128	40
idj	651168	11
idk	651179	31
idl	651210	13
idn	651223	559
ido	651782	119
idr	651901	14
idt	651915	19
idw	651934	1
ie 	651935	537
ieb	652472	25
iec	652497	53
ied	652550	32
ieg	652582	11
ieh	652593	1
iek	652594	10
iel	652604	64
iem	652668	30
ien	652698	155
iep	652853	1
ieq	652854	8
ier	652862	154
ies	653016	176
iet	653192	800
ieu	653992	46
if 	654038	29
iff	654067	6
ifi	654073	2
ifo	654075	70
ifr	654145	5
ifu	654150	30
ig 	654180	11
iga	654191	195
igd	654386	10
ige	654396	915
igg	655311	3
igh	655314	17
igi	655331	26
ign	655357	223
igo	655580	9
igr	655589	9
igu	655598	39
ih 	655637	21
iha	655658	52
ihe	655710	8
ihi	655718	6
iho	655724	118
ihu	655842	67
ii 	655909	7
iig	655916	29
iir	655945	10
iiu	655955	1
ij 	655956	15
ija	655971	678
ije	656649	42
iji	656691	21
ijn	656712	12
ijo	656724	20
ijs	656744	25
ik 	656769	85
ika	656854	651
ikd	657505	13
ike	657518	20
ikh	657538	9
iki	657547	103
ikk	657650	15
iko	657665	28
il 	657693	5705
ila	663398	1249
ilb	664647	17
ile	664664	136
ilf	664800	40
ilg	664840	11
ilh	664851	22
ili	664873	229
ilj	665102	4
ill	665106	318
iln	665424	12
ilo	665436	46
ils	665482	45
ilt	665527	31
ilu	665558	32
im 	665590	64
ima	665654	428
imb	666082	188
ime	666270	39
imi	666309	131
imn	666440	24
imo	666464	202
imp	666666	6
imr	666672	5
ims	666677	6
imu	666683	106
in 	666789	1518
ina	668307	2916
inc	671223	156
ind	671379	1549
ine	672928	694
ing	673622	525
inh	674147	175
ini	674322	555
inj	674877	17
inl	674894	85
inn	674979	158
ino	675137	257
ins	675394	447
int	675841	1180
inu	677021	7
inv	677028	3
iny	677031	13
io 	677044	1197
iob	678241	3
ioj	678244	19
iok	678263	5
iol	678268	1
iom	678269	3
ion	678272	2998
iop	681270	160
ioq	681430	125
ios	681555	48
iou	681603	30
iow	681633	99
ipa	681732	76
ipe	681808	126
ipp	681934	189
ipr	682123	7
ipu	682130	43
iq 	682173	142
iqa	682315	12
iqi	682327	4
iql	682331	3
iqu	682334	279
ir 	682613	710
ira	683323	849
irb	684172	9
irc	684181	10
ird	684191	35
ire	684226	304
irg	684530	211
iri	684741	207
irk	684948	66
irl	685014	36
irm	685050	9
irn	685059	482
iro	685541	238
irq	685779	142
irs	685921	68
irt	685989	7
iru	685996	23
is 	686019	1416
isa	687435	150
isb	687585	17
isc	687602	225
ise	687827	107
isg	687934	33
ish	687967	90
isi	688057	392
isk	688449	26
isl	688475	1102
ism	689577	4
iso	689581	37
isp	689618	13
isr	689631	24
iss	689655	257
ist	689912	1224
isu	691136	14
it 	691150	319
ita	691469	707
ite	692176	3728
ith	695904	71
iti	695975	198
itl	696173	7
ito	696180	257
itr	696437	86
its	696523	64
itt	696587	28
itu	696615	33
ity	696648	6
itz	696654	175
iu 	696829	132
iua	696961	2
iud	696963	31
iul	696994	4
ium	696998	15
iun	697013	1
iur	697014	75
ius	697089	15
iut	697104	1
iv 	697105	75
iva	697180	490
ive	697670	130
ivi	697800	125
ivn	697925	29
ivo	697954	47
ivs	698001	36
ivu	698037	20
iwa	698057	66
iwi	698123	10
ix 	698133	17
iy 	698150	510
iya	698660	380
iye	699040	1055
iys	700095	25
iyu	700120	5
iz 	700125	9
iza	700134	104
ize	700238	59
izh	700297	127
izi	700424	23
izk	700447	26
izl	700473	19
izm	700492	30
izo	700522	26
izr	700548	5
izu	700553	33
izz	700586	35
ja 	700621	834
jab	701455	72
jac	701527	20
jad	701547	4
jae	701551	17
jaf	701568	3
jag	701571	4
jah	701575	47
jai	701622	19
jak	701641	28
jal	701669	148
jam	701817	916
jan	702733	316
jap	703049	1237
jar	704286	60
jas	704346	54
jat	704400	1
jav	704401	6
jaw	704407	144
jay	704551	14
jaz	704565	17
jdu	704582	10
je 	704592	12
jec	704604	42
jed	704646	9
jej	704655	2
jek	704657	25
jel	704682	65
jem	704747	31
jen	704778	9
jeo	704787	41
jer	704828	45
jey	704873	12
jha	704885	24
ji 	704909	30
jia	704939	75
jib	705014	11
jig	705025	27
jih	705052	14
jij	705066	11
jik	705077	80
jil	705157	49
jin	705206	10
jir	705216	28
jit	705244	8
jiw	705252	3
jiz	705255	19
jja	705274	31
jk 	705305	80
jlu	705385	2
jm 	705387	845
jma	706232	3
jne	706235	12
jo 	706247	74
jog	706321	3
joh	706324	14
joi	706338	15
jom	706353	6
jon	706359	48
jor	706407	70
jos	706477	27
jow	706504	11
joz	706515	3
jp 	706518	1237
jpn	707755	1237
jra	708992	8
jsh	709000	15
jsk	709015	54
jss	709069	25
ju 	709094	7
jua	709101	110
jub	709211	23
jud	709234	1
jue	709235	16
juj	709251	16
jul	709267	2
jum	709269	42
jun	709311	36
jup	709347	3
jur	709350	5
jut	709355	17
juy	709372	16
jvo	709388	7
jyl	709395	30
ka 	709425	1684
kab	711109	65
kac	711174	4
kad	711178	27
kae	711205	50
kaf	711255	15
kag	711270	50
kah	711320	42
kai	711362	117
kaj	711479	150
kak	711629	2
kal	711631	215
kam	711846	77
kan	711923	414
kao	712337	11
kap	712348	7
kar	712355	335
kas	712690	158
kat	712848	842
kau	713690	8
kav	713698	10
kaw	713708	16
kay	713724	1790
kaz	715514	312
kby	715826	45
kch	715871	9
kd 	715880	81
kda	715961	20
ke 	715981	95
keb	716076	38
kec	716114	8
ked	716122	31
kef	716153	11
kek	716164	9
kel	716173	13
kem	716186	52
ken	716238	249
keo	716487	5
kep	716492	14
ker	716506	143
kes	716649	55
ket	716704	25
kg 	716729	72
kga	716801	4
kgz	716805	54
kh 	716859	251
kha	717110	289
khe	717399	52
khi	717451	23
khl	717474	20
khm	717494	227
kho	717721	312
khr	718033	3
khs	718036	337
kht	718373	49
khu	718422	48
khw	718470	39
khy	718509	39
ki 	718548	167
kia	718715	93
kid	718808	4
kie	718812	386
kig	719198	11
kik	719209	13
kil	719222	13
kim	719235	6
kin	719241	344
kir	719585	208
kis	719793	528
kit	720321	53
kiv	720374	33
kiy	720407	1518
kka	721925	140
kki	722065	6
kl 	722071	3
kla	722074	96
kle	722170	21
km 	722191	66
kme	722257	63
kn 	722320	16
kna	722336	21
kne	722357	39
kni	722396	20
ko 	722416	437
kob	722853	13
koc	722866	29
kod	722895	5
kog	722900	21
koh	722921	8
kol	722929	12
kom	722941	33
kon	722974	101
koo	723075	6
kop	723081	80
kor	723161	586
kos	723747	292
kot	724039	176
kou	724215	30
kov	724245	150
kp 	724395	214
kr 	724609	419
kra	725028	831
kri	725859	89
kro	725948	9
kru	725957	122
kry	726079	11
krz	726090	14
ksa	726104	12
ksh	726116	1
ksi	726117	49
ksn	726166	16
kso	726182	2
kt 	726184	27
kti	726211	30
kto	726241	59
ku 	726300	23
kua	726323	1
kuh	726324	9
kui	726333	16
kuj	726349	26
kuk	726375	7
kul	726382	30
kum	726412	46
kun	726458	58
kuo	726516	40
kur	726556	107
kus	726663	42
kut	726705	65
kuw	726770	115
kuz	726885	5
kva	726890	12
kve	726902	18
kw 	726920	115
kwa	727035	67
kwe	727102	2
kwi	727104	9
kwt	727113	115
kx 	727228	45
ky 	727273	281
kye	727554	35
kyi	727589	17
kym	727606	2
kyo	727608	75
kyr	727683	54
kyu	727737	9
kz 	727746	300
la 	728046	2279
laa	730325	26
lab	730351	437
lac	730788	12
lad	730800	108
lag	730908	201
lah	731109	118
lai	731227	106
laj	731333	89
lak	731422	34
lal	731456	28
lam	731484	614
lan	732098	4243
lao	736341	190
lap	736531	16
lar	736547	439
las	736986	2096
lat	739082	832
lau	739914	45
lav	739959	340
law	740299	174
lax	740473	60
lay	740533	192
laz	740725	16
lb 	740741	304
lba	741045	165
lbe	741210	384
lbn	741594	38
lbo	741632	7
lbr	741639	239
lby	741878	23
lc 	741901	556
lca	742457	578
lce	743035	140
lco	743175	25
lcs	743200	13
ld 	743213	378
lda	743591	67
lde	743658	57
ldi	743715	41
ldo	743756	45
ldu	743801	21
le 	743822	708
lea	744530	1
leb	744531	65
lec	744596	19
led	744615	38
lee	744653	9
lef	744662	187
leg	744849	15
lei	744864	35
lej	744899	4
lek	744903	10
lel	744913	14
lem	744927	177
len	745104	162
leo	745266	188
leq	745454	3
ler	745457	34
les	745491	414
let	745905	98
leu	746003	18
lev	746021	17
ley	746038	5
lez	746043	9
lf 	746052	10
lfa	746062	12
lfo	746074	40
lga	746114	350
lge	746464	606
lgi	747070	40
lgo	747110	152
lgu	747262	20
lha	747282	22
lhe	747304	4
lhi	747308	11
lhu	747319	9
li 	747328	275
lia	747603	1146
lib	748749	298
lic	749047	2299
lid	751346	10
lie	751356	23
lif	751379	72
lig	751451	4
lik	751455	662
lil	752117	1
lim	752118	213
lin	752331	363
lio	752694	24
lip	752718	169
liq	752887	3
lis	752890	172
lit	753062	150
liu	753212	20
liv	753232	544
liw	753776	10
liy	753786	52
liz	753838	84
lj 	753922	111
lja	754033	38
lju	754071	14
lk 	754085	35
lka	754120	63
lkh	754183	15
lko	754198	35
lkr	754233	3
ll 	754236	50
lla	754286	561
lle	754847	169
lli	755016	140
llo	755156	63
lma	755219	109
lmi	755328	35
lms	755363	26
lmy	755389	14
lna	755403	16
lne	755419	4
lni	755423	8
lno	755431	39
lny	755470	3
lo 	755473	749
loa	756222	18
lob	756240	5
loc	756245	36
lod	756281	39
loe	756320	14
lof	756334	16
log	756350	71
loi	756421	17
loj	756438	16
lok	756454	9
lol	756463	23
lom	756486	1442
lon	757928	146
lop	758074	38
lor	758112	193
los	758305	68
lot	758373	10
lou	758383	96
lov	758479	521
low	759000	6
loy	759006	3
lp 	759009	2
lpa	759011	26
lpe	759037	19
lpo	759056	15
lqa	759071	5
lr 	759076	404
ls 	759480	145
lsa	759625	15
lsi	759640	29
lsk	759669	125
lso	759794	26
lst	759820	3
lsu	759823	22
lt 	759845	270
lta	760115	282
lte	760397	56
lti	760453	11
lto	760464	42
ltu	760506	93
lty	760599	3
ltz	760602	7
lu 	760609	187
lua	760796	25
lub	760821	52
luc	760873	586
lud	761459	25
lue	761484	2
luh	761486	8
lui	761494	153
luj	761647	81
luk	761728	39
lum	761767	42
lun	761809	30
luq	761839	6
lur	761845	121
lus	761966	9
lut	761975	20
lux	761995	117
luy	762112	8
luz	762120	40
lv 	762160	688
lva	762848	759
lve	763607	3
lvi	763610	7
lvu	763617	21
lw 	763638	17
lwe	763655	10
ly 	763665	150
lya	763815	78
lyi	763893	9
lyn	763902	57
lys	763959	265
lyt	764224	10
lyu	764234	4
lz 	764238	8
lzb	764246	6
lze	764252	21
ma 	764273	848
maa	765121	104
mac	765225	147
mad	765372	306
mae	765678	7
maf	765685	4
mag	765689	109
mah	765798	239
mai	766037	893
mak	766930	58
mal	766988	1004
mam	767992	52
man	768044	4101
mao	772145	5
map	772150	33
mar	772183	1353
mas	773536	207
mat	773743	441
mau	774184	155
mav	774339	8
maw	774347	49
may	774396	111
maz	774507	178
mb 	774685	161
mba	774846	203
mbe	775049	95
mbi	775144	1574
mbo	776718	527
mbr	777245	40
mbu	777285	258
mby	777543	16
mc 	777559	18
mce	777577	20
mch	777597	16
mco	777613	18
md 	777631	37
mda	777668	37
mdg	777705	148
mdv	777853	21
me 	777874	152
mea	778026	14
med	778040	54
meg	778094	25
meh	778119	66
mek	778185	9
mel	778194	17
men	778211	592
mer	778803	226
mes	779029	238
met	779267	40
mew	779307	6
mex	779313	2536
mey	781849	1
mfa	781850	14
mg 	781864	148
mga	782012	4
mh 	782016	35
mhl	782051	35
mhu	782086	14
mi 	782100	82
mia	782182	25
mib	782207	66
mic	782273	821
mid	783094	27
mie	783121	81
mig	783202	11
mil	783213	82
mim	783295	13
min	783308	1315
miq	784623	2
mir	784625	146
mis	784771	338
mit	785109	73
miy	785182	44
miz	785226	11
mk 	785237	81
mkd	785318	81
mke	785399	1
mky	785400	35
ml 	785435	61
mla	785496	16
mli	785512	61
mlt	785573	68
mm 	785641	89
mma	785730	23
mme	785753	6
mmo	785759	111
mmr	785870	88
mmu	785958	33
mn 	785991	506
mna	786497	31
mne	786528	25
mng	786553	409
mno	786962	16
mnp	786978	16
mny	786994	52
mo 	787046	105
moa	787151	44
moc	787195	712
moe	787907	2
mog	787909	8
mok	787917	1
mol	787918	98
mon	788016	869
mop	788885	8
moq	788893	3
mor	788896	591
mos	789487	136
mot	789623	57
mou	789680	67
mox	789747	8
moy	789755	21
moz	789776	188
mp 	789964	16
mpa	789980	50
mpe	790030	13
mph	790043	31
mpi	790074	28
mpl	790102	16
mpo	790118	175
mps	790293	10
mpu	790303	43
mq 	790346	2
mr 	790348	235
mra	790583	24
mro	790607	5
mrt	790612	70
ms 	790682	61
msd	790743	27
msi	790770	8
msk	790778	182
msr	790960	3
msu	790963	17
mt 	790980	151
mte	791131	8
mth	791139	5
mti	791144	5
mtl	791149	8
mto	791157	67
mtq	791224	2
mts	791226	11
mtw	791237	7
mu 	791244	54
mua	791298	19
mub	791317	11
muc	791328	7
mud	791335	18
mug	791353	13
muk	791366	20
mul	791386	11
mum	791397	7
mun	791404	23
mur	791427	364
mus	791791	38
mut	791829	16
muw	791845	2
muy	791847	20
mv 	791867	21
mvy	791888	5
mw 	791893	31
mwa	791924	7
mwi	791931	31
mx 	791962	2503
mxa	794465	14
my 	794479	160
mya	794639	99
myk	794738	18
mym	794756	4
myr	794760	4
mys	794764	160
myt	794924	17
mz 	794941	175
na 	795116	3184
naa	798300	14
nab	798314	98
nac	798412	277
nad	798689	1724
nag	800413	133
nah	800546	30
nai	800576	31
naj	800607	57
nak	800664	284
nal	800948	240
nam	801188	1524
nan	802712	274
nao	802986	9
nap	802995	8
nar	803003	200
nas	803203	1165
nat	804368	217
nau	804585	20
nav	804605	17
naw	804622	39
nax	804661	9
nay	804670	67
nb 	804737	51
nba	804788	9
nbe	804797	4
nbo	804801	1
nbu	804802	87
nc 	804889	36
nca	804925	57
nce	804982	341
nch	805323	235
nci	805558	59
ncl	805617	36
nco	805653	32
nct	805685	8
nd 	805693	4397
nda	810090	338
nde	810428	969
ndg	811397	17
ndh	811414	55
ndi	811469	1214
ndj	812683	19
ndl	812702	277
ndo	812979	812
ndr	813791	126
nds	813917	938
ndu	814855	330
ndy	815185	20
ne 	815205	645
nea	815850	327
neb	816177	93
nec	816270	9
ned	816279	78
nee	816357	16
neg	816373	107
nei	816480	195
nel	816675	41
nem	816716	17
nen	816733	38
nep	816771	84
ner	816855	156
nes	817011	1156
net	818167	422
neu	818589	22
nev	818611	48
new	818659	774
nez	819433	403
nfu	819836	8
ng 	819844	2452
nga	822296	1503
ngb	823799	34
ngc	823833	46
ngd	823879	246
nge	824125	105
ngg	824230	97
ngh	824327	87
ngi	824414	16
ngj	824430	18
ngk	824448	55
ngl	824503	228
ngn	824731	61
ngo	824792	1119
ngp	825911	35
ngq	825946	1
ngr	825947	62
ngs	826009	111
ngt	826120	77
ngu	826197	92
ngw	826289	44
ngx	826333	30
ngy	826363	69
ngz	826432	14
nh 	826446	218
nha	826664	242
nho	826906	22
nhu	826928	16
ni 	826944	479
nia	827423	4681
nic	832104	455
nid	832559	61
nie	832620	59
nif	832679	5
nig	832684	903
nih	833587	5
nii	833592	29
nij	833621	555
nik	834176	18
nil	834194	37
nim	834231	29
nin	834260	313
nio	834573	25
nip	834598	26
niq	834624	2
nis	834626	815
nit	835441	3772
niu	839213	3
niv	839216	3
nix	839219	8
niy	839227	37
niz	839264	82
nja	839346	74
nji	839420	32
njo	839452	6
njs	839458	61
nju	839519	2
nk 	839521	110
nka	839631	89
nkh	839720	39
nki	839759	18
nko	839777	13
nkt	839790	27
nku	839817	13
nl 	839830	360
nla	840190	167
nld	840357	360
nli	840717	13
nm 	840730	786
nma	841516	282
nn 	841798	55
nna	841853	88
nne	841941	267
nni	842208	5
nnl	842213	46
nnm	842259	18
nno	842277	3
nns	842280	67
nny	842347	6
no 	842353	646
nob	842999	11
nod	843010	78
noe	843088	32
nog	843120	40
noh	843160	14
noi	843174	132
nok	843306	9
nom	843315	144
non	843459	64
noo	843523	100
nop	843623	12
nor	843635	1331
nos	844966	189
not	845155	10
nou	845165	42
nov	845207	770
noy	845977	72
np 	846049	100
npe	846149	12
npl	846161	84
npu	846245	25
nq 	846270	42
nqu	846312	8
nr 	846320	14
nra	846334	3
nri	846337	4
nru	846341	14
ns 	846355	174
nsa	846529	191
nse	846720	44
nsh	846764	26
nsi	846790	112
nsk	846902	666
nsl	847568	78
nso	847646	4
nst	847650	110
nsu	847760	21
nsw	847781	15
nsy	847796	67
nt 	847863	1197
nta	849060	938
nte	849998	156
nth	850154	31
nti	850185	1066
ntl	851251	14
nto	851265	136
ntr	851401	346
nts	851747	27
ntu	851774	120
nty	851894	31
nu 	851925	41
nua	851966	6
nub	851972	48
nuc	852020	11
nue	852031	112
nuf	852143	9
nug	852152	20
nui	852172	7
nul	852179	9
num	852188	7
nun	852195	8
nur	852203	8
nus	852211	36
nuu	852247	2
nvi	852249	34
nxi	852283	21
ny 	852304	82
nya	852386	149
nyi	852535	20
nyt	852555	9
nyy	852564	52
nz 	852616	83
nza	852699	268
nze	852967	40
nzi	853007	20
nzl	853027	83
nzo	853110	32
oa 	853142	152
oac	853294	119
oah	853413	38
oam	853451	11
oan	853462	4
oar	853466	69
oas	853535	112
oat	853647	614
oax	854261	570
oay	854831	9
oba	854840	199
obe	855039	106
obi	855145	4
obl	855149	2149
obo	857298	24
obr	857322	8
obw	857330	1
oby	857331	13
oc 	857344	5
oca	857349	281
occ	857630	108
oce	857738	27
och	857765	186
oci	857951	5
ock	857956	27
ocl	857983	6
oco	857989	70
ocr	858059	601
od 	858660	256
oda	858916	74
ode	858990	31
odh	859021	11
odi	859032	261
odk	859293	25
odl	859318	17
odn	859335	21
odo	859356	7
odr	859363	22
ods	859385	169
odz	859554	47
oe 	859601	73
oei	859674	14
oen	859688	32
oes	859720	9
oev	859729	14
of 	859743	2025
ofa	861768	51
ofi	861819	30
ofo	861849	6
ofu	861855	7
og 	861862	143
oga	862005	30
ogd	862035	4
oge	862039	3
ogi	862042	21
ogn	862063	8
ogo	862071	203
ogr	862274	86
ogu	862360	29
ogy	862389	13
oh 	862402	9
oha	862411	4
ohg	862415	8
ohh	862423	9
ohi	862432	107
ohj	862539	24
ohn	862563	16
oho	862579	10
ohr	862589	4
ohs	862593	1
oi 	862594	64
oia	862658	246
oim	862904	17
oio	862921	5
oir	862926	58
ois	862984	170
oit	863154	17
oix	863171	9
oiy	863180	9
oiz	863189	6
oja	863195	35
oje	863230	9
ojo	863239	9
ojv	863248	7
ok 	863255	42
oka	863297	115
oke	863412	19
okh	863431	1
oki	863432	16
okk	863448	99
okl	863547	77
oko	863624	42
okr	863666	66
oks	863732	49
oku	863781	16
oky	863797	54
ol 	863851	1814
ola	865665	668
olc	866333	13
old	866346	58
ole	866404	49
olg	866453	70
oli	866523	1179
olj	867702	131
oll	867833	136
olm	867969	26
oln	867995	45
olo	868040	1503
ols	869543	94
olt	869637	158
olu	869795	61
olv	869856	3
oly	869859	67
om 	869926	670
oma	870596	3681
omb	874277	1226
ome	875503	18
omi	875521	395
omm	875916	9
omn	875925	156
omo	876081	314
oms	876395	143
omt	876538	8
omu	876546	10
omx	876556	7
omy	876563	4
on 	876567	4036
ona	880603	414
onc	881017	40
ond	881057	455
one	881512	794
ong	882306	1373
oni	883679	351
onk	884030	31
onn	884061	25
ono	884086	227
ons	884313	170
ont	884483	242
onu	884725	31
ony	884756	44
oo 	884800	11
ook	884811	19
ool	884830	23
oon	884853	68
oor	884921	100
oos	885021	13
oou	885034	24
ooy	885058	3
op 	885061	20
opa	885081	39
ope	885120	7
opi	885127	155
opl	885282	392
opo	885674	159
opp	885833	12
opr	885845	32
opt	885877	8
oqo	885885	3
oqu	885888	134
or 	886022	1533
ora	887555	421
orc	887976	6
ord	887982	464
ore	888446	776
org	889222	285
orh	889507	28
ori	889535	362
orj	889897	70
ork	889967	67
orl	890034	28
orm	890062	130
orn	890192	135
oro	890327	418
orr	890745	53
ors	890798	209
ort	891007	1280
oru	892287	40
orw	892327	377
ory	892704	37
orz	892741	6
os 	892747	824
osa	893571	167
osc	893738	10
ose	893748	50
osh	893798	107
osi	893905	297
osj	894202	42
osk	894244	90
osl	894334	76
osm	894410	7
osn	894417	21
oso	894438	57
osr	894495	4
oss	894499	246
ost	894745	489
osu	895234	30
osy	895264	3
ot 	895267	9
ota	895276	296
otd	895572	5
ote	895577	77
oth	895654	53
oti	895707	29
otj	895736	3
otl	895739	46
otn	895785	8
oto	895793	239
otr	896032	5
ots	896037	51
ott	896088	72
otu	896160	35
ou 	896195	3328
oua	899523	143
oub	899666	17
ouc	899683	24
oud	899707	76
oue	899783	99
ouf	899882	64
oug	899946	15
ouh	899961	17
oui	899978	92
ouk	900070	15
oul	900085	48
oum	900133	31
oun	900164	321
oup	900485	2
our	900487	259
ous	900746	69
out	900815	560
ouv	901375	17
ouz	901392	33
ov 	901425	131
ova	901556	998
ovd	902554	36
ove	902590	338
ovg	902928	25
ovi	902953	371
ovo	903324	143
ovs	903467	578
owa	904045	99
owe	904144	6
owi	904150	48
own	904198	3
owy	904201	8
owz	904209	11
oxi	904220	8
oy 	904228	27
oya	904255	215
oye	904470	16
oyi	904486	3
oyo	904489	39
oz 	904528	180
oza	904708	246
oze	904954	15
ozg	904969	27
ozi	904996	9
ozo	905005	3
pa 	905008	215
pac	905223	27
pad	905250	1
paf	905251	125
pag	905376	3
pah	905379	11
pai	905390	84
paj	905474	1
pak	905475	194
pal	905669	129
pam	905798	22
pan	905820	1958
pap	907778	157
par	907935	1136
pas	909071	193
pat	909264	48
pau	909312	646
pav	909958	15
pax	909973	7
pay	909980	12
paz	909992	93
pci	910085	9
pe 	910094	346
pec	910440	16
ped	910456	35
pei	910491	16
pel	910507	15
pem	910522	7
pen	910529	153
peo	910682	392
peq	911074	53
per	911127	533
pes	911660	72
pet	911732	60
pf 	911792	53
pg 	911845	109
ph 	911954	104
pha	912058	83
phe	912141	30
phi	912171	125
phl	912296	104
phn	912400	14
pho	912414	56
phr	912470	24
phu	912494	67
phy	912561	71
pi 	912632	88
pia	912720	366
pic	913086	8
pie	913094	18
pik	913112	10
pil	913122	45
pin	913167	171
pir	913338	119
pis	913457	7
pit	913464	26
piu	913490	8
pk 	913498	164
pl 	913662	480
pla	914142	63
ple	914205	425
pli	914630	55
plo	914685	18
plu	914703	121
plw	914824	17
plz	914841	7
pm 	914848	2
pn 	914850	1237
png	916087	109
po 	916196	136
pod	916332	58
pog	916390	15
poh	916405	36
pok	916441	7
pol	916448	511
pom	916959	64
pon	917023	77
poo	917100	13
pop	917113	5
por	917118	397
pos	917515	28
pot	917543	82
pou	917625	6
poz	917631	10
ppe	917641	60
ppi	917701	192
pps	917893	8
pr 	917901	980
pra	918881	338
pre	919219	71
pri	919290	1106
prk	920396	214
pro	920610	114
prt	920724	328
pru	921052	621
pry	921673	264
ps 	921937	18
psa	921955	8
pse	921963	18
psh	921981	10
psk	921991	94
pt 	922085	493
pti	922578	8
pu 	922586	12
pua	922598	187
pub	922785	2866
pud	925651	4
pue	925655	1214
pug	926869	6
puk	926875	59
pul	926934	61
pum	926995	3
pun	926998	101
pur	927099	47
put	927146	31
pv 	927177	56
pw 	927233	17
py 	927250	264
pyf	927514	53
pyi	927567	2
qa 	927569	20
qab	927589	2
qad	927591	22
qah	927613	25
qal	927638	19
qan	927657	21
qar	927678	25
qas	927703	43
qat	927746	14
qay	927760	1
qaz	927761	71
qi 	927832	20
qin	927852	15
qiy	927867	36
qli	927903	3
qmo	927906	24
qom	927930	1
qoo	927931	3
qor	927934	15
qos	927949	23
qqa	927972	3
qst	927975	65
qsu	928040	1
qto	928041	17
qu 	928058	55
qua	928113	137
qud	928250	1
que	928251	457
qui	928708	257
qun	928965	2
qut	928967	2
qyz	928969	9
ra 	928978	6878
raa	935856	8
rab	935864	397
rac	936261	290
rad	936551	810
rae	937361	41
raf	937402	2
rag	937404	570
rah	937974	221
rai	938195	1367
raj	939562	197
rak	939759	145
ral	939904	926
ram	940830	209
ran	941039	2363
rap	943402	64
raq	943466	164
rar	943630	28
ras	943658	915
rat	944573	3770
rau	948343	52
rav	948395	35
raw	948430	44
ray	948474	455
raz	948929	5724
rb 	954653	44
rba	954697	188
rbe	954885	15
rbi	954900	83
rbo	954983	29
rbu	955012	37
rc 	955049	68
rca	955117	145
rce	955262	20
rch	955282	21
rci	955303	1
rco	955304	33
rd 	955337	170
rda	955507	150
rde	955657	87
rdi	955744	74
rdj	955818	22
rdl	955840	133
rdo	955973	118
rdr	956091	5
rdu	956096	50
rdz	956146	19
re 	956165	468
rea	956633	613
reb	957246	63
rec	957309	49
red	957358	36
ree	957394	82
ref	957476	18
reg	957494	167
rei	957661	66
rek	957727	6
rel	957733	267
rem	958000	47
ren	958047	277
rep	958324	2282
req	960606	8
rer	960614	98
res	960712	1050
ret	961762	87
reu	961849	2
rev	961851	20
rew	961871	106
rey	961977	24
rez	962001	35
rf 	962036	7
rfa	962043	13
rfu	962056	17
rg 	962073	765
rga	962838	71
rge	962909	668
rgh	963577	67
rgi	963644	598
rgl	964242	5
rgn	964247	13
rgo	964260	59
rgs	964319	66
rgu	964385	7
rgy	964392	54
rh 	964446	34
rha	964480	72
rhe	964552	5
rho	964557	26
ri 	964583	1657
ria	966240	2751
rib	968991	105
ric	969096	1291
rid	970387	105
rie	970492	334
rif	970826	9
rig	970835	4
rij	970839	67
rik	970906	16
rim	970922	79
rin	971001	828
rio	971829	911
rip	972740	8
riq	972748	27
ris	972775	71
rit	972846	502
riu	973348	4
riv	973352	135
riy	973487	43
riz	973530	76
rj 	973606	70
rja	973676	5
rju	973681	16
rk 	973697	433
rka	974130	110
rke	974240	14
rkh	974254	56
rki	974310	1141
rkl	975451	8
rkm	975459	63
rko	975522	5
rku	975527	53
rl 	975580	44
rla	975624	594
rlb	976218	5
rli	976223	1
rlo	976224	57
rm 	976281	93
rma	976374	252
rme	976626	98
rmi	976724	36
rml	976760	16
rmo	976776	36
rms	976812	51
rmu	976863	11
rn 	976874	1174
rna	978048	349
rne	978397	24
rni	978421	84
rno	978505	84
rns	978589	11
rnt	978600	10
rnu	978610	7
ro 	978617	3721
roa	982338	593
rob	982931	13
roc	982944	108
rod	983052	169
roe	983221	46
rof	983267	6
rog	983273	38
roi	983311	29
roj	983340	9
rok	983349	15
rol	983364	168
rom	983532	3349
ron	986881	274
roo	987155	79
rop	987234	59
ror	987293	16
ros	987309	496
rot	987805	11
rou	987816	3247
rov	991063	282
row	991345	6
roy	991351	22
roz	991373	18
rpa	991391	40
rpo	991431	7
rps	991438	8
rq 	991446	142
rqa	991588	25
rqi	991613	52
rqu	991665	6
rra	991671	79
rrb	991750	14
rre	991764	145
rrh	991909	4
rri	991913	101
rrl	992014	7
rro	992021	21
rry	992042	4
rs 	992046	95
rsa	992141	19
rsc	992160	11
rse	992171	50
rsh	992221	56
rsi	992277	18
rsk	992295	712
rso	993007	21
rst	993028	57
rsv	993085	7
rt 	993092	476
rta	993568	426
rte	993994	284
rth	994278	518
rti	994796	25
rtl	994821	56
rto	994877	1091
rts	995968	28
rtt	995996	4
rtu	996000	355
rtv	996355	9
ru 	996364	3001
ruc	999365	5
rud	999370	18
rug	999388	195
ruh	999583	1
ruj	999584	28
ruk	999612	4
rum	999616	60
run	999676	271
rup	999947	3
rur	999950	31
rus	999981	3577
rut	1003558	6
ruv	1003564	6
rux	1003570	1
ruy	1003571	7
ruz	1003578	244
rv 	1003822	593
rva	1004415	8
rw 	1004423	35
rwa	1004458	445
rxo	1004903	16
ry 	1004919	811
rya	1005730	153
ryi	1005883	3
ryl	1005886	55
rym	1005941	10
ryn	1005951	52
ryo	1006003	49
rys	1006052	18
rz 	1006070	6
rza	1006076	6
rze	1006082	52
rzi	1006134	10
rzo	1006144	5
rzu	1006149	20
rzy	1006169	14
sa 	1006183	3596
saa	1009779	9
sab	1009788	103
sac	1009891	63
saf	1009954	8
sag	1009962	32
sah	1009994	50
sai	1010044	1134
sak	1011178	138
sal	1011316	283
sam	1011599	197
san	1011796	1359
sao	1013155	674
sar	1013829	201
sas	1014030	966
sat	1014996	91
sau	1015087	251
sav	1015338	69
saw	1015407	15
say	1015422	25
sb 	1015447	193
sbo	1015640	17
sby	1015657	9
sc 	1015666	177
sca	1015843	189
sce	1016032	11
sch	1016043	42
sck	1016085	18
sco	1016103	334
scu	1016437	14
sd 	1016451	146
sda	1016597	54
sdn	1016651	108
se 	1016759	436
sea	1017195	4
seb	1017199	24
sed	1017223	3
see	1017226	95
seg	1017321	19
seh	1017340	29
sei	1017369	2
sej	1017371	1
sek	1017372	3
sel	1017375	130
sem	1017505	23
sen	1017528	95
seo	1017623	30
sep	1017653	10
ser	1017663	159
ses	1017822	5
set	1017827	69
seu	1017896	77
sev	1017973	87
sey	1018060	72
sfa	1018132	41
sg 	1018173	5
sga	1018178	33
sgo	1018211	28
sgp	1018239	5
sh 	1018244	420
sha	1018664	382
shc	1019046	9
she	1019055	324
shi	1019379	293
shk	1019672	117
shm	1019789	30
shn	1019819	11
sho	1019830	48
shq	1019878	28
shs	1019906	26
sht	1019932	41
shu	1019973	37
shy	1020010	26
si 	1020036	689
sia	1020725	4134
sib	1024859	125
sic	1024984	41
sid	1025025	36
sie	1025061	33
sig	1025094	9
sih	1025103	4
sii	1025107	9
sik	1025116	13
sil	1025129	48
sim	1025177	118
sin	1025295	274
sio	1025569	39
sip	1025608	96
sir	1025704	62
sis	1025766	123
sit	1025889	6
siu	1025895	5
siv	1025900	17
siy	1025917	45
sj 	1025962	6
sja	1025968	17
sje	1025985	42
sjm	1026027	6
sk 	1026033	96
ska	1026129	3388
ske	1029517	18
skh	1029535	11
ski	1029546	773
sko	1030319	413
skr	1030732	70
sks	1030802	4
sku	1030806	11
skv	1030817	12
sky	1030829	101
sl 	1030930	93
sla	1031023	1152
slb	1032175	193
sle	1032368	142
sli	1032510	9
slo	1032519	317
slu	1032836	86
slv	1032922	58
sm 	1032980	135
sma	1033115	41
sme	1033156	7
smi	1033163	16
smo	1033179	35
smr	1033214	9
sn 	1033223	59
sna	1033282	45
sne	1033327	26
sni	1033353	21
sno	1033374	131
so 	1033505	460
soc	1033965	9
sod	1033974	25
sof	1033999	43
sog	1034042	9
sok	1034051	23
sol	1034074	245
som	1034319	134
son	1034453	150
soo	1034603	4
sop	1034607	7
sor	1034614	4
sos	1034618	117
sot	1034735	135
sou	1034870	746
sov	1035616	121
sp 	1035737	71
spa	1035808	99
spi	1035907	102
spl	1036009	55
spm	1036064	2
spu	1036066	592
sqa	1036658	6
sr 	1036664	105
sra	1036769	34
srb	1036803	33
sri	1036836	65
srp	1036901	8
ss 	1036909	71
ssa	1036980	212
ssd	1037192	38
sse	1037230	175
ssi	1037405	2816
ssk	1040221	14
sso	1040235	351
st 	1040586	2208
sta	1042794	5466
ste	1048260	819
stf	1049079	32
sth	1049111	33
sti	1049144	111
stl	1049255	43
stm	1049298	92
sto	1049390	354
stp	1049744	9
str	1049753	1008
stu	1050761	32
su 	1050793	85
suc	1050878	183
sud	1051061	221
sug	1051282	17
suh	1051299	23
suk	1051322	9
sul	1051331	699
sum	1052030	88
sun	1052118	64
suo	1052182	11
sup	1052193	10
suq	1052203	2
sur	1052205	165
suw	1052370	11
sv 	1052381	58
sva	1052439	41
sve	1052480	92
svi	1052572	8
svk	1052580	87
svn	1052667	229
swa	1052896	86
swe	1052982	311
swi	1053293	204
swz	1053497	42
sy 	1053539	346
sya	1053885	7
syc	1053892	28
syd	1053920	22
syk	1053942	5
syl	1053947	71
syr	1054018	75
syu	1054093	15
sz 	1054108	51
sza	1054159	13
szo	1054172	9
szp	1054181	10
szt	1054191	6
ta 	1054197	1994
taa	1056191	10
tab	1056201	50
tac	1056251	48
tad	1056299	52
taf	1056351	8
tag	1056359	47
tah	1056406	55
tai	1056461	45
taj	1056506	80
tak	1056586	77
tal	1056663	345
tam	1057008	208
tan	1057216	2588
tao	1059804	8
tap	1059812	42
tar	1059854	754
tas	1060608	58
tat	1060666	3529
tau	1064195	21
tav	1064216	62
taw	1064278	2
tay	1064280	153
taz	1064433	4
tbi	1064437	2
tbo	1064439	7
tcd	1064446	156
tch	1064602	861
td 	1065463	156
tda	1065619	5
te 	1065624	736
tea	1066360	54
teb	1066414	12
tec	1066426	81
ted	1066507	3749
teg	1070256	53
teh	1070309	16
tei	1070325	25
tek	1070350	11
tel	1070361	193
tem	1070554	423
ten	1070977	426
tep	1071403	62
ter	1071465	892
tes	1072357	3374
tet	1075731	24
teu	1075755	53
tev	1075808	8
tex	1075816	254
tf 	1076070	10
tfa	1076080	5
tfi	1076085	9
tfo	1076094	18
tg 	1076112	43
tgo	1076155	35
th 	1076190	1999
tha	1078189	1137
the	1079326	904
thi	1080230	166
thl	1080396	6
tho	1080402	172
thr	1080574	5
thu	1080579	109
thw	1080688	36
ti 	1080724	407
tia	1081131	749
tib	1081880	26
tic	1081906	660
tid	1082566	8
tie	1082574	5
tif	1082579	20
tig	1082599	20
tik	1082619	53
til	1082672	54
tim	1082726	260
tin	1082986	872
tio	1083858	2984
tip	1086842	10
tiq	1086852	8
tir	1086860	32
tis	1086892	162
tiu	1087054	15
tiv	1087069	6
tiy	1087075	79
tiz	1087154	21
tj 	1087175	80
tjk	1087255	80
tjo	1087335	3
tjy	1087338	19
tk 	1087357	3
tke	1087360	3
tkl	1087363	3
tkm	1087366	63
tl 	1087429	78
tla	1087507	255
tle	1087762	21
tli	1087783	20
tlo	1087803	30
tls	1087833	78
tly	1087911	9
tm 	1087920	425
tma	1088345	29
tmo	1088374	82
tn 	1088456	343
tna	1088799	21
to 	1088820	1826
toa	1090646	14
tob	1090660	163
toc	1090823	184
tof	1091007	3
tog	1091010	50
toh	1091060	5
tok	1091065	105
tol	1091170	58
tom	1091228	46
ton	1091274	352
top	1091626	7
tor	1091633	228
tos	1091861	375
tot	1092236	17
tou	1092253	23
tov	1092276	140
tow	1092416	3
toy	1092419	12
toz	1092431	5
tp 	1092436	9
tq 	1092445	2
tr 	1092447	1055
tra	1093502	1043
tre	1094545	215
tri	1094760	421
trn	1095181	7
tro	1095188	118
tru	1095306	29
trz	1095335	1
ts 	1095336	38
tsa	1095374	21
tse	1095395	13
tsh	1095408	18
tsi	1095426	67
tsk	1095493	232
tsp	1095725	14
tsw	1095739	41
tt 	1095780	60
tta	1095840	123
tte	1095963	79
tth	1096042	27
tti	1096069	37
tto	1096106	91
tts	1096197	30
tu 	1096227	185
tua	1096412	58
tub	1096470	13
tuc	1096483	137
tue	1096620	5
tug	1096625	342
tui	1096967	2
tuk	1096969	23
tul	1096992	84
tum	1097076	25
tun	1097101	377
tur	1097478	1168
tus	1098646	36
tut	1098682	21
tuv	1098703	9
tuy	1098712	18
tv 	1098730	9
tva	1098739	22
tve	1098761	46
tvi	1098807	639
tw 	1099446	26
twa	1099472	7
twn	1099479	26
ty 	1099505	59
tya	1099564	13
tyr	1099577	11
tys	1099588	17
tyu	1099605	29
tyv	1099634	25
tz 	1099659	208
tza	1099867	225
tze	1100092	175
ua 	1100267	706
uab	1100973	10
uac	1100983	3
uad	1100986	333
uag	1101319	12
uah	1101331	67
uai	1101398	32
uaj	1101430	15
uak	1101445	14
ual	1101459	15
uam	1101474	57
uan	1101531	466
uap	1101997	35
uar	1102032	80
uas	1102112	46
uat	1102158	487
uav	1102645	4
uay	1102649	484
uaz	1103133	22
ub 	1103155	198
uba	1103353	253
ubb	1103606	9
ube	1103615	41
ubi	1103656	38
ubl	1103694	2883
ubn	1106577	8
ubo	1106585	31
ubr	1106616	22
ubu	1106638	40
uca	1106678	226
uce	1106904	114
uch	1107018	116
uci	1107134	564
uck	1107698	126
ucl	1107824	6
uco	1107830	232
ucr	1108062	41
uct	1108103	5
ucu	1108108	41
ud 	1108149	209
uda	1108358	245
udb	1108603	7
ude	1108610	1
udi	1108611	135
udm	1108746	28
udo	1108774	27
uds	1108801	1
udu	1108802	54
udz	1108856	25
ue 	1108881	285
ueb	1109166	243
ued	1109409	16
uee	1109425	78
ueg	1109503	16
ueh	1109519	33
uel	1109552	439
uem	1109991	9
uen	1110000	199
ueq	1110199	5
uer	1110204	1108
ues	1111312	63
uet	1111375	73
ueu	1111448	8
uev	1111456	74
uey	1111530	13
uez	1111543	63
uf 	1111606	3
ufa	1111609	14
uff	1111623	6
ufi	1111629	5
ufr	1111634	57
ug 	1111691	199
uga	1111890	504
ugg	1112394	5
ugh	1112399	24
ugl	1112423	28
ugo	1112451	3
ugs	1112454	27
ugu	1112481	174
uh 	1112655	1
uha	1112656	39
uhb	1112695	14
uhi	1112709	9
uho	1112718	6
ui 	1112724	402
uia	1113126	127
uic	1113253	24
uid	1113277	52
uig	1113329	16
uil	1113345	119
uim	1113464	14
uin	1113478	305
uip	1113783	8
uir	1113791	19
uis	1113810	144
uit	1113954	25
uiz	1113979	14
uj 	1113993	97
uja	1114090	67
uji	1114157	37
uju	1114194	28
uk 	1114222	123
uka	1114345	13
ukb	1114358	45
ukd	1114403	7
uke	1114410	6
ukh	1114416	12
ukl	1114428	21
uko	1114449	50
ukr	1114499	174
uks	1114673	16
ukt	1114689	59
uku	1114748	128
ukw	1114876	4
ul 	1114880	836
ula	1115716	188
ulb	1115904	14
ulc	1115918	51
uld	1115969	36
ule	1116005	21
ulf	1116026	2
ulg	1116028	313
uli	1116341	93
ulk	1116434	3
uln	1116437	10
ulo	1116447	654
uls	1117101	8
ulu	1117109	24
uly	1117133	5
um 	1117138	135
uma	1117273	239
umb	1117512	68
ume	1117580	48
umh	1117628	14
umi	1117642	20
umm	1117662	1
umo	1117663	10
ump	1117673	9
ums	1117682	5
umu	1117687	7
umy	1117694	4
un 	1117698	658
una	1118356	116
unc	1118472	19
und	1118491	592
une	1119083	133
ung	1119216	385
unh	1119601	11
uni	1119612	3996
unj	1123608	59
unk	1123667	39
unm	1123706	19
unn	1123725	16
uno	1123741	21
uns	1123762	22
unt	1123784	39
unu	1123823	8
uny	1123831	4
uok	1123835	68
uom	1123903	11
upa	1123914	558
upe	1124472	11
uph	1124483	10
upp	1124493	49
uqs	1124542	1
uqu	1124543	34
ur 	1124577	1319
ura	1125896	448
urb	1126344	3
urc	1126347	1
urd	1126348	14
ure	1126362	187
urf	1126549	13
urg	1126562	345
uri	1126907	606
urk	1127513	1197
url	1128710	44
urm	1128754	26
urn	1128780	14
uro	1128794	37
urp	1128831	9
urr	1128840	3
urs	1128843	131
urt	1128974	40
uru	1129014	327
urx	1129341	16
ury	1129357	177
urz	1129534	31
us 	1129565	7377
usa	1136942	3281
usc	1140223	15
use	1140238	28
ush	1140266	79
usi	1140345	5
usk	1140350	75
usl	1140425	5
uss	1140430	2804
ust	1143234	707
usu	1143941	3
ut 	1143944	190
uta	1144134	170
ute	1144304	39
uth	1144343	554
uti	1144897	26
utl	1144923	9
uto	1144932	81
utr	1145013	29
uts	1145042	57
utt	1145099	113
utu	1145212	48
uu 	1145260	2
uud	1145262	6
uuk	1145268	40
uul	1145308	4
uus	1145312	4
uv 	1145316	9
uva	1145325	42
uve	1145367	43
uvs	1145410	23
uvu	1145433	6
uwa	1145439	128
ux 	1145567	183
uxe	1145750	118
uxo	1145868	15
uy 	1145883	205
uya	1146088	22
uye	1146110	43
uyg	1146153	17
uyi	1146170	14
uz 	1146184	486
uza	1146670	87
uzb	1146757	235
uzc	1146992	8
uze	1147000	33
uzg	1147033	5
uzh	1147038	27
uzi	1147065	12
uzo	1147077	33
uzz	1147110	4
va 	1147114	1042
vaa	1148156	8
vac	1148164	88
vad	1148252	656
vae	1148908	7
vag	1148915	2
vak	1148917	102
val	1149019	246
vam	1149265	9
van	1149274	238
vao	1149512	7
var	1149519	535
vas	1150054	349
vat	1150403	3
vau	1150406	21
vav	1150427	9
vay	1150436	5
vc 	1150441	6
vct	1150447	6
vd 	1150453	18
vdi	1150471	18
ve 	1150489	580
vea	1151069	16
vec	1151085	8
ved	1151093	30
veg	1151123	26
veh	1151149	5
vei	1151154	19
vel	1151173	32
vem	1151205	18
ven	1151223	679
ver	1151902	716
ves	1152618	110
vet	1152728	18
vez	1152746	6
vgo	1152752	25
vgr	1152777	14
vha	1152791	25
vi 	1152816	128
via	1152944	802
vic	1153746	119
vid	1153865	52
vie	1153917	840
vih	1154757	9
vil	1154766	71
vin	1154837	173
viq	1155010	5
vir	1155015	251
vis	1155266	94
vit	1155360	105
viv	1155465	7
viy	1155472	26
vk 	1155498	87
vla	1155585	28
vle	1155613	10
vlo	1155623	22
vn 	1155645	1015
vne	1156660	4
vni	1156664	47
vnm	1156711	786
vo 	1157497	150
vob	1157647	149
vod	1157796	8
voh	1157804	4
voi	1157808	56
voj	1157864	7
vol	1157871	96
von	1157967	10
vor	1157977	85
vos	1158062	38
vpi	1158100	1
vra	1158101	83
vre	1158184	6
vro	1158190	37
vs 	1158227	23
vse	1158250	8
vsg	1158258	28
vsk	1158286	682
vto	1158968	68
vu 	1159036	47
vuk	1159083	31
vum	1159114	6
vus	1159120	4
vut	1159124	6
vy 	1159130	3
vya	1159133	5
vys	1159138	5
wa 	1159143	518
wad	1159661	18
wah	1159679	17
wai	1159696	130
wak	1159826	49
wal	1159875	180
wan	1160055	1032
war	1161087	74
was	1161161	45
wat	1161206	86
way	1161292	395
waz	1161687	11
wda	1161698	5
we 	1161703	388
wed	1162091	311
wee	1162402	1
wel	1162403	14
wen	1162417	16
weo	1162433	17
wer	1162450	6
wes	1162456	647
wf 	1163103	23
wfo	1163126	277
wha	1163403	7
whi	1163410	6
wi 	1163416	31
wic	1163447	15
wie	1163462	92
wij	1163554	12
wil	1163566	19
win	1163585	10
wis	1163595	72
wit	1163667	184
wke	1163851	4
wlf	1163855	8
wn 	1163863	29
wny	1163892	38
wol	1163930	5
won	1163935	18
woq	1163953	3
wor	1163956	3
wr 	1163959	3
ws 	1163962	25
wsa	1163987	11
wsk	1163998	23
wsm	1164021	25
wt 	1164046	143
wur	1164189	4
wus	1164193	4
wwa	1164197	7
wye	1164204	8
wyo	1164212	23
wyz	1164235	6
wz 	1164241	42
wzj	1164283	11
xac	1164294	570
xai	1164864	30
xas	1164894	254
xca	1165148	60
xci	1165208	9
xe 	1165217	8
xek	1165225	4
xel	1165229	1
xem	1165230	117
xi 	1165347	53
xia	1165400	12
xic	1165412	2544
xin	1167956	17
xiz	1167973	7
xk 	1167980	45
xkx	1168025	45
xon	1168070	16
xor	1168086	28
xtr	1168114	2
ya 	1168116	2207
yab	1170323	84
yac	1170407	134
yad	1170541	28
yag	1170569	66
yah	1170635	139
yak	1170774	5
yal	1170779	28
yam	1170807	158
yan	1170965	322
yao	1171287	9
yap	1171296	38
yar	1171334	164
yas	1171498	50
yat	1171548	28
yau	1171576	21
yaz	1171597	55
ybe	1171652	39
ybu	1171691	3
yc 	1171694	28
ych	1171722	28
yda	1171750	49
ydd	1171799	22
ydi	1171821	17
ye 	1171838	1442
yeh	1173280	8
yel	1173288	8
yem	1173296	355
yen	1173651	75
yeo	1173726	272
yeq	1173998	3
yer	1174001	15
yes	1174016	15
yev	1174031	20
yey	1174051	28
yf 	1174079	61
yfa	1174140	2
ygd	1174142	9
yge	1174151	9
ygh	1174160	25
ygu	1174185	17
yi 	1174202	21
yig	1174223	7
yik	1174230	7
yin	1174237	20
yiv	1174257	17
yja	1174274	37
yk 	1174311	16
yka	1174327	35
ykh	1174362	11
yki	1174373	14
yko	1174387	4
yku	1174391	18
yl 	1174409	16
yla	1174425	55
ylh	1174480	4
yll	1174484	30
ylo	1174514	9
ylv	1174523	67
ym 	1174590	16
yma	1174606	26
yme	1174632	6
ymi	1174638	3
ymk	1174641	1
ymo	1174642	5
yn 	1174647	6
yna	1174653	10
yne	1174663	100
yns	1174763	4
yo 	1174767	165
yob	1174932	18
yoc	1174950	5
yog	1174955	42
yok	1174997	4
yom	1175001	23
yon	1175024	26
yor	1175050	83
yot	1175133	38
you	1175171	4
yoz	1175175	14
yp 	1175189	621
ypr	1175810	621
ypt	1176431	165
yr 	1176596	82
yra	1176678	24
yrg	1176702	54
yri	1176756	75
yrs	1176831	4
ys 	1176835	207
ysa	1177042	13
yse	1177055	16
ysi	1177071	160
ysk	1177231	117
ysl	1177348	18
yso	1177366	5
yst	1177371	36
ysy	1177407	270
yt 	1177677	17
yta	1177694	10
yti	1177704	9
yto	1177713	4
yts	1177717	9
yu 	1177726	17
yub	1177743	4
yuc	1177747	106
yuk	1177853	9
yum	1177862	36
yun	1177898	23
yus	1177921	9
yut	1177930	24
yuy	1177954	11
yva	1177965	25
ywa	1177990	1
yy 	1177991	61
yyu	1178052	4
yz 	1178056	6
yzs	1178062	54
yzy	1178116	9
za 	1178125	998
zab	1179123	128
zac	1179251	90
zad	1179341	44
zaf	1179385	61
zag	1179446	100
zah	1179546	10
zai	1179556	6
zaj	1179562	5
zak	1179567	321
zal	1179888	50
zam	1179938	325
zan	1180263	331
zap	1180594	16
zaq	1180610	65
zar	1180675	91
zas	1180766	44
zat	1180810	13
zau	1180823	87
zav	1180910	54
zaw	1180964	3
zax	1180967	12
zb 	1180979	235
zbe	1181214	235
zbu	1181449	6
zce	1181455	8
zd 	1181463	10
zdi	1181473	28
ze 	1181501	224
zea	1181725	83
zec	1181808	112
zee	1181920	13
zeg	1181933	21
zek	1181954	30
zel	1181984	4
zem	1181988	59
zen	1182047	37
zer	1182084	287
zes	1182371	37
zet	1182408	14
zeu	1182422	5
zev	1182427	25
zga	1182452	32
zgr	1182484	7
zha	1182491	23
zhe	1182514	94
zhi	1182608	67
zho	1182675	9
zhs	1182684	62
zhu	1182746	14
zhy	1182760	4
zi 	1182764	46
zia	1182810	43
zib	1182853	6
zid	1182859	12
zie	1182871	23
zig	1182894	14
zil	1182908	5608
zim	1188516	72
zin	1188588	34
zio	1188622	11
zir	1188633	7
ziz	1188640	55
zja	1188695	11
zka	1188706	5
zki	1188711	24
zkr	1188735	21
zl 	1188756	83
zli	1188839	23
zm 	1188862	131
zmb	1188993	118
zmi	1189111	30
zni	1189141	19
zno	1189160	2
zo 	1189162	38
zoa	1189200	21
zol	1189221	9
zon	1189230	143
zor	1189373	11
zou	1189384	30
zov	1189414	1
zow	1189415	42
zpr	1189457	10
zre	1189467	5
zsk	1189472	6
zst	1189478	54
zte	1189532	6
zu 	1189538	66
zua	1189604	25
zue	1189629	360
zuf	1189989	10
zug	1189999	1
zui	1190000	50
zul	1190050	32
zuo	1190082	28
zup	1190110	555
zur	1190665	59
zvi	1190724	6
zw 	1190730	72
zwe	1190802	72
zyl	1190874	9
zys	1190883	14
zz 	1190897	23
zza	1190920	15
zzo	1190935	4
