002	1
003	29
005	16
009	2
011	6
013	17
014	7
015	8
017	9
018	10
019	3
021	18
029	19
030	20
034	21
035	22
039	25
053	11
054	12
057	13
061	14
142	4
143	23
145	24
150	5
151	26
154	27
155	28
202	30
419	31
africa	1
americas	3
asia	4
australasia	11
caribbean	19
central america	17
central asia	23
eastern africa	7
eastern asia	20
eastern europe	26
eu	32
europe	5
european union	32
eurozone	33
ez	33
latin america	31
melanesia	12
micronesian region	13
middle africa	9
north america	29
northern africa	8
northern america	18
northern europe	27
oceania	2
outlying oceania	15
polynesia	14
qo	15
south america	16
southeast asia	22
southern africa	10
southern asia	21
southern europe	25
sub-saharan africa	30
un	34
united nations	34
western africa	6
western asia	24
western europe	28
