adlm	1
afak	2
aghb	3
ahom	4
arab	5
aran	6
armi	7
armn	8
avst	9
bali	10
bamu	11
bass	12
batk	13
beng	14
berf	15
bhks	16
blis	17
bopo	18
brah	19
brai	20
bugi	21
buhd	22
cakm	23
cans	24
cari	25
cham	26
cher	27
chis	28
chrs	29
cirt	30
copt	31
cpmn	32
cprt	33
cyrl	34
cyrs	35
deva	36
diak	37
dogr	38
dsrt	39
dupl	40
egyd	41
egyh	42
egyp	43
elba	44
elym	45
ethi	46
gara	47
geok	48
geor	49
glag	50
gong	51
gonm	52
goth	53
gran	54
grek	55
gujr	56
gukh	57
guru	58
hanb	59
hang	60
hani	61
hano	62
hans	63
hant	64
hatr	65
hebr	66
hira	67
hluw	68
hmng	69
hmnp	70
hntl	71
hrkt	72
hung	73
inds	74
ital	75
jamo	76
java	77
jpan	78
jurc	79
kali	80
kana	81
kawi	82
khar	83
khmr	84
khoj	85
kitl	86
kits	87
knda	88
kore	89
kpel	90
krai	91
kthi	92
lana	93
laoo	94
latf	95
latg	96
latn	97
leke	98
lepc	99
limb	100
lina	101
linb	102
lisu	103
loma	104
lyci	105
lydi	106
mahj	107
maka	108
mand	109
mani	110
marc	111
maya	112
medf	113
mend	114
merc	115
mero	116
mlym	117
modi	118
mong	119
moon	120
mroo	121
mtei	122
mult	123
mymr	124
nagm	125
nand	126
narb	127
nbat	128
newa	129
nkdb	130
nkgb	131
nkoo	132
nshu	133
ogam	134
olck	135
onao	136
orkh	137
orya	138
osge	139
osma	140
ougr	141
palm	142
pauc	143
pcun	144
pelm	145
perm	146
phag	147
phli	148
phlp	149
phlv	150
phnx	151
piqd	152
plrd	153
prti	154
psin	155
qaaa	156
qabx	157
ranj	158
rjng	159
rohg	160
roro	161
runr	162
samr	163
sara	164
sarb	165
saur	166
seal	167
sgnw	168
shaw	169
shrd	170
shui	171
sidd	172
sidt	173
sind	174
sinh	175
sogd	176
sogo	177
sora	178
soyo	179
sund	180
sunu	181
sylo	182
syrc	183
syre	184
syrj	185
syrn	186
tagb	187
takr	188
tale	189
talu	190
taml	191
tang	192
tavt	193
tayo	194
telu	195
teng	196
tfng	197
tglg	198
thaa	199
thai	200
tibt	201
tirh	202
tnsa	203
todr	204
tols	205
toto	206
tutg	207
ugar	208
vaii	209
visp	210
vith	211
wara	212
wcho	213
wole	214
xpeo	215
xsux	216
yezi	217
yiii	218
zanb	219
zinh	220
zmth	221
zsye	222
zsym	223
zxxx	224
zyyy	225
zzzz	226
