15	144
16	145
20	216
30	215
40	208
50	43
60	42
70	41
80	68
85	130
90	112
95	168
100	116
101	115
103	155
105	165
106	127
109	29
115	151
116	106
120	197
123	163
124	7
125	66
126	142
127	65
128	45
130	154
131	148
132	149
133	150
134	9
135	183
136	186
137	185
138	184
139	110
140	109
141	176
142	177
143	141
145	119
159	128
160	5
161	6
164	47
165	132
166	1
167	160
170	199
175	137
176	73
180	173
192	217
200	55
201	25
202	105
204	31
206	53
210	75
211	162
212	134
215	97
216	96
217	95
218	120
219	139
220	34
221	35
225	50
226	44
227	146
228	211
229	204
230	8
239	3
240	49
241	48
250	39
258	15
259	12
260	140
261	135
262	212
263	143
264	121
265	113
274	181
275	203
280	210
281	169
282	153
283	213
284	76
285	18
286	60
287	89
288	87
290	196
291	30
292	164
293	152
294	206
295	125
296	136
298	28
299	205
300	19
302	172
303	158
305	83
310	58
311	126
312	51
313	52
314	107
315	36
316	182
317	92
318	174
319	170
320	56
321	188
322	85
323	123
324	118
325	14
326	202
327	138
328	38
329	179
330	201
331	147
332	111
333	129
334	16
335	99
336	100
337	122
338	4
339	219
340	195
341	207
342	37
343	54
344	166
345	88
346	191
347	117
348	175
349	23
350	124
351	93
352	200
353	189
354	190
355	84
356	94
357	80
358	26
359	193
360	10
361	77
362	180
363	159
364	98
365	13
366	108
367	21
368	82
370	198
371	62
372	22
373	187
380	194
396	91
397	57
398	178
399	103
400	101
401	102
402	32
403	33
410	67
411	81
412	72
413	78
420	131
430	46
435	11
436	90
437	104
438	114
439	2
440	24
445	27
450	69
451	70
460	218
470	209
480	214
499	133
500	61
501	63
502	64
503	59
504	71
505	86
510	79
520	192
530	171
550	17
570	20
590	167
610	74
620	161
755	40
900	156
949	157
993	222
994	220
995	221
996	223
997	224
998	225
999	226
