Adlam	Adlm	166	
Afaka	Afak	439	
Caucasian Albanian	Aghb	239	
Ahom, Tai Ahom	Ahom	338	Ahom
Arabic	Arab	160	Perso-Arabic
Arabic (Nastaliq variant)	Aran	161	Nastaliq
Imperial Aramaic	Armi	124	
Armenian	Armn	230	
Avestan	Avst	134	
Balinese	Bali	360	
Bamum	Bamu	435	
Bassa Vah	Bass	259	
Batak	Batk	365	
Bengali (Bangla)	Beng	325	Bangla
Beria Erfe	Berf	258	
Bhaiksuki	Bhks	334	
Blissymbols	Blis	550	
Bopomofo	Bopo	285	
Brahmi	Brah	300	
Braille	Brai	570	
Buginese	Bugi	367	
Buhid	Buhd	372	
Chakma	Cakm	349	
Unified Canadian Aboriginal Syllabics	Cans	440	UCAS
Carian	Cari	201	
Cham	Cham	358	
Cherokee	Cher	445	
Chisoi	Chis	298	
Chorasmian	Chrs	109	
Cirth	Cirt	291	
Coptic	Copt	204	
Cypro-Minoan	Cpmn	402	
Cypriot syllabary	Cprt	403	Cypriot
Cyrillic	Cyrl	220	
Cyrillic (Old Church Slavonic variant)	Cyrs	221	Old Church Slavonic Cyrillic
Devanagari (Nagari)	Deva	315	Devanagari
Dives Akuru	Diak	342	
Dogra	Dogr	328	
Deseret (Mormon)	Dsrt	250	Deseret
Duployan shorthand, Duployan stenography	Dupl	755	Duployan shorthand
Egyptian demotic	Egyd	70	
Egyptian hieratic	Egyh	60	
Egyptian hieroglyphs	Egyp	50	
Elbasan	Elba	226	
Elymaic	Elym	128	
Ethiopic (Geʻez)	Ethi	430	Ethiopic
Garay	Gara	164	
Khutsuri (Asomtavruli and Nuskhuri)	Geok	241	Georgian Khutsuri
Georgian (Mkhedruli and Mtavruli)	Geor	240	Georgian
Glagolitic	Glag	225	
Gunjala Gondi	Gong	312	
Masaram Gondi	Gonm	313	
Gothic	Goth	206	
Grantha	Gran	343	
Greek	Grek	200	
Gujarati	Gujr	320	
Gurung Khema	Gukh	397	
Gurmukhi	Guru	310	
Han with Bopomofo (alias for Han + Bopomofo)	Hanb	503	Han with Bopomofo
Hangul (Hangŭl, Hangeul)	Hang	286	Hangul
Han (Hanzi, Kanji, Hanja)	Hani	500	Han
Hanunoo (Hanunóo)	Hano	371	Hanunoo
Han (Simplified variant)	Hans	501	Simplified|Simplified Han
Han (Traditional variant)	Hant	502	Traditional|Traditional Han
Hatran	Hatr	127	
Hebrew	Hebr	125	
Hiragana	Hira	410	
Anatolian Hieroglyphs (Luwian Hieroglyphs, Hittite Hieroglyphs)	Hluw	80	Anatolian Hieroglyphs
Pahawh Hmong	Hmng	450	
Nyiakeng Puachue Hmong	Hmnp	451	
Han (Traditional variant) with Latin (alias for Hant + Latn)	Hntl	504	
Japanese syllabaries (alias for Hiragana + Katakana)	Hrkt	412	Japanese syllabaries
Old Hungarian (Hungarian Runic)	Hung	176	Old Hungarian
Indus (Harappan)	Inds	610	Indus
Old Italic (Etruscan, Oscan, etc.)	Ital	210	Old Italic
Jamo (alias for Jamo subset of Hangul)	Jamo	284	Jamo
Javanese	Java	361	
Japanese (alias for Han + Hiragana + Katakana)	Jpan	413	Japanese
Jurchen	Jurc	510	
Kayah Li	Kali	357	
Katakana	Kana	411	
Kawi	Kawi	368	
Kharoshthi	Khar	305	
Khmer	Khmr	355	
Khojki	Khoj	322	
Khitan large script	Kitl	505	
Khitan small script	Kits	288	
Kannada	Knda	345	
Korean (alias for Hangul + Han)	Kore	287	Korean
Kpelle	Kpel	436	
Kirat Rai	Krai	396	
Kaithi	Kthi	317	
Tai Tham (Lanna)	Lana	351	Lanna
Lao	Laoo	356	
Latin (Fraktur variant)	Latf	217	Fraktur Latin
Latin (Gaelic variant)	Latg	216	Gaelic Latin
Latin	Latn	215	
Leke	Leke	364	
Lepcha (Róng)	Lepc	335	Lepcha
Limbu	Limb	336	
Linear A	Lina	400	
Linear B	Linb	401	
Lisu (Fraser)	Lisu	399	Fraser
Loma	Loma	437	
Lycian	Lyci	202	
Lydian	Lydi	116	
Mahajani	Mahj	314	
Makasar	Maka	366	
Mandaic, Mandaean	Mand	140	Mandaean
Manichaean	Mani	139	
Marchen	Marc	332	
Mayan hieroglyphs	Maya	90	
Medefaidrin (Oberi Okaime, Oberi Ɔkaimɛ)	Medf	265	Medefaidrin
Mende Kikakui	Mend	438	Mende
Meroitic Cursive	Merc	101	
Meroitic Hieroglyphs	Mero	100	Meroitic
Malayalam	Mlym	347	
Modi, Moḍī	Modi	324	Modi
Mongolian	Mong	145	
Moon (Moon code, Moon script, Moon type)	Moon	218	Moon
Mro, Mru	Mroo	264	Mro
Meitei Mayek (Meithei, Meetei)	Mtei	337	Meitei Mayek
Multani	Mult	323	
Myanmar (Burmese)	Mymr	350	Myanmar
Nag Mundari	Nagm	295	
Nandinagari	Nand	311	
Old North Arabian (Ancient North Arabian)	Narb	106	Old North Arabian
Nabataean	Nbat	159	
Newa, Newar, Newari, Nepāla lipi	Newa	333	Newa
Naxi Dongba (na²¹ɕi³³ to³³ba²¹, Nakhi Tomba)	Nkdb	85	
Naxi Geba (na²¹ɕi³³ gʌ²¹ba²¹, 'Na-'Khi ²Ggŏ-¹baw, Nakhi Geba)	Nkgb	420	Naxi Geba
N’Ko	Nkoo	165	
Nüshu	Nshu	499	
Ogham	Ogam	212	
Ol Chiki (Ol Cemet’, Ol, Santali)	Olck	261	Ol Chiki
Ol Onal	Onao	296	
Old Turkic, Orkhon Runic	Orkh	175	Orkhon
Oriya (Odia)	Orya	327	Odia
Osage	Osge	219	
Osmanya	Osma	260	
Old Uyghur	Ougr	143	
Palmyrene	Palm	126	
Pau Cin Hau	Pauc	263	
Proto-Cuneiform	Pcun	15	
Proto-Elamite	Pelm	16	
Old Permic	Perm	227	
Phags-pa	Phag	331	
Inscriptional Pahlavi	Phli	131	
Psalter Pahlavi	Phlp	132	
Book Pahlavi	Phlv	133	
Phoenician	Phnx	115	
Klingon (KLI pIqaD)	Piqd	293	
Miao (Pollard)	Plrd	282	Pollard Phonetic
Inscriptional Parthian	Prti	130	
Proto-Sinaitic	Psin	103	
Reserved for private use (start)	Qaaa	900	
Reserved for private use (end)	Qabx	949	
Ranjana	Ranj	303	
Rejang (Redjang, Kaganga)	Rjng	363	Rejang
Hanifi Rohingya	Rohg	167	Hanifi
Rongorongo	Roro	620	
Runic	Runr	211	
Samaritan	Samr	123	
Sarati	Sara	292	
Old South Arabian	Sarb	105	
Saurashtra	Saur	344	Sourashtra
(Small) Seal	Seal	590	
SignWriting	Sgnw	95	
Shavian (Shaw)	Shaw	281	Shavian
Sharada, Śāradā	Shrd	319	Sharada
Shuishu	Shui	530	
Siddham, Siddhaṃ, Siddhamātṛkā	Sidd	302	Siddham
Sidetic	Sidt	180	
Khudawadi, Sindhi	Sind	318	Khudawadi
Sinhala	Sinh	348	
Sogdian	Sogd	141	
Old Sogdian	Sogo	142	
Sora Sompeng	Sora	398	
Soyombo	Soyo	329	
Sundanese	Sund	362	
Sunuwar	Sunu	274	
Syloti Nagri	Sylo	316	
Syriac	Syrc	135	
Syriac (Estrangelo variant)	Syre	138	Estrangelo Syriac
Syriac (Western variant)	Syrj	137	Western Syriac
Syriac (Eastern variant)	Syrn	136	Eastern Syriac
Tagbanwa	Tagb	373	
Takri, Ṭākrī, Ṭāṅkrī	Takr	321	Takri
Tai Le	Tale	353	
New Tai Lue	Talu	354	
Tamil	Taml	346	
Tangut	Tang	520	
Tai Viet	Tavt	359	
Tai Yo	Tayo	380	
Telugu	Telu	340	
Tengwar	Teng	290	
Tifinagh (Berber)	Tfng	120	Tifinagh
Tagalog (Baybayin, Alibata)	Tglg	370	Tagalog
Thaana	Thaa	170	
Thai	Thai	352	
Tibetan	Tibt	330	
Tirhuta	Tirh	326	
Tangsa	Tnsa	275	
Todhri	Todr	229	
Tolong Siki	Tols	299	
Toto	Toto	294	
Tulu-Tigalari	Tutg	341	
Ugaritic	Ugar	40	
Vai	Vaii	470	
Visible Speech	Visp	280	
Vithkuqi	Vith	228	
Warang Citi (Varang Kshiti)	Wara	262	Varang Kshiti
Wancho	Wcho	283	
Woleai	Wole	480	
Old Persian	Xpeo	30	
Cuneiform, Sumero-Akkadian	Xsux	20	S-A Cuneiform|Sumero-Akkadian Cuneiform
Yezidi	Yezi	192	
Yi	Yiii	460	
Zanabazar Square (Zanabazarin Dörböljin Useg, Xewtee Dörböljin Bicig, Horizontal Square Script)	Zanb	339	Zanabazar Square
Code for inherited script	Zinh	994	Inherited
Mathematical notation	Zmth	995	
Symbols (Emoji variant)	Zsye	993	Emoji
Symbols	Zsym	996	
Code for unwritten documents	Zxxx	997	Unwritten
Code for undetermined script	Zyyy	998	Common
Code for uncoded script	Zzzz	999	Unknown Script
