UAE Dirham	AED	784
Afghani	AFN	971
Lek	ALL	8
Armenian Dram	AMD	51
Kwanza	AOA	973
Argentine Peso	ARS	32
Australian Dollar	AUD	36
Aruban Florin	AWG	533
Azerbaijan Manat	AZN	944
Convertible Mark	BAM	977
Barbados Dollar	BBD	52
Taka	BDT	50
Bahraini Dinar	BHD	48
Burundi Franc	BIF	108
Bermudian Dollar	BMD	60
Brunei Dollar	BND	96
Boliviano	BOB	68
Mvdol	BOV	984
Brazilian Real	BRL	986
Bahamian Dollar	BSD	44
Ngultrum	BTN	64
Pula	BWP	72
Belarusian Ruble	BYN	933
Belize Dollar	BZD	84
Canadian Dollar	CAD	124
Congolese Franc	CDF	976
WIR Euro	CHE	947
Swiss Franc	CHF	756
WIR Franc	CHW	948
Unidad de Fomento	CLF	990
Chilean Peso	CLP	152
Yuan Renminbi	CNY	156
Colombian Peso	COP	170
Unidad de Valor Real	COU	970
Costa Rican Colon	CRC	188
Cuban Peso	CUP	192
Cabo Verde Escudo	CVE	132
Czech Koruna	CZK	203
Djibouti Franc	DJF	262
Danish Krone	DKK	208
Dominican Peso	DOP	214
Algerian Dinar	DZD	12
Egyptian Pound	EGP	818
Nakfa	ERN	232
Ethiopian Birr	ETB	230
Euro	EUR	978
Fiji Dollar	FJD	242
Falkland Islands Pound	FKP	238
Pound Sterling	GBP	826
Lari	GEL	981
Ghana Cedi	GHS	936
Gibraltar Pound	GIP	292
Dalasi	GMD	270
Guinean Franc	GNF	324
Quetzal	GTQ	320
Guyana Dollar	GYD	328
Hong Kong Dollar	HKD	344
Lempira	HNL	340
Gourde	HTG	332
Forint	HUF	348
Rupiah	IDR	360
New Israeli Sheqel	ILS	376
Indian Rupee	INR	356
Iraqi Dinar	IQD	368
Iranian Rial	IRR	364
Iceland Krona	ISK	352
Jamaican Dollar	JMD	388
Jordanian Dinar	JOD	400
Yen	JPY	392
Kenyan Shilling	KES	404
Som	KGS	417
Riel	KHR	116
Comorian Franc	KMF	174
North Korean Won	KPW	408
Won	KRW	410
Kuwaiti Dinar	KWD	414
Cayman Islands Dollar	KYD	136
Tenge	KZT	398
Lao Kip	LAK	418
Lebanese Pound	LBP	422
Sri Lanka Rupee	LKR	144
Liberian Dollar	LRD	430
Loti	LSL	426
Libyan Dinar	LYD	434
Moroccan Dirham	MAD	504
Moldovan Leu	MDL	498
Malagasy Ariary	MGA	969
Denar	MKD	807
Kyat	MMK	104
Tugrik	MNT	496
Pataca	MOP	446
Ouguiya	MRU	929
Mauritius Rupee	MUR	480
Rufiyaa	MVR	462
Malawi Kwacha	MWK	454
Mexican Peso	MXN	484
Mexican Unidad de Inversion (UDI)	MXV	979
Malaysian Ringgit	MYR	458
Mozambique Metical	MZN	943
Namibia Dollar	NAD	516
Naira	NGN	566
Cordoba Oro	NIO	558
Norwegian Krone	NOK	578
Nepalese Rupee	NPR	524
New Zealand Dollar	NZD	554
Rial Omani	OMR	512
Balboa	PAB	590
Sol	PEN	604
Kina	PGK	598
Philippine Peso	PHP	608
Pakistan Rupee	PKR	586
Zloty	PLN	985
Guarani	PYG	600
Qatari Rial	QAR	634
Romanian Leu	RON	946
Serbian Dinar	RSD	941
Russian Ruble	RUB	643
Rwanda Franc	RWF	646
Saudi Riyal	SAR	682
Solomon Islands Dollar	SBD	90
Seychelles Rupee	SCR	690
Sudanese Pound	SDG	938
Swedish Krona	SEK	752
Singapore Dollar	SGD	702
Saint Helena Pound	SHP	654
Leone	SLE	925
Somali Shilling	SOS	706
Surinam Dollar	SRD	968
South Sudanese Pound	SSP	728
Dobra	STN	930
El Salvador Colon	SVC	222
Syrian Pound	SYP	760
Lilangeni	SZL	748
Baht	THB	764
Somoni	TJS	972
Turkmenistan New Manat	TMT	934
Tunisian Dinar	TND	788
Pa’anga	TOP	776
Turkish Lira	TRY	949
Trinidad and Tobago Dollar	TTD	780
New Taiwan Dollar	TWD	901
Tanzanian Shilling	TZS	834
Hryvnia	UAH	980
Uganda Shilling	UGX	800
US Dollar	USD	840
US Dollar (Next day)	USN	997
Uruguay Peso en Unidades Indexadas (UI)	UYI	940
Peso Uruguayo	UYU	858
Unidad Previsional	UYW	927
Uzbekistan Sum	UZS	860
Bolívar Soberano	VED	926
Bolívar Soberano	VES	928
Dong	VND	704
Vatu	VUV	548
Tala	WST	882
Arab Accounting Dinar	XAD	396
CFA Franc BEAC	XAF	950
Silver	XAG	961
Gold	XAU	959
Bond Markets Unit European Composite Unit (EURCO)	XBA	955
Bond Markets Unit European Monetary Unit (E.M.U.-6)	XBB	956
Bond Markets Unit European Unit of Account 9 (E.U.A.-9)	XBC	957
Bond Markets Unit European Unit of Account 17 (E.U.A.-17)	XBD	958
East Caribbean Dollar	XCD	951
Caribbean Guilder	XCG	532
SDR (Special Drawing Right)	XDR	960
CFA Franc BCEAO	XOF	952
Palladium	XPD	964
CFP Franc	XPF	953
Platinum	XPT	962
Sucre	XSU	994
Codes specifically reserved for testing purposes	XTS	963
ADB Unit of Account	XUA	965
The codes assigned for transactions where no currency is involved	XXX	999
Yemeni Rial	YER	886
Rand	ZAR	710
Zambian Kwacha	ZMW	967
Zimbabwe Gold	ZWG	924
