8	3
12	42
32	6
36	7
44	20
48	13
50	12
51	4
52	11
60	15
64	21
68	17
72	22
84	24
90	120
96	16
104	89
108	14
116	72
124	25
132	37
136	77
144	81
152	31
156	32
170	33
174	73
188	35
192	36
203	38
208	40
214	41
222	131
230	45
232	44
238	48
242	47
262	39
270	53
292	52
320	55
324	54
328	56
332	59
340	58
344	57
348	60
352	66
356	63
360	61
364	65
368	64
376	62
388	67
392	69
396	156
398	78
400	68
404	70
408	74
410	75
414	76
417	71
418	79
422	80
426	83
430	82
434	84
446	91
454	95
458	98
462	94
480	93
484	96
496	90
498	86
504	85
512	106
516	100
524	104
532	165
533	8
548	154
554	105
558	102
566	101
578	103
586	111
590	107
598	109
600	113
604	108
608	110
634	114
643	117
646	118
654	125
682	119
690	121
702	124
704	153
706	127
710	176
728	129
748	133
752	123
756	28
760	132
764	134
776	138
780	140
784	1
788	137
800	144
807	88
818	43
826	49
834	142
840	145
858	148
860	150
882	155
886	175
901	141
924	178
925	126
926	151
927	149
928	152
929	92
930	130
933	23
934	136
936	51
938	122
940	147
941	116
943	99
944	9
946	115
947	27
948	29
949	139
950	157
951	164
952	167
953	169
955	160
956	161
957	162
958	163
959	159
960	166
961	158
962	170
963	172
964	168
965	173
967	177
968	128
969	87
970	34
971	2
972	135
973	5
976	26
977	10
978	46
979	97
980	143
981	50
984	18
985	112
986	19
990	30
994	171
997	146
999	174
