aed	1
afn	2
all	3
amd	4
aoa	5
ars	6
aud	7
awg	8
azn	9
bam	10
bbd	11
bdt	12
bhd	13
bif	14
bmd	15
bnd	16
bob	17
bov	18
brl	19
bsd	20
btn	21
bwp	22
byn	23
bzd	24
cad	25
cdf	26
che	27
chf	28
chw	29
clf	30
clp	31
cny	32
cop	33
cou	34
crc	35
cup	36
cve	37
czk	38
djf	39
dkk	40
dop	41
dzd	42
egp	43
ern	44
etb	45
eur	46
fjd	47
fkp	48
gbp	49
gel	50
ghs	51
gip	52
gmd	53
gnf	54
gtq	55
gyd	56
hkd	57
hnl	58
htg	59
huf	60
idr	61
ils	62
inr	63
iqd	64
irr	65
isk	66
jmd	67
jod	68
jpy	69
kes	70
kgs	71
khr	72
kmf	73
kpw	74
krw	75
kwd	76
kyd	77
kzt	78
lak	79
lbp	80
lkr	81
lrd	82
lsl	83
lyd	84
mad	85
mdl	86
mga	87
mkd	88
mmk	89
mnt	90
mop	91
mru	92
mur	93
mvr	94
mwk	95
mxn	96
mxv	97
myr	98
mzn	99
nad	100
ngn	101
nio	102
nok	103
npr	104
nzd	105
omr	106
pab	107
pen	108
pgk	109
php	110
pkr	111
pln	112
pyg	113
qar	114
ron	115
rsd	116
rub	117
rwf	118
sar	119
sbd	120
scr	121
sdg	122
sek	123
sgd	124
shp	125
sle	126
sos	127
srd	128
ssp	129
stn	130
svc	131
syp	132
szl	133
thb	134
tjs	135
tmt	136
tnd	137
top	138
try	139
ttd	140
twd	141
tzs	142
uah	143
ugx	144
usd	145
usn	146
uyi	147
uyu	148
uyw	149
uzs	150
ved	151
ves	152
vnd	153
vuv	154
wst	155
xad	156
xaf	157
xag	158
xau	159
xba	160
xbb	161
xbc	162
xbd	163
xcd	164
xcg	165
xdr	166
xof	167
xpd	168
xpf	169
xpt	170
xsu	171
xts	172
xua	173
xxx	174
yer	175
zar	176
zmw	177
zwg	178
