  1	0	17
  2	17	1
  3	18	2
  4	20	2
  6	22	1
  7	23	3
  8	26	1
  9	27	3
  a	30	709
  b	739	777
  c	1516	597
  d	2113	396
  e	2509	254
  f	2763	126
  g	2889	432
  h	3321	254
  i	3575	284
  j	3859	136
  k	3995	947
  l	4942	610
  m	5552	1088
  n	6640	747
  o	7387	234
  p	7621	515
  q	8136	78
  r	8214	196
  s	8410	969
  t	9379	706
  u	10085	157
  v	10242	90
  w	10332	342
  x	10674	30
  y	10704	244
  z	10948	150
  ǀ	11098	2
  ǁ	11100	3
  ǂ	11103	2
  ǃ	11105	1
 1 	11106	1
 10	11107	4
 11	11111	2
 12	11113	2
 13	11115	1
 14	11116	5
 15	11121	5
 16	11126	2
 18	11128	1
 19	11129	1
 20	11130	1
 30	11131	1
 3r	11132	1
 40	11133	1
 45	11134	1
 60	11135	1
 70	11136	2
 75	11138	1
 84	11139	1
 90	11140	2
 9t	11142	1
 a 	11143	16
 aa	11159	3
 ab	11162	31
 ac	11193	14
 ad	11207	23
 ae	11230	6
 af	11236	18
 ag	11254	31
 ah	11285	11
 ai	11296	17
 aj	11313	6
 ak	11319	36
 al	11355	64
 am	11419	57
 an	11476	95
 ao	11571	3
 ap	11574	23
 aq	11597	1
 ar	11598	123
 as	11721	33
 at	11754	32
 au	11786	21
 av	11807	9
 aw	11816	29
 ax	11845	2
 ay	11847	22
 az	11869	6
 b 	11875	3
 ba	11878	287
 bc	12165	2
 be	12167	89
 bh	12256	18
 bi	12274	102
 bl	12376	9
 bo	12385	115
 br	12500	32
 bu	12532	116
 bw	12648	13
 by	12661	2
 c 	12663	2
 ca	12665	111
 ce	12776	69
 ch	12845	231
 ci	13076	14
 cl	13090	10
 co	13100	89
 cr	13189	55
 cu	13244	22
 cw	13266	1
 cy	13267	1
 cz	13268	2
 d 	13270	7
 da	13277	97
 de	13374	68
 dg	13442	1
 dh	13443	20
 di	13463	54
 dj	13517	13
 do	13530	74
 dr	13604	2
 du	13606	54
 dw	13660	1
 dy	13661	7
 dz	13668	7
 e 	13675	8
 ea	13683	67
 eb	13750	5
 ec	13755	1
 ed	13756	14
 ef	13770	6
 eg	13776	6
 eh	13782	2
 ei	13784	2
 ej	13786	3
 ek	13789	7
 el	13796	18
 em	13814	16
 en	13830	42
 ep	13872	5
 eq	13877	2
 er	13879	11
 es	13890	14
 et	13904	14
 eu	13918	4
 ev	13922	4
 ew	13926	3
 ex	13929	1
 ey	13930	1
 ez	13931	1
 fa	13932	33
 fe	13965	7
 fi	13972	16
 fl	13988	6
 fo	13994	14
 fr	14008	28
 fu	14036	19
 fw	14055	2
 fy	14057	2
 ga	14059	97
 gb	14156	30
 ge	14186	41
 gh	14227	19
 gi	14246	27
 gl	14273	3
 gn	14276	1
 go	14277	43
 gr	14320	26
 gu	14346	137
 gv	14483	1
 gw	14484	9
 gy	14493	3
 ha	14496	69
 hd	14565	1
 he	14566	17
 hi	14583	45
 hk	14628	1
 hl	14629	3
 hm	14632	20
 hn	14652	1
 ho	14653	31
 hp	14684	1
 hr	14685	3
 hs	14688	1
 hu	14689	63
 hw	14752	1
 hy	14753	3
 i 	14756	6
 ia	14762	4
 ib	14766	12
 ic	14778	5
 id	14783	12
 if	14795	6
 ig	14801	8
 ih	14809	3
 ii	14812	2
 ij	14814	2
 ik	14816	16
 il	14832	11
 im	14843	5
 in	14848	82
 io	14930	1
 ip	14931	4
 iq	14935	1
 ir	14936	21
 is	14957	36
 it	14993	21
 iu	15014	2
 iv	15016	6
 iw	15022	5
 ix	15027	6
 iy	15033	5
 iz	15038	5
 ja	15043	49
 je	15092	18
 jh	15110	1
 ji	15111	21
 jj	15132	1
 jo	15133	10
 ju	15143	35
 jw	15178	1
 k 	15179	2
 ka	15181	351
 ke	15532	78
 kg	15610	1
 kh	15611	58
 ki	15669	69
 kl	15738	7
 km	15745	1
 kn	15746	2
 ko	15748	166
 kp	15914	12
 kq	15926	1
 kr	15927	23
 ku	15950	144
 kv	16094	1
 kw	16095	38
 kx	16133	1
 ky	16134	7
 la	16141	335
 le	16476	63
 lh	16539	5
 li	16544	67
 lo	16611	84
 lu	16695	58
 lw	16753	2
 ly	16755	4
 ma	16759	507
 mb	17266	53
 me	17319	86
 mf	17405	2
 mg	17407	1
 mi	17408	182
 ml	17590	4
 mm	17594	2
 mn	17596	3
 mo	17599	144
 mp	17743	9
 mr	17752	2
 ms	17754	1
 mt	17755	2
 mu	17757	88
 mv	17845	3
 mw	17848	9
 my	17857	8
 mz	17865	1
 n 	17866	1
 na	17867	193
 nc	18060	2
 nd	18062	39
 ne	18101	73
 ng	18174	91
 nh	18265	6
 ni	18271	70
 nj	18341	6
 nk	18347	12
 nn	18359	1
 no	18360	163
 ns	18523	6
 nt	18529	4
 nu	18533	38
 ny	18571	55
 nz	18626	6
 nǁ	18632	1
 o 	18633	8
 oa	18641	4
 ob	18645	7
 oc	18652	5
 od	18657	8
 oe	18665	1
 of	18666	18
 og	18684	5
 oh	18689	2
 oi	18691	4
 oj	18695	7
 ok	18702	16
 ol	18718	49
 om	18767	11
 on	18778	18
 oo	18796	1
 op	18797	2
 or	18799	29
 os	18828	10
 ot	18838	19
 ou	18857	5
 ow	18862	3
 oy	18865	4
 oz	18869	2
 pa	18871	221
 pe	19092	50
 pf	19142	1
 ph	19143	39
 pi	19182	59
 pl	19241	7
 pn	19248	1
 po	19249	65
 pr	19314	14
 ps	19328	1
 pu	19329	55
 pw	19384	6
 py	19390	5
 q 	19395	2
 qa	19397	7
 qi	19404	8
 qu	19412	61
 ra	19473	48
 re	19521	54
 ri	19575	22
 rm	19597	1
 ro	19598	43
 ru	19641	26
 rw	19667	2
 s 	19669	4
 sa	19673	233
 sc	19906	5
 se	19911	107
 sh	20018	64
 si	20082	255
 sk	20337	5
 sl	20342	8
 sm	20350	2
 sn	20352	1
 so	20353	197
 sp	20550	7
 sq	20557	1
 sr	20558	4
 st	20562	20
 su	20582	76
 sv	20658	1
 sw	20659	17
 sy	20676	4
 t 	20680	2
 ta	20682	232
 tb	20914	1
 tc	20915	2
 te	20917	103
 th	21020	37
 ti	21057	65
 tj	21122	3
 tl	21125	14
 to	21139	104
 tr	21243	23
 ts	21266	30
 tu	21296	89
 tw	21385	5
 ty	21390	2
 tz	21392	3
 u 	21395	2
 ua	21397	3
 ub	21400	5
 uc	21405	3
 ud	21408	5
 ue	21413	1
 uf	21414	1
 ug	21415	7
 uh	21422	1
 ui	21423	3
 uj	21426	1
 uk	21427	12
 ul	21439	7
 um	21446	18
 un	21464	18
 up	21482	14
 ur	21496	28
 us	21524	12
 ut	21536	6
 uu	21542	1
 uv	21543	2
 uw	21545	1
 uy	21546	4
 uz	21550	6
 va	21556	38
 ve	21594	16
 vi	21610	20
 vl	21630	3
 vo	21633	7
 vu	21640	5
 vw	21645	1
 wa	21646	165
 we	21811	96
 wh	21907	3
 wi	21910	25
 wo	21935	30
 wr	21965	1
 wu	21966	21
 wy	21987	2
 xa	21989	9
 xe	21998	2
 xh	22000	1
 xi	22001	12
 xo	22013	2
 xu	22015	1
 xw	22016	3
 ya	22019	127
 ye	22146	23
 yi	22169	28
 yo	22197	29
 yu	22226	37
 yw	22263	1
 za	22264	88
 ze	22352	11
 zh	22363	22
 zi	22385	9
 zo	22394	11
 zu	22405	9
 zw	22414	1
 zy	22415	2
 ǀg	22417	1
 ǀx	22418	1
 ǁa	22419	1
 ǁg	22420	1
 ǁx	22421	1
 ǂh	22422	1
 ǂu	22423	1
 ǃx	22424	1
00 	22425	15
050	22440	3
0th	22443	1
100	22444	2
105	22446	3
10t	22449	1
110	22450	2
120	22452	2
135	22454	1
140	22455	3
145	22458	2
150	22460	5
160	22465	1
16t	22466	1
185	22467	1
192	22468	1
200	22469	2
28 	22471	1
300	22472	1
350	22473	1
3rd	22474	1
400	22475	4
42 	22479	1
450	22480	1
453	22481	2
50 	22483	5
500	22488	5
53 	22493	2
600	22495	2
6th	22497	1
700	22498	2
750	22500	1
842	22501	1
850	22502	1
900	22503	2
928	22505	1
9th	22506	1
aa 	22507	21
aab	22528	3
aac	22531	2
aad	22533	1
aaf	22534	2
aag	22536	1
aai	22537	4
aak	22541	6
aal	22547	11
aam	22558	18
aan	22576	22
aap	22598	2
aar	22600	10
aas	22610	7
aat	22617	6
aay	22623	6
ab 	22629	3
aba	22632	91
abe	22723	15
abh	22738	1
abi	22739	66
abk	22805	1
abl	22806	3
abn	22809	2
abo	22811	22
abr	22833	7
abt	22840	1
abu	22841	34
abw	22875	7
aby	22882	2
ac 	22884	16
aca	22900	43
acc	22943	3
ace	22946	6
acg	22952	1
ach	22953	54
aci	23007	12
ack	23019	1
acl	23020	1
aco	23021	14
acr	23035	8
act	23043	1
acu	23044	5
ad 	23049	17
ada	23066	51
add	23117	4
ade	23121	15
adg	23136	1
adh	23137	7
adi	23144	48
adj	23192	11
adl	23203	1
adn	23204	1
ado	23205	17
adr	23222	6
ads	23228	1
adu	23229	12
ady	23241	4
adz	23245	3
ae 	23248	15
aea	23263	6
aeg	23269	1
aek	23270	9
ael	23279	6
aen	23285	2
aep	23287	1
aeq	23288	1
aer	23289	4
aes	23293	1
aet	23294	2
aew	23296	1
aey	23297	2
aez	23299	1
af 	23300	1
afa	23301	12
afe	23313	5
aff	23318	1
afg	23319	1
afi	23320	7
afl	23327	1
afo	23328	5
afr	23333	16
afs	23349	1
afu	23350	3
afw	23353	1
ag 	23354	13
aga	23367	137
agb	23504	8
agd	23512	3
age	23515	188
agg	23703	1
agh	23704	20
agi	23724	19
agl	23743	1
agn	23744	4
ago	23748	23
agp	23771	1
agr	23772	2
agt	23774	11
agu	23785	35
agv	23820	1
agw	23821	6
agy	23827	1
ah 	23828	27
aha	23855	52
ahe	23907	5
ahg	23912	2
ahi	23914	17
ahk	23931	1
ahl	23932	3
ahm	23935	2
ahn	23937	4
aho	23941	11
ahr	23952	2
ahs	23954	1
aht	23955	3
ahu	23958	69
ahw	24027	1
ahy	24028	1
ai 	24029	161
aia	24190	11
aib	24201	4
aic	24205	18
aid	24223	12
aie	24235	1
aif	24236	1
aig	24237	4
aii	24241	3
aij	24244	3
aik	24247	11
ail	24258	8
aim	24266	17
ain	24283	37
aio	24320	4
aip	24324	6
aiq	24330	1
air	24331	17
ais	24348	8
ait	24356	18
aiu	24374	2
aiv	24376	4
aiw	24380	10
aiy	24390	2
aiz	24392	3
aiǁ	24395	1
aj 	24396	2
aja	24398	28
ajb	24426	1
ajd	24427	1
aje	24428	8
ajh	24436	3
aji	24439	9
ajj	24448	1
ajo	24449	6
ajp	24455	1
aju	24456	10
ajy	24466	1
ak 	24467	76
aka	24543	116
akc	24659	1
akd	24660	1
ake	24661	15
akf	24676	1
akg	24677	1
akh	24678	27
aki	24705	25
akk	24730	6
akl	24736	2
akm	24738	1
akn	24739	2
ako	24741	26
akp	24767	4
akr	24771	5
aks	24776	2
akt	24778	2
aku	24780	29
akw	24809	10
aky	24819	3
al 	24822	168
ala	24990	235
alb	25225	12
alc	25237	4
ald	25241	3
ale	25244	54
alf	25298	1
alg	25299	9
alh	25308	2
ali	25310	138
alk	25448	9
all	25457	29
alm	25486	5
aln	25491	1
alo	25492	39
alp	25531	6
als	25537	3
alt	25540	25
alu	25565	42
alv	25607	5
aly	25612	5
am 	25617	85
ama	25702	171
amb	25873	116
amd	25989	3
ame	25992	52
amg	26044	2
amh	26046	3
ami	26049	68
amj	26117	1
amk	26118	3
aml	26121	2
amm	26123	5
amn	26128	5
amo	26133	37
amp	26170	24
amr	26194	3
ams	26197	7
amt	26204	10
amu	26214	31
amv	26245	3
amw	26248	5
amy	26253	1
amz	26254	1
an 	26255	753
ana	27008	174
anb	27182	5
anc	27187	33
and	27220	196
ane	27416	56
anf	27472	2
ang	27474	555
anh	28029	10
ani	28039	180
anj	28219	22
ank	28241	36
anl	28277	1
anm	28278	8
ann	28286	11
ano	28297	82
anp	28379	1
anq	28380	1
anr	28381	1
ans	28382	18
ant	28400	71
anu	28471	44
anv	28515	1
anw	28516	5
anx	28521	1
any	28522	23
anz	28545	18
ao 	28563	66
aod	28629	1
aoh	28630	1
aoj	28631	1
aol	28632	1
aom	28633	1
aon	28634	10
aop	28644	2
aor	28646	4
aos	28650	4
aot	28654	2
aou	28656	2
ap 	28658	14
apa	28672	69
ape	28741	13
aph	28754	2
api	28756	19
apm	28775	4
apo	28779	81
app	28860	2
apr	28862	4
apt	28866	3
apu	28869	56
apw	28925	1
apy	28926	1
aq 	28927	10
aqa	28937	2
aqc	28939	1
aqe	28940	1
aqi	28941	1
aqt	28942	1
aqu	28943	7
aqw	28950	1
ar 	28951	110
ara	29061	269
arb	29330	11
arc	29341	5
ard	29346	31
are	29377	71
arf	29448	1
arg	29449	18
arh	29467	7
ari	29474	212
arj	29686	3
ark	29689	15
arl	29704	17
arm	29721	11
arn	29732	8
aro	29740	47
arp	29787	4
arq	29791	3
arr	29794	39
ars	29833	10
art	29843	16
aru	29859	53
arv	29912	1
arw	29913	7
ary	29920	9
arz	29929	3
as 	29932	53
asa	29985	52
asb	30037	2
asc	30039	12
ase	30051	13
asg	30064	1
ash	30065	52
asi	30117	27
ask	30144	11
asl	30155	1
asm	30156	16
asn	30172	1
aso	30173	7
asp	30180	1
asq	30181	2
ass	30183	32
ast	30215	101
asu	30316	21
asy	30337	12
at 	30349	49
ata	30398	93
atb	30491	3
atc	30494	5
ate	30499	60
atg	30559	1
ath	30560	17
ati	30577	69
atj	30646	6
atk	30652	2
atl	30654	47
atm	30701	1
atn	30702	1
ato	30703	22
atp	30725	1
atr	30726	2
ats	30728	14
att	30742	14
atu	30756	33
atv	30789	3
atw	30792	1
aty	30793	2
atz	30795	8
au 	30803	57
aua	30860	7
aub	30867	1
auc	30868	3
aud	30871	4
aue	30875	1
aug	30876	1
auh	30877	1
aui	30878	1
auj	30879	4
auk	30883	3
aul	30886	14
aum	30900	3
aun	30903	15
auo	30918	1
aup	30919	1
aur	30920	27
aus	30947	20
aut	30967	9
auw	30976	4
aux	30980	1
auy	30981	5
auz	30986	4
av 	30990	2
ava	30992	30
avd	31022	1
ave	31023	25
avi	31048	19
avo	31067	5
avr	31072	3
avu	31075	6
avy	31081	1
aw 	31082	18
awa	31100	116
awb	31216	4
awc	31220	1
awd	31221	1
awe	31222	16
awi	31238	23
awj	31261	1
awk	31262	2
awm	31264	1
awn	31265	6
awo	31271	8
awr	31279	3
awt	31282	1
awu	31283	12
aww	31295	1
awy	31296	7
ax 	31303	2
axa	31305	10
axc	31315	1
axi	31316	6
axo	31322	6
axt	31328	1
axu	31329	1
axw	31330	1
ay 	31331	80
aya	31411	98
ayb	31509	2
aye	31511	12
ayg	31523	3
ayi	31526	18
ayl	31544	2
aym	31546	3
ayn	31549	4
ayo	31553	23
ayp	31576	1
ays	31577	4
ayt	31581	8
ayu	31589	23
ayv	31612	1
ayw	31613	1
ayy	31614	1
az 	31615	3
aza	31618	33
aze	31651	4
azg	31655	1
azh	31656	2
azi	31658	17
azn	31675	1
azo	31676	5
azu	31681	2
azz	31683	1
aɓo	31684	1
ba 	31685	122
baa	31807	12
bab	31819	16
bac	31835	6
bad	31841	15
bae	31856	8
baf	31864	4
bag	31868	20
bah	31888	14
bai	31902	28
baj	31930	6
bak	31936	27
bal	31963	58
bam	32021	19
ban	32040	95
bao	32135	2
bar	32137	76
bas	32213	29
bat	32242	42
bau	32284	13
bav	32297	1
baw	32298	8
bay	32306	30
baz	32336	2
bba	32338	2
bbe	32340	2
bbu	32342	1
bce	32343	2
bch	32345	1
be 	32346	50
bea	32396	8
beb	32404	4
bec	32408	2
bed	32410	4
bee	32414	6
bef	32420	1
beg	32421	1
bei	32422	5
bej	32427	1
bek	32428	7
bel	32435	27
bem	32462	5
ben	32467	25
beo	32492	2
bep	32494	1
ber	32495	45
bes	32540	9
bet	32549	22
bew	32571	1
bez	32572	1
bha	32573	9
bhe	32582	1
bhi	32583	4
bho	32587	4
bhu	32591	2
bi 	32593	44
bia	32637	40
bib	32677	2
bic	32679	40
bid	32719	10
bie	32729	6
big	32735	3
bih	32738	1
bii	32739	2
bij	32741	2
bik	32743	12
bil	32755	20
bim	32775	3
bin	32778	27
bio	32805	2
bip	32807	3
biq	32810	1
bir	32811	22
bis	32833	15
bit	32848	11
biw	32859	2
biy	32861	6
bkh	32867	1
bla	32868	16
ble	32884	1
bli	32885	29
blo	32914	3
bna	32917	2
bo 	32919	83
boa	33002	5
bob	33007	5
bod	33012	7
bof	33019	1
bog	33020	6
boh	33026	3
boi	33029	6
bok	33035	10
bol	33045	29
bom	33074	11
bon	33085	42
boo	33127	5
bop	33132	1
bor	33133	24
bos	33157	5
bot	33162	6
bou	33168	6
bow	33174	1
boy	33175	1
boz	33176	6
bra	33182	13
bre	33195	9
bri	33204	16
bro	33220	9
bru	33229	6
bry	33235	2
bt 	33237	1
bti	33238	1
bu 	33239	49
bua	33288	10
bub	33298	3
bud	33301	9
bue	33310	1
bug	33311	13
buh	33324	3
bui	33327	4
buk	33331	17
bul	33348	29
bum	33377	10
bun	33387	29
buo	33416	2
bur	33418	43
bus	33461	10
but	33471	6
buu	33477	2
buv	33479	1
buw	33480	2
buy	33482	6
buz	33488	1
bvu	33489	1
bwa	33490	21
bwe	33511	7
bwi	33518	4
bwu	33522	1
bya	33523	6
bye	33529	1
byk	33530	1
byl	33531	2
byo	33533	1
ca 	33534	64
caa	33598	1
cab	33599	3
cac	33602	5
cad	33607	1
caf	33608	1
cag	33609	3
cah	33612	8
cai	33620	3
caj	33623	4
cak	33627	4
cal	33631	21
cam	33652	30
can	33682	62
cao	33744	3
cap	33747	6
caq	33753	2
car	33755	26
cas	33781	11
cat	33792	23
cav	33815	1
cax	33816	1
cay	33817	10
caz	33827	1
cca	33828	9
cci	33837	1
cco	33838	1
ce 	33839	13
ceb	33852	2
ced	33854	3
ceh	33857	1
cel	33858	6
cem	33864	1
cen	33865	67
cer	33932	2
cev	33934	1
cew	33935	1
cgi	33936	1
ch 	33937	39
cha	33976	84
che	34060	55
chh	34115	5
chi	34120	169
cho	34289	36
chp	34325	1
chr	34326	2
cht	34328	1
chu	34329	75
ci 	34404	8
cia	34412	16
cib	34428	1
cic	34429	1
cie	34430	7
cif	34437	1
cik	34438	1
cil	34439	1
cim	34440	1
cin	34441	7
cio	34448	4
cip	34452	4
cis	34456	6
cit	34462	6
ciw	34468	1
ck 	34469	2
cka	34471	2
cke	34473	1
cla	34474	10
cle	34484	1
clu	34485	1
co 	34486	40
coa	34526	15
cob	34541	5
coc	34546	6
cod	34552	1
coe	34553	1
cof	34554	1
cog	34555	2
coh	34557	1
cok	34558	1
col	34559	12
com	34571	10
con	34581	33
coo	34614	3
cop	34617	6
coq	34623	1
cor	34624	8
cos	34632	7
cot	34639	14
cou	34653	1
cov	34654	1
cow	34655	1
coy	34656	4
coz	34660	1
cpa	34661	1
cra	34662	15
cre	34677	48
cri	34725	2
cro	34727	13
cru	34740	2
ct 	34742	2
cta	34744	1
cte	34745	2
cti	34747	1
ctr	34748	1
cua	34749	7
cub	34756	3
cuc	34759	1
cui	34760	4
cul	34764	3
cum	34767	3
cun	34770	5
cup	34775	1
cur	34776	3
cus	34779	2
cut	34781	1
cuu	34782	1
cuv	34783	1
cuy	34784	2
cuz	34786	1
cwi	34787	1
cyp	34788	2
cyt	34790	1
cze	34791	2
da 	34793	86
daa	34879	7
dab	34886	7
dac	34893	2
dad	34895	6
dae	34901	1
dag	34902	16
dah	34918	7
dai	34925	13
daj	34938	4
dak	34942	11
dal	34953	18
dam	34971	21
dan	34992	73
dao	35065	1
daq	35066	1
dar	35067	40
das	35107	7
dat	35114	6
dau	35120	7
dav	35127	5
daw	35132	9
day	35141	10
daz	35151	5
dba	35156	1
dbu	35157	1
dda	35158	4
ddi	35162	4
ddl	35166	18
ddo	35184	1
ddu	35185	1
ddy	35186	1
de 	35187	69
dea	35256	3
deb	35259	5
dec	35264	1
ded	35265	3
dee	35268	1
def	35269	3
deg	35272	5
deh	35277	3
dei	35280	1
dej	35281	1
dek	35282	1
del	35283	15
dem	35298	24
den	35322	17
deo	35339	13
der	35352	15
des	35367	9
det	35376	2
deu	35378	2
dev	35380	1
dew	35381	4
dey	35385	2
dez	35387	1
dga	35388	1
dgh	35389	2
dgi	35391	11
dh 	35402	1
dha	35403	18
dhi	35421	12
dho	35433	3
dhu	35436	8
di 	35444	80
dia	35524	49
dib	35573	6
dic	35579	6
did	35585	5
die	35590	5
dig	35595	3
dih	35598	2
dii	35600	3
dij	35603	1
dik	35604	4
dil	35608	7
dim	35615	7
din	35622	23
dio	35645	4
dip	35649	1
diq	35650	1
dir	35651	6
dis	35657	13
dit	35670	7
diu	35677	2
div	35679	12
diw	35691	2
dix	35693	1
diy	35694	5
diz	35699	1
dj 	35700	1
dja	35701	17
dje	35718	4
dji	35722	18
djo	35740	1
dju	35741	4
dko	35745	2
dla	35747	1
dle	35748	19
dli	35767	1
dm 	35768	1
dma	35769	1
dmo	35770	1
dmu	35771	1
dn 	35772	1
dno	35773	3
dny	35776	2
do 	35778	50
doa	35828	4
dob	35832	7
doc	35839	2
doe	35841	3
dog	35844	27
dok	35871	4
dol	35875	5
dom	35880	19
don	35899	47
doo	35946	4
dop	35950	1
doq	35951	1
dor	35952	12
dos	35964	4
dot	35968	3
dou	35971	5
dov	35976	2
dow	35978	1
doy	35979	1
dra	35980	8
dre	35988	1
dri	35989	5
dro	35994	5
dru	35999	5
ds 	36004	15
dsd	36019	1
dsu	36020	1
dt 	36021	1
dto	36022	1
du 	36023	28
dua	36051	16
dub	36067	2
duc	36069	1
duf	36070	1
dug	36071	7
duh	36078	1
dui	36079	1
duj	36080	1
duk	36081	5
dul	36086	2
dum	36088	13
dun	36101	19
duo	36120	1
dup	36121	1
dur	36122	16
dus	36138	9
dut	36147	10
duu	36157	2
duv	36159	2
duw	36161	3
duy	36164	1
dwa	36165	2
dwe	36167	1
dwi	36168	1
dwo	36169	1
dy 	36170	2
dya	36172	6
dye	36178	1
dyg	36179	1
dyi	36180	2
dyo	36182	1
dyu	36183	3
dza	36186	7
dze	36193	1
dzi	36194	1
dzo	36195	2
dzu	36197	2
dzw	36199	1
ea 	36200	47
eac	36247	1
eai	36248	1
eak	36249	1
eal	36250	4
eam	36254	2
ean	36256	24
eap	36280	3
ear	36283	4
eas	36287	86
eat	36373	3
eau	36376	1
eav	36377	1
eb 	36378	1
eba	36379	10
ebb	36389	1
ebe	36390	9
ebi	36399	7
ebl	36406	7
ebo	36413	13
ebr	36426	3
ebu	36429	9
ec 	36438	163
eca	36601	14
ecc	36615	1
ech	36616	46
eci	36662	3
eco	36665	8
ecp	36673	1
ecr	36674	1
ecu	36675	2
ed 	36677	16
eda	36693	11
edd	36704	1
ede	36705	15
edi	36720	12
edj	36732	1
edm	36733	1
edn	36734	2
edo	36736	14
edr	36750	3
edu	36753	3
edw	36756	1
edz	36757	1
ee 	36758	23
eeb	36781	1
eed	36782	3
eef	36785	1
eeg	36786	1
eek	36787	9
eel	36796	4
eem	36800	2
een	36802	4
eer	36806	2
eet	36808	4
eeu	36812	1
eez	36813	2
ef 	36815	1
efa	36816	10
efe	36826	2
efi	36828	2
efo	36830	2
efu	36832	1
eg 	36833	9
ega	36842	8
egb	36850	1
ege	36851	12
egg	36863	2
egh	36865	1
egi	36866	8
egl	36874	1
ego	36875	2
egr	36877	4
egu	36881	3
egw	36884	1
egy	36885	4
eh 	36889	6
eha	36895	11
ehe	36906	6
ehi	36912	3
ehn	36915	1
eho	36916	2
ehr	36918	2
ehu	36920	12
ehw	36932	2
ei 	36934	34
eia	36968	1
eib	36969	2
eid	36971	1
eif	36972	1
eig	36973	1
eil	36974	2
eim	36976	1
ein	36977	5
eip	36982	2
eir	36984	2
eit	36986	4
eiy	36990	1
eiz	36991	1
eja	36992	7
eje	36999	2
eji	37001	1
ejj	37002	1
ejo	37003	3
eju	37006	2
ek 	37008	27
eka	37035	15
ekc	37050	3
eke	37053	19
ekg	37072	1
ekh	37073	4
eki	37077	6
ekk	37083	1
ekm	37084	1
eko	37085	11
ekp	37096	2
eks	37098	1
ekt	37099	1
eku	37100	6
ekw	37106	5
eky	37111	1
el 	37112	32
ela	37144	60
elc	37204	3
ele	37207	51
elf	37258	1
elg	37259	1
elh	37260	2
eli	37262	28
elk	37290	2
ell	37292	15
elm	37307	3
eln	37310	1
elo	37311	13
elp	37324	1
els	37325	5
elt	37330	6
elu	37336	6
elw	37342	1
ely	37343	2
elz	37345	1
em 	37346	25
ema	37371	26
emb	37397	43
eme	37440	19
emg	37459	3
emi	37462	15
eml	37477	1
emn	37478	3
emo	37481	28
emp	37509	5
ems	37514	1
emt	37515	2
emu	37517	6
emw	37523	1
emz	37524	1
en 	37525	86
ena	37611	50
enc	37661	23
end	37684	28
ene	37712	26
eng	37738	100
enh	37838	2
eni	37840	43
enj	37883	3
enk	37886	5
enl	37891	1
enn	37892	8
eno	37900	34
enq	37934	1
enr	37935	2
ens	37937	6
ent	37943	89
enu	38032	3
enw	38035	2
enx	38037	1
eny	38038	18
enz	38056	3
eo 	38059	28
eoc	38087	2
eoh	38089	3
eol	38092	38
eon	38130	4
eop	38134	1
eor	38135	6
eos	38141	1
eot	38142	1
ep 	38143	12
epa	38155	14
epc	38169	1
epe	38170	54
eph	38224	1
epi	38225	9
epk	38234	2
epo	38236	6
eps	38242	1
epu	38243	25
epy	38268	1
eq 	38269	2
eqc	38271	1
equ	38272	6
er 	38278	64
era	38342	65
erb	38407	11
erc	38418	1
erd	38419	8
ere	38427	55
erf	38482	2
erg	38484	3
erh	38487	2
eri	38489	78
erl	38567	4
erm	38571	18
ern	38589	290
ero	38879	43
erp	38922	1
err	38923	22
ers	38945	10
ert	38955	5
eru	38960	15
erw	38975	1
ery	38976	2
erz	38978	1
es 	38979	31
esa	39010	16
esc	39026	2
ese	39028	91
esh	39119	12
esi	39131	34
esk	39165	2
esm	39167	3
eso	39170	5
esp	39175	1
esq	39176	1
ess	39177	8
est	39185	113
esu	39298	3
et 	39301	26
eta	39327	22
etc	39349	2
ete	39351	25
etf	39376	1
eth	39377	4
eti	39381	13
etj	39394	1
etk	39395	1
etl	39396	2
etn	39398	1
eto	39399	10
etr	39409	2
ets	39411	8
ett	39419	7
etu	39426	8
ety	39434	2
etz	39436	2
eu 	39438	8
eud	39446	1
eul	39447	2
eun	39449	3
eur	39452	3
eut	39455	5
euw	39460	1
eux	39461	1
ev 	39462	1
eva	39463	5
evb	39468	1
eve	39469	9
evi	39478	3
evo	39481	1
evu	39482	1
ew 	39483	35
ewa	39518	21
ewe	39539	7
ewi	39546	5
ewo	39551	8
ewu	39559	1
ewy	39560	1
exc	39561	1
exi	39562	5
exm	39567	1
ext	39568	1
ey 	39569	22
eya	39591	9
eyc	39600	1
eye	39601	4
eyi	39605	2
eyo	39607	3
eyt	39610	1
eyu	39611	2
ez 	39613	7
eza	39620	1
eze	39621	2
ezf	39623	1
ezg	39624	1
ezh	39625	2
ezi	39627	1
ezm	39628	1
ezo	39629	2
ezq	39631	1
ezu	39632	1
fa 	39633	12
faa	39645	1
fad	39646	2
fae	39648	1
fag	39649	1
fai	39650	6
fak	39656	2
fal	39658	10
fam	39668	3
fan	39671	13
far	39684	8
fas	39692	3
fat	39695	5
faw	39700	1
fax	39701	1
fay	39702	2
fda	39704	1
fe 	39705	6
fea	39711	1
fed	39712	2
fei	39714	1
fel	39715	2
fem	39717	2
fen	39719	1
fer	39720	3
fey	39723	1
ffa	39724	1
ffi	39725	2
fgh	39727	1
fi 	39728	8
fia	39736	4
fic	39740	2
fie	39742	1
fij	39743	4
fik	39747	1
fil	39748	4
fim	39752	1
fin	39753	10
fip	39763	1
fir	39764	1
fit	39765	2
fiw	39767	1
fla	39768	1
fle	39769	2
fli	39771	1
flo	39772	3
fo 	39775	18
foa	39793	2
fof	39795	1
foi	39796	2
fol	39798	4
fom	39802	1
fon	39803	4
foo	39807	1
for	39808	8
fot	39816	1
fr 	39817	1
fra	39818	9
fre	39827	13
fri	39840	20
fro	39860	1
fs 	39861	1
fsi	39862	1
fu 	39863	3
fug	39866	4
ful	39870	11
fum	39881	2
fun	39883	3
fur	39886	3
fus	39889	1
fut	39890	4
fuu	39894	1
fuy	39895	1
fwa	39896	2
fwe	39898	1
fya	39899	2
fye	39901	1
ga 	39902	181
gaa	40083	8
gab	40091	9
gac	40100	1
gad	40101	20
gae	40121	2
gaf	40123	1
gag	40124	6
gah	40130	4
gai	40134	15
gaj	40149	1
gak	40150	4
gal	40154	52
gam	40206	30
gan	40236	85
gao	40321	10
gap	40331	5
gar	40336	61
gas	40397	18
gat	40415	11
gau	40426	7
gav	40433	6
gaw	40439	9
gax	40448	2
gay	40450	12
gaz	40462	3
gaɓ	40465	1
gba	40466	33
gbe	40499	19
gbi	40518	7
gbo	40525	9
gbr	40534	1
gbu	40535	4
gch	40539	1
gda	40540	2
gde	40542	1
gdi	40543	2
gdo	40545	1
gdu	40546	2
ge 	40548	201
gea	40749	2
geb	40751	4
ged	40755	3
gee	40758	2
gei	40760	1
gej	40761	2
gek	40763	1
gel	40764	9
gem	40773	5
gen	40778	14
geo	40792	5
gep	40797	1
ger	40798	57
ges	40855	4
get	40859	4
gew	40863	1
gex	40864	1
gey	40865	1
gg 	40866	1
gga	40867	26
gge	40893	5
ggi	40898	2
ggo	40900	5
ggu	40905	11
ggw	40916	1
gh 	40917	7
gha	40924	24
ghd	40948	1
ghe	40949	8
ghi	40957	6
ghl	40963	16
ghn	40979	1
gho	40980	10
ghr	40990	1
ght	40991	4
ghu	40995	12
ghw	41007	2
gi 	41009	30
gia	41039	13
gib	41052	2
gid	41054	3
gie	41057	2
gii	41059	1
gik	41060	3
gil	41063	9
gim	41072	6
gin	41078	27
giq	41105	1
gir	41106	8
gis	41114	7
git	41121	15
giy	41136	3
giz	41139	4
gji	41143	2
gk 	41145	2
gka	41147	16
gkh	41163	6
gki	41169	1
gko	41170	5
gku	41175	3
gla	41178	12
gle	41190	5
gli	41195	25
glo	41220	4
gly	41224	1
gma	41225	6
gme	41231	3
gmi	41234	1
gn 	41235	158
gna	41393	5
gne	41398	1
gng	41399	1
gni	41400	4
gno	41404	5
go 	41409	96
goa	41505	4
gob	41509	5
goc	41514	1
god	41515	3
goe	41518	1
gof	41519	2
gog	41521	2
goi	41523	3
gok	41526	1
gol	41527	20
gom	41547	12
gon	41559	46
goo	41605	8
gor	41613	20
gos	41633	7
got	41640	4
gou	41644	4
gow	41648	3
goy	41651	1
goz	41652	1
gph	41653	1
gpo	41654	1
gpu	41655	2
gra	41657	10
gre	41667	19
gri	41686	11
gro	41697	5
gru	41702	1
gs 	41703	1
gsa	41704	2
gse	41706	3
gsh	41709	4
gsi	41713	2
gsk	41715	1
gso	41716	1
gta	41717	12
gte	41729	1
gth	41730	2
gto	41732	1
gtu	41733	2
gu 	41735	52
gua	41787	218
gub	42005	3
gud	42008	10
gue	42018	18
gug	42036	4
guh	42040	1
gui	42041	55
guj	42096	4
gul	42100	25
gum	42125	17
gun	42142	31
guo	42173	1
gup	42174	3
gur	42177	33
gus	42210	9
gut	42219	7
guu	42226	1
guw	42227	2
guy	42229	4
gva	42233	1
gvo	42234	1
gwa	42235	22
gwe	42257	13
gwi	42270	4
gwo	42274	3
gwu	42277	2
gxi	42279	3
gya	42282	3
gye	42285	2
gyi	42287	2
gyo	42289	1
gyp	42290	4
gyz	42294	1
ha 	42295	84
haa	42379	5
hab	42384	6
hac	42390	4
had	42394	21
hae	42415	3
haf	42418	1
hag	42419	5
hah	42424	6
hai	42430	31
haj	42461	3
hak	42464	14
hal	42478	35
ham	42513	44
han	42557	87
hao	42644	5
hap	42649	5
haq	42654	1
har	42655	57
has	42712	7
hat	42719	17
hau	42736	8
hav	42744	7
haw	42751	14
hay	42765	11
haz	42776	5
hco	42781	1
hdi	42782	2
he 	42784	41
hea	42825	20
heb	42845	2
hec	42847	1
hee	42848	3
heg	42851	3
heh	42854	5
hei	42859	5
hek	42864	7
hel	42871	9
hem	42880	8
hen	42888	23
hep	42911	3
heq	42914	1
her	42915	162
hes	43077	3
het	43080	7
heu	43087	2
hew	43089	3
hey	43092	2
hez	43094	2
hgi	43096	2
hha	43098	1
hhi	43099	3
hho	43102	1
hhu	43103	1
hi 	43104	89
hia	43193	12
hib	43205	5
hic	43210	12
hid	43222	2
hie	43224	3
hif	43227	1
hig	43228	27
hih	43255	1
hii	43256	2
hij	43258	2
hik	43260	3
hil	43263	23
him	43286	17
hin	43303	110
hio	43413	5
hip	43418	6
hiq	43424	4
hir	43428	16
his	43444	4
hit	43448	18
hiw	43466	3
hix	43469	3
hiy	43472	4
hiz	43476	1
hka	43477	2
hki	43479	1
hko	43480	1
hku	43481	2
hla	43483	19
hle	43502	2
hlo	43504	2
hlt	43506	1
hlu	43507	1
hma	43508	1
hme	43509	5
hmi	43514	5
hmo	43519	18
hmu	43537	6
hmw	43543	1
hn 	43544	3
hna	43547	1
hnd	43548	1
hne	43549	1
hng	43550	1
hni	43551	1
hnp	43552	1
hnu	43553	1
ho 	43554	32
hoa	43586	6
hob	43592	2
hoc	43594	3
hod	43597	3
hoe	43600	3
hof	43603	1
hoi	43604	2
hoj	43606	2
hok	43608	4
hol	43612	19
hom	43631	11
hon	43642	28
hoo	43670	4
hop	43674	4
hor	43678	16
hos	43694	2
hot	43696	10
hou	43706	3
hov	43709	1
how	43710	4
hoy	43714	1
hoz	43715	1
hpa	43716	2
hpo	43718	1
hqa	43719	1
hra	43720	5
hre	43725	1
hri	43726	5
hru	43731	3
hry	43734	1
hsl	43735	1
hso	43736	1
ht 	43737	5
hta	43742	3
hte	43745	3
hti	43748	3
hto	43751	4
htr	43755	1
hu 	43756	27
hua	43783	148
hub	43931	3
huc	43934	3
hud	43937	2
hue	43939	4
hug	43943	3
huh	43946	1
hui	43947	22
huj	43969	2
huk	43971	7
hul	43978	12
hum	43990	22
hun	44012	29
huo	44041	3
hup	44044	6
huq	44050	1
hur	44051	13
hus	44064	2
hut	44066	5
huu	44071	2
huv	44073	3
huw	44076	10
huz	44086	1
hva	44087	2
hwa	44089	9
hwe	44098	30
hwi	44128	2
hy 	44130	1
hya	44131	2
hyi	44133	1
hyn	44134	1
hyo	44135	1
ia 	44136	169
iaa	44305	1
iab	44306	4
iac	44310	4
iad	44314	1
iae	44315	1
iaf	44316	2
iag	44318	4
iah	44322	1
iai	44323	5
iak	44328	4
ial	44332	10
iam	44342	10
ian	44352	351
iao	44703	17
iap	44720	5
iaq	44725	1
iar	44726	9
ias	44735	5
iat	44740	10
iau	44750	3
iav	44753	1
iaw	44754	2
iaz	44756	1
ib 	44757	5
iba	44762	22
ibb	44784	3
ibc	44787	1
ibe	44788	22
ibi	44810	12
ibo	44822	9
ibr	44831	2
ibu	44833	10
ibw	44843	8
iby	44851	2
ic 	44853	121
ica	44974	51
ice	45025	10
ich	45035	40
ici	45075	9
ick	45084	2
ico	45086	11
ict	45097	3
icu	45100	4
id 	45104	10
ida	45114	28
idd	45142	23
ide	45165	5
idg	45170	12
idh	45182	2
idi	45184	14
idj	45198	5
idl	45203	1
idn	45204	3
ido	45207	8
idr	45215	1
idu	45216	16
idy	45232	2
idz	45234	1
ie 	45235	15
ied	45250	3
ief	45253	1
ieg	45254	1
ieh	45255	1
iek	45256	1
iel	45257	2
iem	45259	7
ien	45266	18
iep	45284	2
ier	45286	15
ies	45301	2
iet	45303	7
iev	45310	1
iey	45311	1
if 	45312	2
ifa	45314	2
ife	45316	1
iff	45317	1
ifi	45318	4
ifo	45322	4
ifu	45326	5
ig 	45331	4
iga	45335	25
igb	45360	2
ige	45362	30
igh	45392	30
igi	45422	8
igm	45430	1
ign	45431	161
igo	45592	3
igr	45595	3
igs	45598	1
igu	45599	20
igw	45619	3
ih 	45622	3
iha	45625	7
ihe	45632	4
ihh	45636	1
ihi	45637	5
ihu	45642	4
ii 	45646	9
iia	45655	1
iid	45656	2
iin	45658	6
iir	45664	1
iis	45665	1
iit	45666	1
iiw	45667	1
iiy	45668	1
ij 	45669	1
ija	45670	9
ije	45679	2
iji	45681	12
ijo	45693	3
iju	45696	2
ik 	45698	37
ika	45735	31
ikb	45766	1
ike	45767	10
ikh	45777	4
iki	45781	17
ikk	45798	2
ikl	45800	1
ikn	45801	1
iko	45802	21
ikp	45823	3
iks	45826	2
iku	45828	12
ikw	45840	4
iky	45844	3
il 	45847	23
ila	45870	44
ilb	45914	4
ilc	45918	3
ild	45921	2
ile	45923	13
ilg	45936	1
ili	45937	47
ill	45984	18
ilm	46002	2
iln	46004	1
ilo	46005	5
ilq	46010	1
ilt	46011	6
ilu	46017	9
ilw	46026	1
ily	46027	3
im 	46030	27
ima	46057	52
imb	46109	34
imc	46143	1
ime	46144	16
imi	46160	24
imk	46184	1
iml	46185	1
imm	46186	1
imn	46187	2
imo	46189	14
imp	46203	2
imr	46205	3
ims	46208	1
imt	46209	1
imu	46210	7
imw	46217	1
in 	46218	135
ina	46353	97
inb	46450	4
inc	46454	16
ind	46470	88
ine	46558	93
inf	46651	1
ing	46652	105
inh	46757	7
ini	46764	48
inj	46812	6
ink	46818	24
inl	46842	2
inm	46844	2
inn	46846	13
ino	46859	31
inp	46890	2
inq	46892	2
inr	46894	1
ins	46895	7
int	46902	26
inu	46928	20
inw	46948	1
iny	46949	16
inz	46965	5
io 	46970	26
ioi	46996	1
iok	46997	1
iol	46998	4
iom	47002	1
ion	47003	17
iop	47020	4
ioq	47024	2
ior	47026	3
ios	47029	1
iot	47030	4
iou	47034	3
iow	47037	3
ip 	47040	7
ipa	47047	16
ipe	47063	3
iph	47066	4
ipi	47070	11
ipl	47081	1
ipo	47082	6
ipp	47088	5
ips	47093	2
ipu	47095	11
ipx	47106	1
iq 	47107	2
iqi	47109	2
iqu	47111	13
ir 	47124	19
ira	47143	50
irb	47193	1
ire	47194	15
irg	47209	4
irh	47213	1
iri	47214	58
irk	47272	1
irl	47273	1
irm	47274	5
irn	47279	2
iro	47281	9
irr	47290	7
iru	47297	10
irw	47307	2
iry	47309	2
irz	47311	1
is 	47312	17
isa	47329	29
isc	47358	9
ise	47367	9
isg	47376	2
ish	47378	111
isi	47489	30
isk	47519	1
isl	47520	15
isn	47535	2
iso	47537	4
isp	47541	2
isr	47543	1
iss	47544	15
ist	47559	16
isu	47575	13
isy	47588	1
it 	47589	35
ita	47624	48
itc	47672	2
ite	47674	29
ith	47703	14
iti	47717	29
itj	47746	5
itk	47751	1
itl	47752	8
itm	47760	1
itn	47761	6
ito	47767	13
its	47780	3
itt	47783	9
itu	47792	15
itw	47807	1
itx	47808	1
ity	47809	3
itz	47812	3
iu 	47815	5
iua	47820	2
iub	47822	1
iue	47823	1
iuj	47824	1
iul	47825	2
iun	47827	3
iup	47830	1
iuq	47831	1
ius	47832	1
iut	47833	2
iuw	47835	1
iux	47836	1
iv 	47837	3
iva	47840	7
ivb	47847	1
ive	47848	7
ivi	47855	20
ivo	47875	6
ivv	47881	1
iw 	47882	1
iwa	47883	35
iwe	47918	2
iwi	47920	3
iwo	47923	13
iwu	47936	4
ixc	47940	2
ixe	47942	10
ixi	47952	3
ixk	47955	1
ixo	47956	1
ixt	47957	57
ixu	48014	1
iy 	48015	1
iya	48016	45
iye	48061	4
iyi	48065	4
iyo	48069	13
iyu	48082	1
iyy	48083	2
iz 	48085	1
iza	48086	4
ize	48090	2
izh	48092	3
izi	48095	10
izn	48105	1
izo	48106	4
izr	48110	1
izu	48111	1
izz	48112	1
iǁo	48113	1
ja 	48114	26
jab	48140	8
jad	48148	3
jag	48151	1
jah	48152	3
jai	48155	4
jaj	48159	1
jak	48160	5
jal	48165	10
jam	48175	13
jan	48188	19
jao	48207	1
jap	48208	7
jaq	48215	3
jar	48218	22
jas	48240	1
jat	48241	3
jau	48244	6
jav	48250	5
jaw	48255	5
jay	48260	1
jaz	48261	1
jba	48262	2
jdi	48264	1
je 	48265	11
jeb	48276	2
jee	48278	1
jeh	48279	2
jej	48281	2
jel	48283	2
jem	48285	1
jen	48286	5
jeq	48291	1
jer	48292	11
jew	48303	5
jha	48308	1
jhi	48309	2
jhw	48311	1
ji 	48312	35
jia	48347	15
jib	48362	11
jic	48373	1
jie	48374	1
jig	48375	2
jii	48377	1
jij	48378	1
jik	48379	3
jil	48382	7
jim	48389	6
jin	48395	11
jio	48406	3
jip	48409	1
jir	48410	4
jit	48414	3
jiw	48417	1
jja	48418	1
jji	48419	1
jju	48420	1
jki	48421	1
jma	48422	1
jo 	48423	10
job	48433	5
jof	48438	1
jog	48439	1
jol	48440	3
jon	48443	12
jor	48455	3
jow	48458	1
joz	48459	1
jpu	48460	2
ju 	48462	10
jua	48472	8
jud	48480	10
jue	48490	1
juk	48491	5
jul	48496	1
jum	48497	6
jun	48503	8
jup	48511	1
juq	48512	1
jur	48513	7
jut	48520	1
juw	48521	2
jux	48523	2
juǀ	48525	1
jwa	48526	2
jwi	48528	1
jye	48529	1
jyi	48530	1
ka 	48531	109
kaa	48640	11
kab	48651	22
kac	48673	10
kad	48683	14
kae	48697	3
kaf	48700	2
kag	48702	10
kah	48712	4
kai	48716	35
kaj	48751	4
kak	48755	14
kal	48769	58
kam	48827	36
kan	48863	100
kao	48963	3
kap	48966	14
kaq	48980	1
kar	48981	97
kas	49078	22
kat	49100	35
kau	49135	8
kav	49143	5
kaw	49148	10
kax	49158	2
kay	49160	27
kaz	49187	2
kba	49189	1
kch	49190	4
kde	49194	1
ke 	49195	44
kea	49239	3
keb	49242	1
ked	49243	5
kee	49248	2
keh	49250	1
kei	49251	6
kek	49257	2
kel	49259	20
kem	49279	11
ken	49290	24
keo	49314	2
kep	49316	4
ker	49320	12
kes	49332	4
ket	49336	7
keu	49343	2
kew	49345	3
key	49348	2
kfe	49350	1
kga	49351	2
kgi	49353	1
kh 	49354	7
kha	49361	59
khe	49420	7
khi	49427	9
khl	49436	1
khm	49437	5
kho	49442	12
khr	49454	1
kht	49455	1
khu	49456	18
khv	49474	2
khw	49476	1
ki 	49477	49
kia	49526	7
kib	49533	3
kic	49536	2
kid	49538	4
kie	49542	1
kii	49543	1
kij	49544	1
kik	49545	2
kil	49547	7
kim	49554	13
kin	49567	26
kio	49593	7
kip	49600	3
kir	49603	11
kis	49614	19
kit	49633	11
kiu	49644	1
kiw	49645	2
kiy	49647	2
kiz	49649	3
kka	49652	7
kkh	49659	1
kki	49660	2
kla	49662	5
kle	49667	4
kli	49671	2
klu	49673	1
kma	49674	3
kme	49677	2
kna	49679	5
kng	49684	1
kni	49685	1
kno	49686	2
ko 	49688	47
koa	49735	2
kob	49737	8
koc	49745	2
kod	49747	10
koe	49757	1
kof	49758	3
kog	49761	2
koh	49763	5
koi	49768	6
kok	49774	16
kol	49790	38
kom	49828	23
kon	49851	41
koo	49892	5
kop	49897	4
kor	49901	41
kos	49942	5
kot	49947	16
kou	49963	6
kov	49969	2
kow	49971	2
koy	49973	11
kpa	49984	14
kpe	49998	16
kpi	50014	1
kpl	50015	1
kpo	50016	1
kpu	50017	1
kpw	50018	1
kqs	50019	1
kra	50020	7
kre	50027	3
kri	50030	15
kro	50045	3
kru	50048	5
kry	50053	2
ks 	50055	2
ksa	50057	4
kse	50061	3
ksh	50064	2
ksi	50066	1
ksk	50067	1
kta	50068	1
kti	50069	4
kts	50073	1
ku 	50074	41
kua	50115	9
kub	50124	8
kuc	50132	1
kud	50133	4
kue	50137	2
kuf	50139	1
kug	50140	3
kui	50143	7
kuj	50150	1
kuk	50151	16
kul	50167	18
kum	50185	29
kun	50214	33
kuo	50247	4
kup	50251	5
kur	50256	42
kus	50298	9
kut	50307	13
kuu	50320	4
kuv	50324	2
kuw	50326	3
kuy	50329	3
kve	50332	1
kw 	50333	2
kwa	50335	40
kwe	50375	18
kwi	50393	5
kwo	50398	4
kwu	50402	2
kxo	50404	1
ky 	50405	1
kya	50406	7
kye	50413	3
kyi	50416	1
kyo	50417	2
kyr	50419	1
kyu	50420	1
kyw	50421	1
la 	50422	207
laa	50629	15
lab	50644	22
lac	50666	17
lad	50683	6
lae	50689	2
laf	50691	2
lag	50693	27
lah	50720	19
lai	50739	22
laj	50761	1
lak	50762	30
lal	50792	19
lam	50811	50
lan	50861	315
lao	51176	16
lap	51192	19
lar	51211	26
las	51237	30
lat	51267	24
lau	51291	25
lav	51316	18
law	51334	25
lax	51359	3
lay	51362	44
laz	51406	2
lba	51408	12
lbe	51420	2
lbi	51422	3
lbo	51425	1
lbu	51426	1
lca	51427	2
lch	51429	3
lci	51432	1
lco	51433	5
ld 	51438	41
lda	51479	1
lde	51480	10
ldi	51490	1
ldo	51491	1
ldt	51492	1
le 	51493	155
lea	51648	6
leb	51654	1
lec	51655	4
led	51659	2
lee	51661	2
lef	51663	2
leg	51665	5
leh	51670	5
lei	51675	5
lek	51680	5
lel	51685	12
lem	51697	16
len	51713	32
leo	51745	5
lep	51750	8
ler	51758	10
les	51768	11
let	51779	5
leu	51784	4
lev	51788	3
lew	51791	5
ley	51796	12
lez	51808	1
lf 	51809	2
lfa	51811	3
lfd	51814	1
lfu	51815	7
lga	51822	6
lgb	51828	1
lge	51829	5
lgi	51834	2
lgo	51836	4
lgu	51840	1
lh 	51841	1
lha	51842	4
lhe	51846	2
lhi	51848	2
lho	51850	2
li 	51852	150
lia	52002	41
lib	52043	16
lic	52059	33
lid	52092	2
lie	52094	4
lif	52098	1
lig	52099	6
lih	52105	1
lii	52106	1
lij	52107	1
lik	52108	15
lil	52123	4
lim	52127	23
lin	52150	40
lio	52190	3
lip	52193	9
liq	52202	1
lis	52203	50
lit	52253	13
liu	52266	2
liv	52268	9
liw	52277	2
liy	52279	3
liz	52282	2
lk 	52284	1
lka	52285	5
lke	52290	1
lkh	52291	1
lko	52292	4
lku	52296	3
ll 	52299	4
lla	52303	25
lle	52328	24
lli	52352	7
llo	52359	6
llu	52365	4
lly	52369	1
lma	52370	9
lme	52379	4
lmo	52383	2
lmp	52385	1
lmy	52386	1
lna	52387	1
lng	52388	3
lni	52391	2
lny	52393	1
lo 	52394	48
loa	52442	3
lob	52445	4
loc	52449	11
lod	52460	5
lof	52465	3
log	52468	11
loh	52479	6
loi	52485	3
loj	52488	2
lok	52490	10
lol	52500	9
lom	52509	21
lon	52530	35
loo	52565	7
lop	52572	7
lor	52579	9
los	52588	4
lot	52592	6
lou	52598	8
lov	52606	3
low	52609	18
lox	52627	5
loy	52632	1
loz	52633	1
lpa	52634	4
lpe	52638	1
lpi	52639	3
lpo	52642	1
lpu	52643	1
lqu	52644	1
lra	52645	1
ls 	52646	1
lsc	52647	2
lse	52649	3
lsh	52652	4
lsu	52656	1
lt 	52657	6
lta	52663	10
lte	52673	21
lth	52694	1
lti	52695	4
lto	52699	1
lts	52700	1
ltu	52701	2
lu 	52703	42
lua	52745	8
lub	52753	5
luc	52758	11
lud	52769	1
lue	52770	3
luf	52773	1
lug	52774	7
luh	52781	1
lui	52782	3
luk	52785	7
lul	52792	9
lum	52801	13
lun	52814	22
luo	52836	5
luq	52841	1
lur	52842	11
lus	52853	8
lut	52861	3
luv	52864	1
luw	52865	10
lux	52875	1
luy	52876	4
lva	52880	3
lvi	52883	4
lwa	52887	4
lwe	52891	1
lwo	52892	1
ly 	52893	2
lya	52895	7
lyc	52902	1
lyd	52903	1
lye	52904	1
lym	52905	2
lyn	52907	2
lyp	52909	1
lyr	52910	1
lys	52911	1
lyu	52912	1
lzi	52913	1
ma 	52914	153
maa	53067	10
mab	53077	7
mac	53084	30
mad	53114	15
mae	53129	5
maf	53134	2
mag	53136	21
mah	53157	14
mai	53171	45
maj	53216	11
mak	53227	39
mal	53266	120
mam	53386	29
man	53415	195
mao	53610	6
map	53616	10
maq	53626	5
mar	53631	128
mas	53759	41
mat	53800	46
mau	53846	6
mav	53852	2
maw	53854	12
max	53866	2
may	53868	25
maz	53893	22
mb 	53915	2
mba	53917	114
mbe	54031	45
mbi	54076	40
mbl	54116	4
mbo	54120	53
mbr	54173	10
mbu	54183	51
mbv	54234	1
mbw	54235	5
mby	54240	3
mch	54243	4
mda	54247	1
mde	54248	1
mdo	54249	2
me 	54251	42
mea	54293	2
mec	54295	6
med	54301	8
mee	54309	3
mef	54312	1
meg	54313	2
meh	54315	4
mei	54319	6
mek	54325	7
mel	54332	15
mem	54347	2
men	54349	35
meo	54384	5
mer	54389	47
mes	54436	19
met	54455	5
meu	54460	2
mew	54462	2
mex	54464	3
mey	54467	2
mez	54469	3
mfe	54472	1
mfi	54473	1
mfu	54474	1
mga	54475	2
mgb	54477	1
mgi	54478	1
mgo	54479	1
mgu	54480	1
mha	54481	2
mhe	54483	1
mhi	54484	1
mi 	54485	97
mia	54582	26
mib	54608	1
mic	54609	5
mid	54614	26
mie	54640	4
mig	54644	7
mih	54651	1
mii	54652	1
mij	54653	1
mik	54654	2
mil	54656	13
mim	54669	1
min	54670	51
mio	54721	1
miq	54722	2
mir	54724	15
mis	54739	15
mit	54754	10
miu	54764	1
miw	54765	8
mix	54773	65
miy	54838	5
miz	54843	1
mja	54844	1
mju	54845	1
mka	54846	1
mki	54847	2
mko	54849	1
mku	54850	1
mla	54851	7
mle	54858	1
mli	54859	4
mlo	54863	1
mma	54864	4
mmb	54868	1
mme	54869	2
mmo	54871	1
mmu	54872	1
mn 	54873	1
mna	54874	4
mne	54878	1
mni	54879	5
mno	54884	3
mns	54887	1
mny	54888	1
mo 	54889	51
moa	54940	5
mob	54945	5
moc	54950	20
mod	54970	7
moe	54977	1
mof	54978	2
mog	54980	5
moh	54985	3
moi	54988	6
moj	54994	2
mok	54996	11
mol	55007	19
mom	55026	7
mon	55033	68
moo	55101	3
mop	55104	2
moq	55106	1
mor	55107	36
mos	55143	7
mot	55150	9
mou	55159	5
mov	55164	1
mox	55165	1
moy	55166	2
moz	55168	3
mp 	55171	1
mpa	55172	17
mpe	55189	1
mph	55190	2
mpi	55192	10
mpl	55202	3
mpo	55205	5
mpq	55210	1
mpr	55211	1
mps	55212	1
mpu	55213	8
mpw	55221	1
mpy	55222	1
mra	55223	2
mre	55225	2
mri	55227	4
mro	55231	2
mru	55233	1
ms 	55234	3
msa	55237	4
mse	55241	3
msh	55244	2
mt 	55246	2
mta	55248	5
mte	55253	5
mth	55258	2
mti	55260	2
mto	55262	1
mtu	55263	3
mu 	55266	30
mua	55296	3
mub	55299	2
muc	55301	3
mud	55304	5
mue	55309	1
muf	55310	1
mug	55311	2
muh	55313	1
mui	55314	1
muj	55315	4
muk	55319	5
mul	55324	11
mum	55335	4
mun	55339	32
muo	55371	1
mur	55372	25
mus	55397	22
mut	55419	5
muy	55424	6
muz	55430	5
mva	55435	1
mve	55436	1
mvi	55437	1
mvs	55438	1
mvu	55439	2
mwa	55441	10
mwe	55451	8
mwi	55459	1
mya	55460	8
myc	55468	1
mye	55469	2
myk	55471	2
mys	55473	2
mza	55475	3
mze	55478	1
mzi	55479	1
na 	55480	195
naa	55675	8
nab	55683	12
nac	55695	15
nad	55710	17
nae	55727	5
naf	55732	4
nag	55736	67
nah	55803	40
nai	55843	17
naj	55860	1
nak	55861	23
nal	55884	20
nam	55904	46
nan	55950	70
nao	56020	6
nap	56026	11
naq	56037	2
nar	56039	22
nas	56061	17
nat	56078	13
nau	56091	18
nav	56109	4
naw	56113	17
nax	56130	1
nay	56131	8
naz	56139	1
nba	56140	7
nbi	56147	1
nbo	56148	1
nbu	56149	1
nca	56150	21
nce	56171	7
nch	56178	29
nci	56207	17
nco	56224	8
nd 	56232	42
nda	56274	127
nde	56401	52
ndh	56453	6
ndi	56459	75
ndj	56534	15
ndk	56549	2
ndo	56551	59
ndr	56610	10
nds	56620	12
ndu	56632	30
ndw	56662	2
ndy	56664	2
ndz	56666	1
ne 	56667	66
nea	56733	39
neb	56772	5
nec	56777	4
ned	56781	5
nee	56786	3
nef	56789	1
neg	56790	14
neh	56804	2
nei	56806	6
nek	56812	5
nel	56817	5
nem	56822	10
nen	56832	18
neo	56850	7
nep	56857	7
ner	56864	6
nes	56870	77
net	56947	7
new	56954	35
ney	56989	3
nez	56992	2
nfe	56994	1
nfi	56995	1
nfr	56996	1
ng 	56997	355
nga	57352	204
ngb	57556	20
ngc	57576	1
ngd	57577	4
nge	57581	24
ngg	57605	46
ngh	57651	5
ngi	57656	37
ngj	57693	2
ngk	57695	33
ngl	57728	35
ngm	57763	9
ngn	57772	7
ngo	57779	107
ngp	57886	3
ngr	57889	7
ngs	57896	13
ngt	57909	7
ngu	57916	250
ngw	58166	19
ngx	58185	3
ngy	58188	4
nh 	58192	10
nha	58202	13
nhe	58215	1
nhi	58216	1
nhu	58217	4
ni 	58221	141
nia	58362	96
nib	58458	3
nic	58461	22
nid	58483	6
nie	58489	3
nig	58492	33
nih	58525	2
nii	58527	3
nik	58530	6
nil	58536	2
nim	58538	18
nin	58556	47
nio	58603	3
nip	58606	5
nir	58611	3
nis	58614	28
nit	58642	4
niu	58646	5
niv	58651	2
niw	58653	3
nix	58656	1
niy	58657	5
niz	58662	1
nja	58663	16
nje	58679	6
nji	58685	13
njk	58698	1
njo	58699	9
nju	58708	5
njy	58713	1
nk 	58714	2
nka	58716	49
nke	58765	6
nkh	58771	3
nki	58774	9
nkn	58783	1
nko	58784	10
nkp	58794	1
nku	58795	5
nkw	58800	2
nla	58802	2
nlh	58804	1
nli	58805	1
nma	58806	11
nmi	58817	1
nna	58818	13
nne	58831	4
nng	58835	3
nni	58838	11
nno	58849	3
nns	58852	1
nnu	58853	3
no 	58856	99
noa	58955	5
nob	58960	16
noc	58976	5
noe	58981	3
nog	58984	2
noh	58986	2
noi	58988	4
nok	58992	3
nol	58995	3
nom	58998	14
non	59012	38
noo	59050	6
nop	59056	1
nor	59057	131
nos	59188	5
not	59193	6
nou	59199	17
nov	59216	4
now	59220	2
noy	59222	1
npa	59223	3
npe	59226	1
npu	59227	2
nqi	59229	2
nqu	59231	4
nra	59235	1
nre	59236	1
nrh	59237	1
nri	59238	1
ns 	59239	5
nsa	59244	8
nse	59252	11
nsh	59263	4
nsi	59267	6
nsk	59273	3
nso	59276	5
nsr	59281	1
nst	59282	1
nsu	59283	5
nsw	59288	1
nsy	59289	1
nt 	59290	19
nta	59309	43
ntc	59352	1
nte	59353	37
nth	59390	3
nti	59393	19
ntj	59412	1
ntl	59413	5
nto	59418	19
ntr	59437	60
nts	59497	7
ntu	59504	8
ntx	59512	2
nty	59514	3
nu 	59517	25
nua	59542	11
nub	59553	7
nuc	59560	3
nud	59563	1
nue	59564	1
nuf	59565	2
nug	59567	2
nui	59569	5
nuk	59574	18
nul	59592	3
num	59595	20
nun	59615	13
nuo	59628	4
nup	59632	7
nur	59639	5
nus	59644	3
nut	59647	1
nuu	59648	1
nuw	59649	1
nuy	59650	1
nvi	59651	1
nwa	59652	8
nwi	59660	1
nwo	59661	1
nwu	59662	1
nx 	59663	1
nxe	59664	1
ny 	59665	8
nya	59673	64
nye	59737	8
nyi	59745	24
nyj	59769	2
nym	59771	1
nyn	59772	1
nyo	59773	12
nyt	59785	1
nyu	59786	7
nz 	59793	1
nza	59794	24
nzi	59818	8
nzo	59826	5
nzu	59831	2
nǁn	59833	1
oa 	59834	19
oaa	59853	1
oab	59854	1
oac	59855	2
oag	59857	1
oah	59858	2
oak	59860	1
oal	59861	2
oam	59863	1
oan	59864	13
oap	59877	4
oar	59881	4
oas	59885	6
oat	59891	13
oau	59904	1
oav	59905	1
oax	59906	4
oay	59910	1
oaz	59911	1
ob 	59912	6
oba	59918	26
obb	59944	1
obe	59945	7
obi	59952	11
obl	59963	1
obo	59964	31
obu	59995	7
obw	60002	1
oby	60003	1
oc 	60004	3
oca	60007	11
occ	60018	6
och	60024	21
oci	60045	2
ock	60047	2
oco	60049	9
ocr	60058	16
oct	60074	3
ocy	60077	1
od 	60078	5
oda	60083	9
odd	60092	1
ode	60093	9
odh	60102	2
odi	60104	11
odo	60115	16
odr	60131	2
ods	60133	3
odu	60136	2
odw	60138	1
oe 	60139	7
oei	60146	1
oek	60147	2
oem	60149	2
oen	60151	3
oer	60154	1
oes	60155	1
oet	60156	1
oeu	60157	1
of 	60158	18
ofa	60176	7
ofe	60183	1
off	60184	1
ofi	60185	3
ofo	60188	3
ofu	60191	2
ofy	60193	1
og 	60194	3
oga	60197	14
ogb	60211	7
ogd	60218	1
oge	60219	5
ogh	60224	3
ogi	60227	3
ogl	60230	4
ogn	60234	1
ogo	60235	40
ogr	60275	3
ogu	60278	7
oh 	60285	5
oha	60290	9
ohe	60299	4
ohi	60303	5
ohl	60308	2
ohn	60310	2
oho	60312	5
oht	60317	1
ohu	60318	2
ohw	60320	1
oi 	60321	24
oia	60345	5
oib	60350	1
oid	60351	1
oih	60352	2
oik	60354	3
oin	60357	6
oip	60363	2
oir	60365	8
ois	60373	1
oit	60374	2
oiw	60376	2
oiy	60378	1
oja	60379	1
ojb	60380	1
oje	60381	1
oji	60382	10
ojo	60392	3
ojp	60395	1
ojw	60396	1
ok 	60397	32
oka	60429	17
oke	60446	14
okh	60460	6
oki	60466	9
okk	60475	1
okl	60476	2
okm	60478	1
oko	60479	36
okp	60515	7
okr	60522	1
oks	60523	6
oku	60529	6
okw	60535	3
oky	60538	1
ol 	60539	41
ola	60580	44
olb	60624	2
old	60626	42
ole	60668	56
olg	60724	3
oli	60727	43
olk	60770	3
oll	60773	2
olm	60775	4
oln	60779	1
olo	60780	59
olp	60839	2
olr	60841	1
ols	60842	3
olt	60845	3
olu	60848	12
olv	60860	1
olw	60861	1
oly	60862	1
om 	60863	41
oma	60904	69
omb	60973	35
omc	61008	1
ome	61009	10
omf	61019	1
omi	61020	30
omk	61050	1
oml	61051	1
omm	61052	1
omn	61053	2
omo	61055	34
omp	61089	4
omr	61093	2
omt	61095	1
omu	61096	9
omw	61105	3
omy	61108	2
on 	61110	157
ona	61267	43
onc	61310	5
ond	61315	32
one	61347	47
ong	61394	195
onh	61589	3
oni	61592	43
onj	61635	7
onk	61642	9
onn	61651	2
ono	61653	31
onp	61684	2
onq	61686	2
ons	61688	6
ont	61694	27
onu	61721	6
onw	61727	1
ony	61728	6
onz	61734	5
oo 	61739	14
ood	61753	5
ooe	61758	1
oog	61759	2
ook	61761	6
ool	61767	4
oom	61771	3
oon	61774	35
oor	61809	8
oos	61817	3
oot	61820	3
op 	61823	8
opa	61831	14
ope	61845	4
oph	61849	2
opi	61851	11
opk	61862	1
opn	61863	1
opo	61864	21
opt	61885	2
opu	61887	1
oq 	61888	1
oqe	61889	1
oqo	61890	3
oqu	61893	10
or 	61903	28
ora	61931	56
orb	61987	2
ord	61989	4
ore	61993	33
orf	62026	1
org	62027	4
ori	62031	35
ork	62066	3
orl	62069	3
orm	62072	5
orn	62077	6
oro	62083	93
orp	62176	1
orr	62177	10
ors	62187	6
ort	62193	131
oru	62324	9
orw	62333	7
ory	62340	3
orz	62343	1
os 	62344	22
osa	62366	13
osc	62379	1
ose	62380	5
osh	62385	8
osi	62393	6
osk	62399	2
osl	62401	1
osn	62402	2
oso	62404	8
osp	62412	1
osr	62413	1
oss	62414	11
ost	62425	4
osu	62429	1
osw	62430	1
osy	62431	1
ot 	62432	17
ota	62449	22
ote	62471	78
oth	62549	8
oti	62557	12
otj	62569	1
otl	62570	4
oto	62574	42
otr	62616	2
ots	62618	5
ott	62623	10
otu	62633	13
otw	62646	1
oty	62647	1
otz	62648	1
ou 	62649	24
oua	62673	3
oub	62676	1
oue	62677	1
ouf	62678	12
oug	62690	2
oui	62692	2
ouj	62694	1
ouk	62695	6
oul	62701	4
oum	62705	5
oun	62710	12
ouo	62722	1
oup	62723	3
our	62726	8
ous	62734	2
out	62736	132
ouw	62868	1
ouy	62869	3
ova	62872	7
ove	62879	3
ovi	62882	11
ovo	62893	4
ovu	62897	1
ow 	62898	5
owa	62903	17
owe	62920	15
owh	62935	1
owi	62936	4
owl	62940	7
own	62947	1
owr	62948	1
owu	62949	1
ox 	62950	1
oxi	62951	3
oxo	62954	1
oxt	62955	1
oy 	62956	7
oya	62963	19
oyd	62982	1
oye	62983	1
oyi	62984	1
oyn	62985	1
oyo	62986	6
oyr	62992	2
oys	62994	1
oyu	62995	3
oz 	62998	1
oza	62999	6
ozi	63005	1
ozo	63006	7
ozu	63013	1
pa 	63014	56
paa	63070	5
pab	63075	1
pac	63076	11
pad	63087	5
pae	63092	5
pag	63097	6
pah	63103	12
pai	63115	11
paj	63126	2
pak	63128	10
pal	63138	40
pam	63178	13
pan	63191	82
pao	63273	2
pap	63275	41
par	63316	40
pas	63356	24
pat	63380	17
pau	63397	6
paw	63403	3
pay	63406	5
paz	63411	1
pbi	63412	1
pch	63413	1
pde	63414	1
pe 	63415	11
pea	63426	5
pec	63431	44
ped	63475	3
pee	63478	2
peh	63480	6
pei	63486	4
pek	63490	1
pel	63491	11
pem	63502	2
pen	63504	23
pep	63527	1
peq	63528	1
per	63529	29
pes	63558	9
pet	63567	7
peu	63574	1
pev	63575	1
pew	63576	2
pey	63578	1
pfa	63579	1
pha	63580	14
phe	63594	4
phi	63598	6
pho	63604	13
phr	63617	2
phu	63619	16
pi 	63635	25
pia	63660	19
pib	63679	1
pic	63680	6
pid	63686	13
pie	63699	5
pig	63704	1
pij	63705	3
pik	63708	8
pil	63716	5
pim	63721	3
pin	63724	26
pip	63750	1
pir	63751	9
pis	63760	6
pit	63766	9
piu	63775	1
piv	63776	1
piy	63777	1
piz	63778	1
pka	63779	1
pki	63780	2
pla	63782	10
ple	63792	1
pli	63793	1
plo	63794	1
pma	63795	1
pmi	63796	2
pmu	63798	1
pna	63799	1
pno	63800	1
po 	63801	19
poa	63820	1
poc	63821	3
pod	63824	2
pog	63826	1
poh	63827	2
poi	63829	4
pok	63833	7
pol	63840	19
pom	63859	9
pon	63868	14
poo	63882	1
pop	63883	12
poq	63895	2
por	63897	14
pos	63911	5
pot	63916	69
pou	63985	3
pow	63988	2
poy	63990	3
ppa	63993	1
ppe	63994	14
ppi	64008	3
ppo	64011	1
pqu	64012	1
pra	64013	5
pre	64018	1
pri	64019	6
pro	64025	8
pru	64033	2
ps 	64035	1
psa	64036	2
psi	64038	2
pso	64040	1
pt 	64041	1
pti	64042	8
pu 	64050	9
pua	64059	33
pub	64092	25
puc	64117	2
pud	64119	2
pue	64121	8
pug	64129	1
puh	64130	1
pui	64131	3
puk	64134	2
pul	64136	8
pum	64144	7
pun	64151	20
puo	64171	1
puq	64172	1
pur	64173	26
pus	64199	1
put	64200	10
puy	64210	9
pw 	64219	1
pwa	64220	2
pwe	64222	1
pwo	64223	4
px 	64227	1
py 	64228	1
pya	64229	3
pye	64232	2
pyi	64234	1
pyu	64235	2
qa 	64237	1
qab	64238	1
qal	64239	1
qan	64240	1
qaq	64241	1
qar	64242	2
qas	64244	2
qat	64246	1
qau	64247	1
qaw	64248	1
qay	64249	1
qch	64250	2
qen	64252	1
qes	64253	1
qet	64254	1
qi 	64255	1
qia	64256	8
qie	64264	1
qil	64265	1
qim	64266	1
qio	64267	1
qiu	64268	1
qom	64269	2
qot	64271	1
qsl	64272	1
qtu	64273	1
qua	64274	6
que	64280	61
qui	64341	41
quo	64382	2
qw 	64384	1
ra 	64385	205
raa	64590	2
rab	64592	50
rac	64642	7
rad	64649	10
rae	64659	4
raf	64663	4
rag	64667	20
rah	64687	17
rai	64704	18
raj	64722	10
rak	64732	29
ral	64761	70
ram	64831	40
ran	64871	100
rao	64971	10
rap	64981	16
raq	64997	2
rar	64999	18
ras	65017	21
rat	65038	35
rau	65073	9
rav	65082	8
raw	65090	23
ray	65113	15
raz	65128	7
rba	65135	12
rbe	65147	2
rbh	65149	1
rbi	65150	7
rbo	65157	2
rbr	65159	1
rbu	65160	1
rca	65161	1
rce	65162	1
rch	65163	4
rcl	65167	1
rco	65168	1
rd 	65169	10
rda	65179	6
rde	65185	5
rdh	65190	3
rdi	65193	21
rdj	65214	1
rdl	65215	1
rds	65216	1
rdu	65217	4
rdy	65221	1
re 	65222	88
rea	65310	7
reb	65317	12
rec	65329	1
red	65330	2
ree	65332	18
ref	65350	1
reg	65351	3
reh	65354	1
rei	65355	5
rej	65360	3
rek	65363	5
rel	65368	9
rem	65377	13
ren	65390	59
reo	65449	39
rep	65488	31
req	65519	2
rer	65521	12
res	65533	24
ret	65557	12
reu	65569	1
rev	65570	4
rew	65574	5
rey	65579	4
rez	65583	3
rfa	65586	1
rfo	65587	1
rfr	65588	1
rfs	65589	1
rga	65590	11
rge	65601	3
rgh	65604	3
rgi	65607	7
rgl	65614	1
rgo	65615	3
rgr	65618	1
rgu	65619	6
rgw	65625	1
rgy	65626	1
rha	65627	2
rhe	65629	1
rhi	65630	1
rho	65631	5
rhu	65636	1
rhw	65637	1
rhy	65638	1
ri 	65639	238
ria	65877	117
rib	65994	11
ric	66005	29
rid	66034	3
rie	66037	7
rif	66044	6
rig	66050	13
rih	66063	1
rij	66064	4
rik	66068	23
ril	66091	3
rim	66094	19
rin	66113	51
rio	66164	17
rip	66181	10
riq	66191	4
rir	66195	5
ris	66200	18
rit	66218	30
riu	66248	3
riv	66251	4
riw	66255	5
riy	66260	12
riz	66272	1
rja	66273	2
rji	66275	2
rju	66277	1
rk 	66278	2
rka	66280	7
rke	66287	1
rkh	66288	3
rki	66291	12
rkm	66303	1
rko	66304	2
rks	66306	1
rku	66307	2
rkw	66309	2
rky	66311	1
rl 	66312	1
rla	66313	10
rld	66323	1
rle	66324	1
rli	66325	7
rlm	66332	1
rlo	66333	1
rlp	66334	1
rlu	66335	2
rly	66337	1
rm 	66338	1
rma	66339	27
rmb	66366	3
rme	66369	9
rmi	66378	7
rmu	66385	3
rmy	66388	1
rn 	66389	283
rna	66672	12
rnd	66684	1
rne	66685	2
rng	66687	3
rni	66690	7
rnm	66697	1
rnn	66698	1
rno	66699	1
rnt	66700	2
ro 	66702	84
roa	66786	11
rob	66797	5
roc	66802	5
rod	66807	2
roe	66809	1
rof	66810	1
rog	66811	7
roh	66818	3
roi	66821	5
rok	66826	18
rol	66844	9
rom	66853	44
ron	66897	29
roo	66926	25
rop	66951	8
roq	66959	1
ror	66960	9
ros	66969	7
rot	66976	6
rou	66982	5
rov	66987	10
row	66997	6
roy	67003	2
rpa	67005	4
rph	67009	1
rpi	67010	3
rpu	67013	1
rqa	67014	1
rqu	67015	2
rr 	67017	6
rra	67023	34
rre	67057	12
rrg	67069	1
rri	67070	18
rrk	67088	1
rrn	67089	2
rro	67091	7
rrp	67098	3
rru	67101	9
rrw	67110	2
rs 	67112	3
rse	67115	1
rsh	67116	2
rsi	67118	12
rsk	67130	1
rsl	67131	1
rso	67132	3
rsu	67135	5
rt 	67140	7
rta	67147	6
rte	67153	4
rth	67157	119
rti	67276	9
rtl	67285	1
rto	67286	2
rts	67288	1
rtu	67289	7
ru 	67296	54
rua	67350	15
rub	67365	7
ruc	67372	4
rud	67376	7
rue	67383	1
ruf	67384	2
rug	67386	5
rui	67391	6
ruk	67397	11
rul	67408	3
rum	67411	31
run	67442	32
ruo	67474	1
rup	67475	4
rur	67479	2
rus	67481	14
rut	67495	11
ruu	67506	2
ruv	67508	2
ruw	67510	7
ruy	67517	1
ruz	67518	1
rva	67519	1
rwa	67520	15
rwe	67535	6
ry 	67541	6
rya	67547	10
ryg	67557	1
rym	67558	3
ryo	67561	1
rys	67562	1
ryt	67563	1
rza	67564	4
rze	67568	1
rzy	67569	1
sa 	67570	74
saa	67644	13
sab	67657	13
sac	67670	3
sad	67673	6
sae	67679	3
saf	67682	4
sag	67686	5
sah	67691	5
sai	67696	6
saj	67702	2
sak	67704	18
sal	67722	27
sam	67749	51
san	67800	97
sao	67897	2
sap	67899	10
sar	67909	42
sas	67951	4
sat	67955	6
sau	67961	12
sav	67973	3
saw	67976	10
sax	67986	5
say	67991	8
sba	67999	1
sbu	68000	1
sca	68001	9
sch	68010	6
sci	68016	1
sco	68017	20
scy	68037	1
sde	68038	1
se 	68039	106
sea	68145	3
seb	68148	5
sec	68153	2
sed	68155	5
see	68160	5
seg	68165	3
seh	68168	1
sei	68169	3
sek	68172	13
sel	68185	21
sem	68206	15
sen	68221	44
sep	68265	5
ser	68270	21
ses	68291	2
set	68293	9
sev	68302	1
sew	68303	1
sey	68304	2
sez	68306	1
sga	68307	2
sge	68309	1
sgu	68310	1
sh 	68311	105
sha	68416	49
shc	68465	1
she	68466	26
shi	68492	46
shk	68538	4
shm	68542	4
shn	68546	1
sho	68547	13
shq	68560	1
shr	68561	1
sht	68562	8
shu	68570	22
shw	68592	2
si 	68594	59
sia	68653	62
sib	68715	4
sic	68719	17
sid	68736	3
sie	68739	9
sig	68748	165
sih	68913	3
sii	68916	1
sik	68917	10
sil	68927	13
sim	68940	22
sin	68962	27
sio	68989	7
sip	68996	1
sir	68997	11
sis	69008	9
sit	69017	2
siu	69019	2
siv	69021	2
siw	69023	4
siy	69027	3
sk 	69030	2
ska	69032	10
ske	69042	4
ski	69046	3
sko	69049	7
skr	69056	3
sku	69059	2
skw	69061	1
sl 	69062	2
sla	69064	25
sli	69089	1
slo	69090	3
sma	69093	17
sme	69110	3
smi	69113	1
sna	69114	2
sne	69116	1
sng	69117	1
sni	69118	1
sno	69119	2
so 	69121	32
soa	69153	5
sob	69158	3
soc	69161	2
sog	69163	6
soh	69169	1
soi	69170	1
sok	69171	2
sol	69173	8
som	69181	7
son	69188	22
soo	69210	1
sop	69211	3
soq	69214	1
sor	69215	14
sos	69229	3
sot	69232	4
sou	69236	135
sow	69371	2
soy	69373	2
spa	69375	6
spe	69381	4
spi	69385	1
spo	69386	1
spu	69387	1
sqa	69388	2
squ	69390	3
sra	69393	4
sri	69397	3
ss 	69400	11
ssa	69411	27
sse	69438	6
ssi	69444	26
sso	69470	5
ssy	69475	2
st 	69477	56
sta	69533	27
ste	69560	143
sth	69703	6
sti	69709	7
sto	69716	6
stp	69722	1
str	69723	18
stu	69741	2
su 	69743	31
sua	69774	9
sub	69783	11
suc	69794	1
sud	69795	13
sue	69808	2
sug	69810	5
sui	69815	2
suk	69817	8
sul	69825	6
sum	69831	12
sun	69843	15
suo	69858	1
sup	69859	3
sur	69862	16
sus	69878	6
sut	69884	1
suu	69885	2
suv	69887	2
suw	69889	2
suy	69891	1
sva	69892	1
swa	69893	12
swe	69905	4
swi	69909	6
swo	69915	1
sy 	69916	13
sye	69929	2
syl	69931	2
sym	69933	1
syn	69934	1
syr	69935	3
ta 	69938	108
taa	70046	4
tab	70050	15
tac	70065	6
tad	70071	7
tae	70078	1
taf	70079	3
tag	70082	22
tah	70104	6
tai	70110	42
taj	70152	5
tak	70157	22
tal	70179	34
tam	70213	44
tan	70257	112
tao	70369	2
tap	70371	10
taq	70381	1
tar	70382	32
tas	70414	16
tat	70430	16
tau	70446	11
tav	70457	5
taw	70462	21
tax	70483	1
tay	70484	14
taz	70498	4
tba	70502	1
tbo	70503	2
tbu	70505	2
tca	70507	1
tch	70508	18
tco	70526	1
tdi	70527	1
te 	70528	78
tea	70606	2
teb	70608	4
tec	70612	153
ted	70765	2
tee	70767	3
tef	70770	1
teg	70771	3
teh	70774	4
tei	70778	2
tej	70780	1
tek	70781	12
tel	70793	9
tem	70802	20
ten	70822	29
teo	70851	5
tep	70856	55
ter	70911	167
tes	71078	15
tet	71093	8
teu	71101	1
tev	71102	2
tew	71104	3
tex	71107	3
tey	71110	2
tez	71112	1
tfa	71113	1
tga	71114	1
th 	71115	63
tha	71178	49
the	71227	166
thi	71393	22
thm	71415	5
tho	71420	7
thp	71427	1
thr	71428	1
thu	71429	10
thw	71439	28
ti 	71467	61
tia	71528	29
tib	71557	8
tic	71565	35
tid	71600	6
tie	71606	8
tif	71614	1
tig	71615	7
tii	71622	1
tij	71623	2
tik	71625	9
til	71634	10
tim	71644	11
tin	71655	29
tio	71684	5
tip	71689	4
tir	71693	7
tis	71700	10
tit	71710	12
tiv	71722	2
tiw	71724	5
tiy	71729	3
tj 	71732	2
tja	71734	7
tjm	71741	1
tjo	71742	2
tju	71744	3
tka	71747	1
tki	71748	1
tku	71749	1
tky	71750	1
tl 	71751	31
tla	71782	58
tli	71840	3
tlo	71843	1
tma	71844	2
tmu	71846	1
tna	71847	1
tne	71848	6
tng	71854	1
tni	71855	1
to 	71856	45
toa	71901	3
tob	71904	12
toc	71916	2
tod	71918	4
toe	71922	1
tof	71923	2
tog	71925	4
toh	71929	4
toj	71933	1
tok	71934	15
tol	71949	11
tom	71960	25
ton	71985	52
too	72037	3
top	72040	4
tor	72044	20
tos	72064	3
tot	72067	19
tou	72086	6
tov	72092	2
tow	72094	3
tpa	72097	1
tph	72098	1
tra	72099	75
tre	72174	6
tri	72180	24
tro	72204	2
tru	72206	3
try	72209	1
ts 	72210	15
tsa	72225	16
tsc	72241	2
tse	72243	7
tsh	72250	2
tsi	72252	12
tsk	72264	1
tso	72265	7
tsu	72272	7
tsw	72279	3
tsy	72282	1
tt 	72283	3
tta	72286	14
tte	72300	2
tti	72302	14
ttl	72316	1
tto	72317	8
ttu	72325	1
tty	72326	1
tu 	72327	44
tua	72371	6
tub	72377	7
tuc	72384	1
tud	72385	1
tug	72386	9
tuh	72395	1
tui	72396	2
tuj	72398	3
tuk	72401	14
tul	72415	11
tum	72426	15
tun	72441	28
tuo	72469	2
tup	72471	5
tur	72476	25
tus	72501	2
tut	72503	15
tuu	72518	1
tuv	72519	2
tuw	72521	4
tux	72525	2
tuy	72527	3
tvi	72530	3
twa	72533	4
twe	72537	2
twi	72539	2
txe	72541	2
txs	72543	1
ty 	72544	4
tya	72548	4
tye	72552	4
tyi	72556	2
tyu	72558	2
tz 	72560	4
tza	72564	4
tze	72568	2
tzi	72570	6
tzl	72576	1
tzo	72577	2
ua 	72579	144
uab	72723	2
uac	72725	9
uad	72734	4
uaf	72738	1
uag	72739	182
uah	72921	2
uai	72923	5
uaj	72928	4
uak	72932	2
ual	72934	13
uam	72947	10
uan	72957	73
uap	73030	1
uar	73031	24
uas	73055	7
uat	73062	42
uau	73104	6
uav	73110	6
uax	73116	2
uay	73118	8
uba	73126	32
ube	73158	8
ubi	73166	14
ubl	73180	26
ubo	73206	5
ubr	73211	1
ubt	73212	1
ubu	73213	9
uby	73222	1
uca	73223	18
ucc	73241	1
uce	73242	1
uch	73243	9
uci	73252	4
uco	73256	7
ucu	73263	5
ud 	73268	3
uda	73271	20
udb	73291	2
ude	73293	15
udh	73308	3
udi	73311	8
udm	73319	2
udo	73321	5
udt	73326	1
udu	73327	18
udz	73345	1
ue 	73346	25
uea	73371	1
ueb	73372	7
uec	73379	36
ueh	73415	2
uek	73417	1
uel	73418	8
uen	73426	6
ueo	73432	1
uer	73433	8
ues	73441	8
uet	73449	4
ueu	73453	1
uev	73454	1
uey	73455	1
uf 	73456	1
ufa	73457	1
ufi	73458	4
ufo	73462	13
ufr	73475	1
ufu	73476	1
ug 	73477	6
uga	73483	25
ugb	73508	3
uge	73511	5
ugg	73516	1
ugh	73517	6
ugi	73523	1
ugl	73524	2
ugo	73526	6
ugu	73532	29
ugw	73561	2
uh 	73563	4
uha	73567	2
uhe	73569	1
uhi	73570	4
uho	73574	1
uhu	73575	4
uhw	73579	1
uhy	73580	1
ui 	73581	35
uia	73616	11
uib	73627	4
uic	73631	13
uid	73644	2
uie	73646	3
uig	73649	2
uih	73651	3
uij	73654	1
uik	73655	2
uil	73657	8
uim	73665	2
uin	73667	47
uio	73714	2
uip	73716	1
uiq	73717	1
uir	73718	3
uis	73721	10
uit	73731	17
uiv	73748	1
uiy	73749	3
uiz	73752	1
uj 	73753	1
uja	73754	5
uje	73759	2
uji	73761	13
uju	73774	1
ujw	73775	1
uk 	73776	28
uka	73804	25
uke	73829	6
ukh	73835	8
uki	73843	16
ukn	73859	2
uko	73861	5
ukp	73866	6
ukr	73872	3
uks	73875	1
ukt	73876	3
uku	73879	42
ukw	73921	6
ul 	73927	19
ula	73946	48
ulb	73994	1
ulc	73995	1
uld	73996	7
ule	74003	15
ulf	74018	11
ulg	74029	6
uli	74035	25
ulk	74060	1
ull	74061	5
ulm	74066	2
uln	74068	3
ulo	74071	13
ult	74084	5
ulu	74089	40
ulw	74129	1
uly	74130	2
um 	74132	51
uma	74183	75
umb	74258	45
umc	74303	1
umd	74304	1
ume	74305	12
umh	74317	1
umi	74318	18
umj	74336	1
uml	74337	4
umn	74341	1
umo	74342	5
ump	74347	7
umr	74354	1
ums	74355	2
umt	74357	4
umu	74361	15
umw	74376	1
umy	74377	1
umz	74378	2
un 	74380	62
una	74442	46
unb	74488	1
unc	74489	3
und	74492	50
une	74542	13
ung	74555	129
unh	74684	1
uni	74685	26
unj	74711	8
unk	74719	4
unm	74723	1
unn	74724	2
uno	74726	5
uns	74731	6
unt	74737	8
unu	74745	16
unw	74761	2
uny	74763	7
unz	74770	3
uo 	74773	16
uoc	74789	1
uod	74790	1
uoj	74791	1
uol	74792	1
uon	74793	3
uop	74796	2
uor	74798	2
uot	74800	3
uoy	74803	1
up 	74804	9
upa	74813	12
upb	74825	1
upd	74826	1
upe	74827	3
uph	74830	1
upi	74831	14
upl	74845	1
upo	74846	2
upp	74848	12
upr	74860	1
ups	74861	1
upu	74862	3
upy	74865	1
uqe	74866	1
uqi	74867	1
uqu	74868	4
ur 	74872	32
ura	74904	58
urb	74962	1
urc	74963	2
urd	74965	9
ure	74974	17
urg	74991	5
urh	74996	1
uri	74997	92
urj	75089	2
urk	75091	14
url	75105	1
urm	75106	11
urn	75117	4
uro	75121	12
urr	75133	15
urs	75148	2
urt	75150	4
uru	75154	73
ury	75227	1
us 	75228	17
usa	75245	21
usc	75266	4
use	75270	6
usg	75276	1
ush	75277	18
usi	75295	15
usk	75310	3
usl	75313	3
usn	75316	1
uso	75317	5
usp	75322	1
usq	75323	1
uss	75324	11
ust	75335	12
usu	75347	17
usw	75364	1
usy	75365	1
ut 	75366	36
uta	75402	14
utb	75416	1
utc	75417	9
utd	75426	1
ute	75427	11
uth	75438	136
uti	75574	5
utl	75579	6
utm	75585	1
utn	75586	1
uto	75587	6
utr	75593	1
uts	75594	3
utt	75597	3
utu	75600	22
uty	75622	2
utz	75624	1
uu 	75625	7
uug	75632	1
uuk	75633	4
uul	75637	1
uum	75638	2
uun	75640	6
uup	75646	1
uva	75647	9
uvb	75656	1
uve	75657	2
uvi	75659	4
uvl	75663	1
uvo	75664	1
uvu	75665	1
uw 	75666	2
uwa	75668	42
uwe	75710	5
uwi	75715	3
uwo	75718	2
uws	75720	2
uwu	75722	1
uxa	75723	1
uxe	75724	1
uxi	75725	4
uxt	75729	2
uy 	75731	1
uya	75732	26
uye	75758	4
uyg	75762	1
uyh	75763	1
uyi	75764	2
uyn	75766	2
uyo	75768	7
uyu	75775	11
uz 	75786	3
uza	75789	3
uzb	75792	4
uze	75796	2
uzg	75798	3
uzi	75801	2
uzl	75803	1
uzo	75804	2
uǀ 	75806	1
va 	75807	15
vaa	75822	1
vac	75823	2
vad	75825	4
vaf	75829	1
vag	75830	3
vai	75833	3
vaj	75836	1
vak	75837	5
val	75842	19
vam	75861	2
van	75863	27
vao	75890	1
vap	75891	1
var	75892	10
vas	75902	4
vat	75906	5
vau	75911	1
vaw	75912	1
vbe	75913	1
vbi	75914	2
vda	75916	1
ve 	75917	17
vea	75934	2
vec	75936	1
ved	75937	4
veh	75941	3
vej	75944	1
vek	75945	2
vel	75947	4
vem	75951	1
ven	75952	13
vep	75965	1
ver	75966	9
ves	75975	2
vet	75977	2
vey	75979	2
vi 	75981	11
via	75992	21
vic	76013	5
vid	76018	11
vie	76029	4
vik	76033	1
vil	76034	6
vim	76040	1
vin	76041	15
vir	76056	4
vis	76060	4
vit	76064	5
viy	76069	1
vla	76070	3
vle	76073	1
vo 	76074	2
voa	76076	1
vod	76077	1
voi	76078	4
vok	76082	3
vol	76085	2
vom	76087	1
von	76088	4
vor	76092	3
vos	76095	2
vot	76097	2
voy	76099	1
vra	76100	1
vre	76101	1
vri	76102	1
vsk	76103	1
vu 	76104	5
vub	76109	1
vuk	76110	2
vul	76112	3
vum	76115	1
vun	76116	2
vur	76118	1
vut	76119	2
vvi	76121	1
vwa	76122	1
vyt	76123	1
wa 	76124	141
waa	76265	7
wab	76272	8
wac	76280	4
wad	76284	13
wae	76297	1
waf	76298	1
wag	76299	9
wah	76308	14
wai	76322	33
waj	76355	4
wak	76359	20
wal	76379	46
wam	76425	25
wan	76450	82
wao	76532	1
wap	76533	7
waq	76540	1
war	76541	68
was	76609	13
wat	76622	26
wau	76648	5
wav	76653	1
waw	76654	6
wax	76660	1
way	76661	15
waz	76676	2
wba	76678	1
wbo	76679	1
wbu	76680	2
wch	76682	1
wdm	76683	1
we 	76684	45
wed	76729	6
wee	76735	2
weg	76737	6
weh	76743	1
wei	76744	3
wej	76747	2
wel	76749	13
wem	76762	4
wen	76766	13
wer	76779	29
wes	76808	105
wet	76913	4
weu	76917	1
wew	76918	2
wey	76920	2
wez	76922	1
wha	76923	1
whi	76924	3
wi 	76927	22
wia	76949	6
wic	76955	6
wij	76961	1
wik	76962	9
wil	76971	6
wim	76977	2
win	76979	11
wip	76990	1
wir	76991	5
wis	76996	13
wit	77009	4
wix	77013	1
wiy	77014	3
wji	77017	1
wk 	77018	1
wkn	77019	1
wla	77020	7
wli	77027	2
wm 	77029	1
wn 	77030	2
wne	77032	2
wng	77034	3
wo 	77037	16
woc	77053	1
wog	77054	3
woi	77057	6
woj	77063	1
wok	77064	7
wol	77071	9
wom	77080	6
won	77086	6
woo	77092	5
wor	77097	8
wot	77105	4
wou	77109	1
woy	77110	2
wr 	77112	1
wri	77113	2
wro	77115	2
ws 	77117	2
wtu	77119	1
wu 	77120	5
wua	77125	1
wud	77126	2
wuj	77128	1
wul	77129	4
wum	77133	6
wun	77139	8
wur	77147	10
wus	77157	3
wut	77160	3
wuv	77163	1
wuz	77164	1
wwa	77165	1
wya	77166	2
wyi	77168	1
wym	77169	1
wyu	77170	6
xa 	77176	2
xaa	77178	1
xac	77179	4
xad	77183	1
xak	77184	2
xal	77186	1
xam	77187	3
xan	77190	3
xar	77193	3
xav	77196	1
xca	77197	4
xe 	77201	9
xed	77210	2
xeg	77212	1
xel	77213	1
xem	77214	1
xer	77215	1
xet	77216	2
xho	77218	1
xi 	77219	8
xia	77227	8
xib	77235	1
xic	77236	6
xil	77242	3
xin	77245	3
xio	77248	1
xip	77249	1
xir	77250	2
xis	77252	2
xit	77254	1
xka	77255	1
xme	77256	1
xo 	77257	3
xoc	77260	2
xoe	77262	1
xok	77263	1
xon	77264	4
xoo	77268	1
xsa	77269	1
xta	77270	1
xte	77271	56
xtl	77327	5
xtr	77332	1
xui	77333	1
xuk	77334	1
xum	77335	1
xwe	77336	2
xwl	77338	2
ya 	77340	119
yaa	77459	4
yab	77463	11
yac	77474	2
yad	77476	2
yae	77478	1
yaf	77479	1
yag	77480	12
yah	77492	13
yai	77505	1
yaj	77506	1
yak	77507	25
yal	77532	33
yam	77565	33
yan	77598	107
yao	77705	4
yap	77709	8
yaq	77717	2
yar	77719	22
yas	77741	6
yat	77747	9
yau	77756	9
yav	77765	3
yaw	77768	18
yax	77786	1
yay	77787	4
yaz	77791	1
yba	77792	1
ybu	77793	1
yce	77794	1
ych	77795	1
yci	77796	1
yda	77797	1
ydi	77798	1
ye 	77799	16
yec	77815	1
yed	77816	1
yee	77817	1
yeg	77818	1
yeh	77819	1
yei	77820	3
yek	77823	3
yel	77826	8
yem	77834	8
yen	77842	12
yep	77854	1
yeq	77855	1
yer	77856	11
yes	77867	2
yet	77869	1
yeu	77870	1
yev	77871	2
yew	77873	1
yey	77874	1
ygh	77875	2
ygi	77877	3
ygo	77880	1
yhu	77881	1
yi 	77882	35
yia	77917	2
yic	77919	1
yid	77920	6
yig	77926	1
yih	77927	2
yik	77929	4
yil	77933	3
yim	77936	4
yin	77940	19
yip	77959	1
yir	77960	5
yis	77965	2
yit	77967	1
yiv	77968	1
yiw	77969	1
yiy	77970	1
yiz	77971	2
yj 	77973	1
yji	77974	1
yk 	77975	2
ykh	77977	1
yla	77978	1
yle	77979	1
ylh	77980	1
yll	77981	1
ylo	77982	1
ylv	77983	1
ym 	77984	3
yma	77987	4
ymb	77991	1
ymc	77992	1
ymi	77993	1
ymy	77994	1
yn 	77995	3
yna	77998	1
yne	77999	2
yng	78001	3
yno	78004	3
yo 	78007	34
yoa	78041	1
yob	78042	3
yoc	78045	1
yod	78046	1
yog	78047	3
yoi	78050	1
yoj	78051	1
yok	78052	6
yol	78058	6
yom	78064	5
yon	78069	11
yop	78080	1
yoq	78081	1
yor	78082	11
yos	78093	3
yot	78096	5
you	78101	4
yoy	78105	2
ypa	78107	1
yph	78108	2
ypr	78110	2
ypt	78112	4
yra	78116	2
yrg	78118	1
yri	78119	5
ys 	78124	1
yse	78125	1
ysh	78126	1
ysi	78127	4
yso	78131	1
yst	78132	1
yta	78133	6
yte	78139	2
yth	78141	1
ytj	78142	1
yto	78143	1
yts	78144	1
ytt	78145	1
yu 	78146	24
yua	78170	2
yub	78172	1
yuc	78173	8
yue	78181	1
yug	78182	10
yuh	78192	6
yui	78198	1
yuk	78199	7
yul	78206	4
yum	78210	2
yun	78212	5
yup	78217	6
yuq	78223	1
yur	78224	9
yus	78233	2
yut	78235	5
yuu	78240	1
yuw	78241	3
yuy	78244	1
yvi	78245	1
ywa	78246	2
ywo	78248	1
yya	78249	2
yyi	78251	1
yz 	78252	1
za 	78253	25
zaa	78278	2
zab	78280	4
zac	78284	4
zad	78288	2
zag	78290	3
zah	78293	2
zai	78295	1
zaj	78296	1
zak	78297	5
zal	78302	5
zam	78307	8
zan	78315	25
zao	78340	2
zap	78342	62
zar	78404	10
zas	78414	1
zat	78415	10
zau	78425	2
zay	78427	4
zaz	78431	2
zbe	78433	4
ze 	78437	3
zea	78440	1
zec	78441	3
zee	78444	2
zeh	78446	1
zek	78447	2
zel	78449	1
zem	78450	3
zen	78453	5
zer	78458	7
zfu	78465	1
zgh	78466	1
zgo	78467	3
zgu	78470	1
zha	78471	4
zhe	78475	1
zhi	78476	2
zho	78478	4
zht	78482	1
zhu	78483	18
zi 	78501	16
zia	78517	3
zib	78520	1
zic	78521	1
zid	78522	1
zie	78523	1
zig	78524	8
zih	78532	2
zii	78534	1
zik	78535	1
zil	78536	6
zim	78542	6
zin	78548	7
zir	78555	2
zis	78557	1
ziz	78558	1
zla	78559	1
zli	78560	1
zmi	78561	1
zna	78562	1
zno	78563	1
zo 	78564	13
zoa	78577	1
zok	78578	1
zol	78579	2
zom	78581	1
zon	78582	6
zoo	78588	1
zoq	78589	5
zor	78594	2
zos	78596	1
zot	78597	2
zou	78599	3
zoy	78602	2
zqu	78604	1
zrr	78605	1
zu 	78606	3
zub	78609	1
zue	78610	1
zuk	78611	1
zul	78612	4
zum	78616	4
zun	78620	2
zuo	78622	1
zuu	78623	1
zwa	78624	2
zya	78626	1
zyp	78627	1
zyr	78628	1
zza	78629	1
zzi	78630	1
ǀgw	78631	1
ǀxa	78632	1
ǁan	78633	1
ǁga	78634	1
ǁng	78635	1
ǁom	78636	1
ǁxe	78637	1
ǂhu	78638	1
ǂun	78639	1
ǃxo	78640	1
ɓog	78641	1
